occupation,count,share,cumulative_share,ksco_major_code,ksco_major_label,rule_hit,needs_review
무직,367349,0.367349,0.367349,unemployed,무직/비경제활동,exact,yes
건물 청소원,18253,0.018253,0.385602,9,단순노무 종사자,contains:청소,yes
건물 경비원,17473,0.017473,0.403075,9,단순노무 종사자,contains:경비원,yes
경리 사무원,16146,0.016146,0.419221,3,사무 종사자,suffix:사무원,yes
사무 보조원,13630,0.01363,0.432851,3,사무 종사자,exact,yes
전화 상담원,11211,0.011211,0.444062,4,서비스 종사자,contains:상담원,yes
시설 경비원,10897,0.010897,0.454959,9,단순노무 종사자,contains:경비원,yes
일반 비서,10895,0.010895,0.465854,3,사무 종사자,suffix:비서,yes
하역 및 적재 관련 단순 종사원,9160,0.00916,0.475014,9,단순노무 종사자,contains:단순,yes
한식 조리사,8566,0.008566,0.48358,4,서비스 종사자,contains:조리사,yes
그 외 일반 영업원,8199,0.008199,0.491779,5,판매 종사자,contains:영업,yes
주방 보조원,7542,0.007542,0.499321,3,사무 종사자,suffix:보조원,yes
지게차 운전원,7382,0.007382,0.506703,8,장치·기계 조작 및 조립 종사자,contains:운전원,yes
회계 사무원,7250,0.00725,0.513953,3,사무 종사자,suffix:사무원,yes
마케팅 전문가,7226,0.007226,0.521179,2,전문가 및 관련 종사자,suffix:전문가,yes
산업 안전원,6607,0.006607,0.527786,2,전문가 및 관련 종사자,exact,yes
교육 및 훈련 사무원,6138,0.006138,0.533924,3,사무 종사자,suffix:사무원,yes
그 외 서비스 관련 단순 종사원,5947,0.005947,0.539871,4,서비스 종사자,contains:서비스,yes
경영 기획 사무원,5940,0.00594,0.545811,3,사무 종사자,suffix:사무원,yes
그 외 상점 판매원,5702,0.005702,0.551513,5,판매 종사자,contains:판매,yes
보육교사,5529,0.005529,0.557042,2,전문가 및 관련 종사자,suffix:교사,yes
음식 서비스 종사원,5332,0.005332,0.562374,4,서비스 종사자,contains:서비스,yes
철도운송 관련 종사원,5259,0.005259,0.567633,8,장치·기계 조작 및 조립 종사자,contains:철도,yes
온라인 쇼핑 판매원,4998,0.004998,0.572631,5,판매 종사자,contains:판매,yes
그 외 법률 관련 사무원,4700,0.0047,0.577331,3,사무 종사자,suffix:사무원,yes
소규모 상점 경영자,4694,0.004694,0.582025,1,관리자,contains:경영자,yes
그 외 기능 관련 종사원,4618,0.004618,0.586643,7,기능원 및 관련 기능 종사자,exact,yes
유치원 교사,4550,0.00455,0.591193,2,전문가 및 관련 종사자,suffix:교사,yes
노점 및 이동 판매원,4501,0.004501,0.595694,5,판매 종사자,contains:판매,yes
경·소형 화물차 운전원,4401,0.004401,0.600095,8,장치·기계 조작 및 조립 종사자,contains:운전원,yes
기업 고위 임원,4326,0.004326,0.604421,1,관리자,exact,yes
승용차 및 승합차 운전원,4113,0.004113,0.608534,8,장치·기계 조작 및 조립 종사자,contains:운전원,yes
경영 컨설턴트,3853,0.003853,0.612387,2,전문가 및 관련 종사자,contains:컨설턴트,yes
생산관리 사무원,3745,0.003745,0.616132,3,사무 종사자,suffix:사무원,yes
그 외 하역 및 적재 단순 종사원,3657,0.003657,0.619789,9,단순노무 종사자,contains:단순,yes
자재 관리 사무원,3605,0.003605,0.623394,3,사무 종사자,suffix:사무원,yes
영업 관리 사무원,3509,0.003509,0.626903,3,사무 종사자,suffix:사무원,yes
관리 비서,3466,0.003466,0.630369,3,사무 종사자,suffix:비서,yes
조사 전문가,3387,0.003387,0.633756,2,전문가 및 관련 종사자,suffix:전문가,yes
품질 관리 사무원,3342,0.003342,0.637098,3,사무 종사자,suffix:사무원,yes
국가행정 사무원,3261,0.003261,0.640359,3,사무 종사자,suffix:사무원,yes
전기 용접원,3236,0.003236,0.643595,7,기능원 및 관련 기능 종사자,contains:용접,yes
식품 영업원,2999,0.002999,0.646594,5,판매 종사자,contains:영업,yes
범용 소프트웨어 프로그래머,2929,0.002929,0.649523,2,전문가 및 관련 종사자,exact,yes
지방행정 사무원,2882,0.002882,0.652405,3,사무 종사자,suffix:사무원,yes
상담 전문가,2786,0.002786,0.655191,2,전문가 및 관련 종사자,suffix:전문가,yes
상품 기획자,2732,0.002732,0.657923,2,전문가 및 관련 종사자,exact,yes
공공행정 사무원,2679,0.002679,0.660602,3,사무 종사자,suffix:사무원,yes
총무 사무원,2656,0.002656,0.663258,3,사무 종사자,suffix:사무원,yes
음료 서비스 종사원,2572,0.002572,0.66583,4,서비스 종사자,contains:서비스,yes
건물 내 전기 설치 및 정비원,2548,0.002548,0.668378,7,기능원 및 관련 기능 종사자,contains:설치,yes
그 외 돌봄 및 보건 서비스 종사원,2538,0.002538,0.670916,4,서비스 종사자,contains:서비스,yes
일반 간호사,2483,0.002483,0.673399,2,전문가 및 관련 종사자,suffix:간호사,yes
일식 조리사,2429,0.002429,0.675828,4,서비스 종사자,contains:조리사,yes
학습지 방문강사,2389,0.002389,0.678217,2,전문가 및 관련 종사자,suffix:강사,yes
금형원,2344,0.002344,0.680561,7,기능원 및 관련 기능 종사자,contains:금형,yes
단말기 및 통신 서비스 판매원,2268,0.002268,0.682829,4,서비스 종사자,contains:서비스,yes
간호조무사,2261,0.002261,0.68509,2,전문가 및 관련 종사자,exact,yes
그 외 물품 이동 장비 조작원,2202,0.002202,0.687292,8,장치·기계 조작 및 조립 종사자,contains:물품 이동 장비,yes
건설 단순 종사원,2171,0.002171,0.689463,7,기능원 및 관련 기능 종사자,contains:건설,yes
강구조물 건립원,2154,0.002154,0.691617,7,기능원 및 관련 기능 종사자,contains:건립,yes
중식 조리사,2112,0.002112,0.693729,4,서비스 종사자,contains:조리사,yes
정보 시스템 운영자,2097,0.002097,0.695826,2,전문가 및 관련 종사자,exact,yes
병무행정 사무원,2035,0.002035,0.697861,3,사무 종사자,suffix:사무원,yes
출판 및 자료편집 사무원,2010,0.00201,0.699871,3,사무 종사자,suffix:사무원,yes
광고 전문가,1985,0.001985,0.701856,2,전문가 및 관련 종사자,suffix:전문가,yes
그 외 택배원,1984,0.001984,0.70384,8,장치·기계 조작 및 조립 종사자,contains:택배,yes
상·하수 배관공,1968,0.001968,0.705808,7,기능원 및 관련 기능 종사자,contains:배관,yes
육군 부사관,1915,0.001915,0.707723,A,군인,exact,yes
우편집배원,1915,0.001915,0.709638,8,장치·기계 조작 및 조립 종사자,exact,yes
관세행정 사무원,1911,0.001911,0.711549,3,사무 종사자,suffix:사무원,yes
가사 도우미,1909,0.001909,0.713458,4,서비스 종사자,exact,yes
노인 및 장애인 돌봄 서비스 종사원,1906,0.001906,0.715364,4,서비스 종사자,contains:서비스,yes
보육 관련 시설 서비스 종사원,1863,0.001863,0.717227,4,서비스 종사자,contains:서비스,yes
데이터 분석가,1817,0.001817,0.719044,2,전문가 및 관련 종사자,contains:분석가,yes
수동 포장원,1779,0.001779,0.720823,9,단순노무 종사자,contains:포장,yes
텔레마케터,1736,0.001736,0.722559,5,판매 종사자,exact,yes
전기 감리 기술자 및 연구원,1699,0.001699,0.724258,2,전문가 및 관련 종사자,suffix:연구원,yes
운송장비 청소원,1691,0.001691,0.725949,9,단순노무 종사자,contains:청소,yes
119 구조대원,1661,0.001661,0.72761,4,서비스 종사자,contains:구조대원,yes
그 외 기획 및 마케팅 사무원,1635,0.001635,0.729245,3,사무 종사자,suffix:사무원,yes
사회복지사,1634,0.001634,0.730879,4,서비스 종사자,contains:사회복지,yes
플랜트공학 기술자 및 연구원,1569,0.001569,0.732448,2,전문가 및 관련 종사자,suffix:연구원,yes
그 외 조리사,1565,0.001565,0.734013,4,서비스 종사자,contains:조리사,yes
그 외 전기·전자기기 설치 및 수리원,1517,0.001517,0.73553,7,기능원 및 관련 기능 종사자,contains:설치,yes
조세행정 사무원,1500,0.0015,0.73703,3,사무 종사자,suffix:사무원,yes
바텐더,1485,0.001485,0.738515,4,서비스 종사자,exact,yes
인사 및 노무 사무원,1478,0.001478,0.739993,3,사무 종사자,suffix:사무원,yes
통계 사무원,1474,0.001474,0.741467,3,사무 종사자,suffix:사무원,yes
육군 장교,1461,0.001461,0.742928,A,군인,exact,yes
대형 화물차 운전원,1451,0.001451,0.744379,8,장치·기계 조작 및 조립 종사자,contains:운전원,yes
법무 사무원,1442,0.001442,0.745821,3,사무 종사자,suffix:사무원,yes
화장품 판매원,1407,0.001407,0.747228,5,판매 종사자,contains:판매,yes
용접기 조작원,1406,0.001406,0.748634,8,장치·기계 조작 및 조립 종사자,contains:조작원,yes
그 외 기계 조작원,1356,0.001356,0.74999,8,장치·기계 조작 및 조립 종사자,contains:조작원,yes
치과위생사,1355,0.001355,0.751345,2,전문가 및 관련 종사자,exact,yes
시내버스 운전원,1335,0.001335,0.75268,8,장치·기계 조작 및 조립 종사자,contains:운전원,yes
특허 사무원,1324,0.001324,0.754004,3,사무 종사자,suffix:사무원,yes
영업 관련 관리자,1316,0.001316,0.75532,1,관리자,contains:관리자,yes
산업용로봇 조작원,1308,0.001308,0.756628,8,장치·기계 조작 및 조립 종사자,contains:조작원,yes
냉난방·공조공학 기술자 및 연구원,1290,0.00129,0.757918,2,전문가 및 관련 종사자,suffix:연구원,yes
요양 보호사,1287,0.001287,0.759205,4,서비스 종사자,contains:요양,yes
그 외 기계공학 기술자 및 연구원,1251,0.001251,0.760456,2,전문가 및 관련 종사자,suffix:연구원,yes
그 외 제품 디자이너,1213,0.001213,0.761669,2,전문가 및 관련 종사자,exact,yes
정보 보안 전문가,1212,0.001212,0.762881,2,전문가 및 관련 종사자,suffix:전문가,yes
철도운송 사무원,1205,0.001205,0.764086,3,사무 종사자,suffix:사무원,yes
통신장비 기사,1200,0.0012,0.765286,2,전문가 및 관련 종사자,suffix:기사,yes
그 외 금융 사무원,1198,0.001198,0.766484,3,사무 종사자,suffix:사무원,yes
변호사,1197,0.001197,0.767681,2,전문가 및 관련 종사자,suffix:변호사,yes
그 외 제조 관련 단순 종사원,1192,0.001192,0.768873,9,단순노무 종사자,contains:단순,yes
위험 관리원,1179,0.001179,0.770052,2,전문가 및 관련 종사자,exact,yes
그 외 자동차 운전원,1176,0.001176,0.771228,8,장치·기계 조작 및 조립 종사자,contains:운전원,yes
농업 단순 종사원,1173,0.001173,0.772401,6,농림·어업 숙련 종사자,contains:농업,yes
주차 관리원,1163,0.001163,0.773564,2,전문가 및 관련 종사자,suffix:관리원,yes
매장 정리원,1157,0.001157,0.774721,5,판매 종사자,exact,yes
자동 조립라인 조작원,1151,0.001151,0.775872,8,장치·기계 조작 및 조립 종사자,contains:조작원,yes
중형 화물차 운전원,1146,0.001146,0.777018,8,장치·기계 조작 및 조립 종사자,contains:운전원,yes
일반 경찰관 및 수사관,1124,0.001124,0.778142,4,서비스 종사자,contains:경찰,yes
해외 영업원,1117,0.001117,0.779259,5,판매 종사자,contains:영업,yes
가스 배관공,1110,0.00111,0.780369,7,기능원 및 관련 기능 종사자,contains:배관,yes
전자제품 개발 기술자 및 연구원,1108,0.001108,0.781477,2,전문가 및 관련 종사자,suffix:연구원,yes
그 외 전기공학 기술자 및 연구원,1090,0.00109,0.782567,2,전문가 및 관련 종사자,suffix:연구원,yes
공공행정 전문가,1073,0.001073,0.78364,2,전문가 및 관련 종사자,suffix:전문가,yes
철도교통 관제사,1059,0.001059,0.784699,8,장치·기계 조작 및 조립 종사자,contains:철도,yes
농수산물 중개인 및 경매사,1057,0.001057,0.785756,5,판매 종사자,contains:중개인,yes
판금원,1045,0.001045,0.786801,7,기능원 및 관련 기능 종사자,exact,yes
예약 및 접수 사무원,1043,0.001043,0.787844,3,사무 종사자,suffix:사무원,yes
철로 설치원,1039,0.001039,0.788883,7,기능원 및 관련 기능 종사자,contains:설치,yes
데이터 설계 및 프로그래머,1033,0.001033,0.789916,2,전문가 및 관련 종사자,suffix:프로그래머,yes
산불 감시원,995,0.000995,0.790911,other,기타/검토,no_rule,yes
냉난방기 관련 설비 조작원,994,0.000994,0.791905,8,장치·기계 조작 및 조립 종사자,contains:조작원,yes
프레스기 및 절단기 조작원,990,0.00099,0.792895,8,장치·기계 조작 및 조립 종사자,contains:조작원,yes
가스 점검원,984,0.000984,0.793879,7,기능원 및 관련 기능 종사자,exact,yes
그 외 음식 서비스 종사원,970,0.00097,0.794849,4,서비스 종사자,contains:서비스,yes
검표원,969,0.000969,0.795818,4,서비스 종사자,exact,yes
토목 제도사,964,0.000964,0.796782,7,기능원 및 관련 기능 종사자,contains:제도사,yes
도로운송 사무원,955,0.000955,0.797737,3,사무 종사자,suffix:사무원,yes
회계사,949,0.000949,0.798686,2,전문가 및 관련 종사자,suffix:회계사,yes
고속철 기관사,947,0.000947,0.799633,8,장치·기계 조작 및 조립 종사자,exact,yes
웹 운영자,936,0.000936,0.800569,2,전문가 및 관련 종사자,suffix:운영자,yes
모바일 애플리케이션 프로그래머,928,0.000928,0.801497,2,전문가 및 관련 종사자,exact,yes
양식 조리사,926,0.000926,0.802423,4,서비스 종사자,contains:조리사,yes
철도 기관사,872,0.000872,0.803295,8,장치·기계 조작 및 조립 종사자,contains:기관사,yes
방문 고객 상담원,851,0.000851,0.804146,4,서비스 종사자,contains:상담원,yes
컴퓨터 설치 및 수리원,850,0.00085,0.804996,7,기능원 및 관련 기능 종사자,contains:설치,yes
택배원,848,0.000848,0.805844,8,장치·기계 조작 및 조립 종사자,contains:택배,yes
전문 간호사,843,0.000843,0.806687,2,전문가 및 관련 종사자,suffix:간호사,yes
보험 사무원,823,0.000823,0.80751,3,사무 종사자,suffix:사무원,yes
약사,810,0.00081,0.80832,2,전문가 및 관련 종사자,suffix:약사,yes
데이터 관리 및 운영자,809,0.000809,0.809129,2,전문가 및 관련 종사자,suffix:운영자,yes
그 외 철도 및 전동차 기관사,808,0.000808,0.809937,8,장치·기계 조작 및 조립 종사자,contains:기관사,yes
휠체어 리프트 설치 및 정비원,808,0.000808,0.810745,7,기능원 및 관련 기능 종사자,contains:설치,yes
배전반 조작원,807,0.000807,0.811552,8,장치·기계 조작 및 조립 종사자,contains:조작원,yes
기업 대표이사,799,0.000799,0.812351,1,관리자,contains:대표,yes
의류 판매원,790,0.00079,0.813141,5,판매 종사자,contains:판매,yes
관광버스 운전원,787,0.000787,0.813928,8,장치·기계 조작 및 조립 종사자,contains:운전원,yes
석유화학 기술자 및 연구원,782,0.000782,0.81471,2,전문가 및 관련 종사자,suffix:연구원,yes
행사 및 홍보 도우미,778,0.000778,0.815488,4,서비스 종사자,exact,yes
웹 프로그래머,778,0.000778,0.816266,2,전문가 및 관련 종사자,exact,yes
음식료품 판매원,776,0.000776,0.817042,5,판매 종사자,contains:판매,yes
대출 모집인,776,0.000776,0.817818,5,판매 종사자,contains:모집인,yes
시스템 소프트웨어 설계 및 분석가,770,0.00077,0.818588,2,전문가 및 관련 종사자,contains:설계,yes
그 외 화물차 및 특수차 운전원,766,0.000766,0.819354,8,장치·기계 조작 및 조립 종사자,contains:운전원,yes
소규모 상점 일선 관리 종사원,760,0.00076,0.820114,other,기타/검토,no_rule,yes
여행 사무원,759,0.000759,0.820873,3,사무 종사자,suffix:사무원,yes
"전직 건물 경비원, 현재 구직중",758,0.000758,0.821631,unemployed,무직/비경제활동,contains:구직중,yes
그 외 교육 전문가,753,0.000753,0.822384,2,전문가 및 관련 종사자,suffix:전문가,yes
정육가공원,753,0.000753,0.823137,7,기능원 및 관련 기능 종사자,contains:가공,yes
출납 창구 사무원,753,0.000753,0.82389,3,사무 종사자,suffix:사무원,yes
그 외 배달원,742,0.000742,0.824632,8,장치·기계 조작 및 조립 종사자,contains:배달,yes
"전직 건물 청소원, 현재 구직중",732,0.000732,0.825364,unemployed,무직/비경제활동,contains:구직중,yes
전동차 기관사,723,0.000723,0.826087,8,장치·기계 조작 및 조립 종사자,exact,yes
부동산 중개사,714,0.000714,0.826801,5,판매 종사자,contains:중개사,yes
그 외 판매 관련 단순 종사원,702,0.000702,0.827503,5,판매 종사자,contains:판매,yes
머시닝센터 조작원,701,0.000701,0.828204,8,장치·기계 조작 및 조립 종사자,contains:조작원,yes
자동차공학 기술자 및 연구원,700,0.0007,0.828904,2,전문가 및 관련 종사자,suffix:연구원,yes
그 외 화학제품 생산기 조작원,698,0.000698,0.829602,8,장치·기계 조작 및 조립 종사자,contains:조작원,yes
그 외 건설·전기 및 생산 관련 관리자,698,0.000698,0.8303,1,관리자,contains:관리자,yes
음식 배달원,689,0.000689,0.830989,8,장치·기계 조작 및 조립 종사자,contains:배달,yes
금속 세척기 조작원,685,0.000685,0.831674,8,장치·기계 조작 및 조립 종사자,contains:조작원,yes
부동산 감정 전문가,680,0.00068,0.832354,2,전문가 및 관련 종사자,suffix:전문가,yes
크레인 운전원,674,0.000674,0.833028,8,장치·기계 조작 및 조립 종사자,contains:운전원,yes
간병인,662,0.000662,0.83369,4,서비스 종사자,contains:간병,yes
금속공학 기술자 및 연구원,661,0.000661,0.834351,2,전문가 및 관련 종사자,suffix:연구원,yes
청소년 지도사,655,0.000655,0.835006,9,단순노무 종사자,contains:청소,yes
금속제품 도장기 조작원,651,0.000651,0.835657,8,장치·기계 조작 및 조립 종사자,contains:조작원,yes
그 외 건축 마감 관련 기능 종사원,647,0.000647,0.836304,7,기능원 및 관련 기능 종사자,exact,yes
그 외 시설 및 특수 경비원,642,0.000642,0.836946,9,단순노무 종사자,contains:경비원,yes
실업 교사,636,0.000636,0.837582,2,전문가 및 관련 종사자,suffix:교사,yes
네트워크 시스템 개발자,629,0.000629,0.838211,2,전문가 및 관련 종사자,contains:개발,yes
"전직 경리 사무원, 현재 구직중",626,0.000626,0.838837,unemployed,무직/비경제활동,contains:구직중,yes
입학 사정관,622,0.000622,0.839459,2,전문가 및 관련 종사자,exact,yes
소방시설 공사 기술자 및 연구원,621,0.000621,0.84008,2,전문가 및 관련 종사자,suffix:연구원,yes
가스 용접원,620,0.00062,0.8407,7,기능원 및 관련 기능 종사자,contains:용접,yes
로봇공학 기술자 및 연구원,618,0.000618,0.841318,2,전문가 및 관련 종사자,suffix:연구원,yes
커피 조리사,610,0.00061,0.841928,4,서비스 종사자,contains:조리사,yes
미디어 콘텐츠 창작자,608,0.000608,0.842536,2,전문가 및 관련 종사자,contains:미디어 콘텐츠 창작자,yes
매장 계산원,607,0.000607,0.843143,5,판매 종사자,exact,yes
농업용 기계장비 기술 영업원,600,0.0006,0.843743,5,판매 종사자,contains:영업,yes
데스크 안내원,600,0.0006,0.844343,4,서비스 종사자,contains:안내원,yes
판매 사무원,599,0.000599,0.844942,3,사무 종사자,suffix:사무원,yes
그 외 기계장비 설치 및 정비원,599,0.000599,0.845541,7,기능원 및 관련 기능 종사자,contains:설치,yes
총무 및 인사 관리자,595,0.000595,0.846136,1,관리자,contains:관리자,yes
엘리베이터 설치 및 정비원,595,0.000595,0.846731,7,기능원 및 관련 기능 종사자,contains:설치,yes
반도체공학 기술자 및 연구원,586,0.000586,0.847317,2,전문가 및 관련 종사자,suffix:연구원,yes
화학물 가열 처리 장치 조작원,585,0.000585,0.847902,8,장치·기계 조작 및 조립 종사자,contains:조작원,yes
자동차 부품 기술 영업원,575,0.000575,0.848477,5,판매 종사자,contains:영업,yes
그 외 의복 제조 관련 기능 종사원,575,0.000575,0.849052,7,기능원 및 관련 기능 종사자,contains:기능,yes
보험 중개인,574,0.000574,0.849626,5,판매 종사자,contains:중개인,yes
농약·비료 기술자 및 연구원,570,0.00057,0.850196,2,전문가 및 관련 종사자,suffix:연구원,yes
그 외 금속·재료 공학 기술자 및 연구원,566,0.000566,0.850762,2,전문가 및 관련 종사자,suffix:연구원,yes
제품 단순 선별원,563,0.000563,0.851325,9,단순노무 종사자,contains:단순,yes
화학물 증류기 및 반응기 조작원,560,0.00056,0.851885,8,장치·기계 조작 및 조립 종사자,contains:조작원,yes
가죽 및 모피 가공원,559,0.000559,0.852444,7,기능원 및 관련 기능 종사자,contains:가공,yes
시외 및 고속 버스 운전원,558,0.000558,0.853002,8,장치·기계 조작 및 조립 종사자,contains:운전원,yes
자동 재봉설비 조작원,558,0.000558,0.85356,8,장치·기계 조작 및 조립 종사자,contains:조작원,yes
교사 교육 보조원,557,0.000557,0.854117,3,사무 종사자,suffix:보조원,yes
그 외 경호 및 보안 관련 종사원,550,0.00055,0.854667,4,서비스 종사자,contains:경호,yes
전산 자료 입력원,540,0.00054,0.855207,3,사무 종사자,exact,yes
투자 권유 대행인,540,0.00054,0.855747,5,판매 종사자,contains:투자 권유,yes
그 외 산업 안전 및 위험 관리원,539,0.000539,0.856286,2,전문가 및 관련 종사자,exact,yes
산업 특화 소프트웨어 프로그래머,539,0.000539,0.856825,2,전문가 및 관련 종사자,suffix:프로그래머,yes
그 외 바닥재 시공원,536,0.000536,0.857361,7,기능원 및 관련 기능 종사자,exact,yes
그 외 냉동·냉장·공조기 설치 및 정비원,533,0.000533,0.857894,7,기능원 및 관련 기능 종사자,contains:설치,yes
건축 제도사,531,0.000531,0.858425,7,기능원 및 관련 기능 종사자,exact,yes
금속 열처리로 조작원,528,0.000528,0.858953,8,장치·기계 조작 및 조립 종사자,contains:조작원,yes
광고 및 홍보 사무원,525,0.000525,0.859478,3,사무 종사자,suffix:사무원,yes
육군 병사,523,0.000523,0.860001,A,군인,exact,yes
인조석 설치원,521,0.000521,0.860522,7,기능원 및 관련 기능 종사자,contains:설치,yes
시스템 소프트웨어 프로그래머,517,0.000517,0.861039,2,전문가 및 관련 종사자,suffix:프로그래머,yes
육아 도우미,513,0.000513,0.861552,4,서비스 종사자,exact,yes
인쇄 관련 기능 종사원,512,0.000512,0.862064,7,기능원 및 관련 기능 종사자,exact,yes
초등학교 교사,510,0.00051,0.862574,2,전문가 및 관련 종사자,suffix:교사,yes
"전직 사무 보조원, 현재 구직중",507,0.000507,0.863081,unemployed,무직/비경제활동,contains:구직중,yes
그 외 금속가공 기계 조작원,506,0.000506,0.863587,8,장치·기계 조작 및 조립 종사자,contains:조작원,yes
건물 전기 및 전자설비 조작원,499,0.000499,0.864086,8,장치·기계 조작 및 조립 종사자,contains:조작원,
무역 사무원,498,0.000498,0.864584,3,사무 종사자,suffix:사무원,
제빵사 및 제과원,491,0.000491,0.865075,7,기능원 및 관련 기능 종사자,contains:제빵,
마케팅 관리자,487,0.000487,0.865562,1,관리자,contains:관리자,
시각장애인 특수교육 교사,485,0.000485,0.866047,2,전문가 및 관련 종사자,suffix:교사,
택시 운전원,483,0.000483,0.86653,8,장치·기계 조작 및 조립 종사자,contains:운전원,
화학 연구원,483,0.000483,0.867013,2,전문가 및 관련 종사자,suffix:연구원,
호송 경비원,482,0.000482,0.867495,9,단순노무 종사자,contains:경비원,
주입·포장 및 봉함기 조작원,480,0.00048,0.867975,8,장치·기계 조작 및 조립 종사자,contains:조작원,
그 외 고객 상담 사무원,479,0.000479,0.868454,3,사무 종사자,suffix:사무원,
재무 관리자,479,0.000479,0.868933,1,관리자,contains:관리자,
그 외 용접원,478,0.000478,0.869411,7,기능원 및 관련 기능 종사자,contains:용접,
화학물 여과기 및 분리기 조작원,476,0.000476,0.869887,8,장치·기계 조작 및 조립 종사자,contains:조작원,
전기제어장치 설치 및 정비원,476,0.000476,0.870363,8,장치·기계 조작 및 조립 종사자,contains:장치,
컴퓨터 시스템 설계 및 분석가,473,0.000473,0.870836,2,전문가 및 관련 종사자,contains:설계,
구급 요원,470,0.00047,0.871306,other,기타/검토,no_rule,yes
그 외 공업기계 설치 및 정비원,466,0.000466,0.871772,7,기능원 및 관련 기능 종사자,contains:설치,
특수 경비원,459,0.000459,0.872231,9,단순노무 종사자,contains:경비원,
선반기 조작원,451,0.000451,0.872682,8,장치·기계 조작 및 조립 종사자,contains:조작원,
대리 주차원,447,0.000447,0.873129,4,서비스 종사자,exact,
보험 설계사,444,0.000444,0.873573,2,전문가 및 관련 종사자,contains:설계,
이삿짐 운반원,444,0.000444,0.874017,9,단순노무 종사자,exact,
중고차 영업원,443,0.000443,0.87446,5,판매 종사자,contains:영업,
공연·영화 및 음반 기획자,440,0.00044,0.8749,2,전문가 및 관련 종사자,suffix:기획자,
"전직 경영 기획 사무원, 현재 구직중",439,0.000439,0.875339,unemployed,무직/비경제활동,contains:구직중,
토목 관련 관리자,438,0.000438,0.875777,1,관리자,contains:관리자,
기계 경비원,438,0.000438,0.876215,9,단순노무 종사자,contains:경비원,
"전직 일반 비서, 현재 구직중",431,0.000431,0.876646,unemployed,무직/비경제활동,contains:구직중,
교통 계획 및 설계가,429,0.000429,0.877075,2,전문가 및 관련 종사자,contains:설계,
공학·제조 및 건설 분야 교수,427,0.000427,0.877502,2,전문가 및 관련 종사자,suffix:교수,
"전직 시설 경비원, 현재 구직중",424,0.000424,0.877926,unemployed,무직/비경제활동,contains:구직중,
제관원,424,0.000424,0.87835,7,기능원 및 관련 기능 종사자,exact,
건축감리 기술자,422,0.000422,0.878772,2,전문가 및 관련 종사자,suffix:기술자,
변리사,419,0.000419,0.879191,2,전문가 및 관련 종사자,suffix:변리사,
쓰레기 수거원,419,0.000419,0.87961,9,단순노무 종사자,exact,
그 외 운송장비 조립원,418,0.000418,0.880028,8,장치·기계 조작 및 조립 종사자,contains:조립,
주류 서비스 종사원,418,0.000418,0.880446,4,서비스 종사자,contains:서비스,
"전직 전화 상담원, 현재 구직중",415,0.000415,0.880861,unemployed,무직/비경제활동,contains:구직중,
잠수 기능원,412,0.000412,0.881273,7,기능원 및 관련 기능 종사자,exact,
그 외 미용 관련 서비스 종사원,410,0.00041,0.881683,4,서비스 종사자,contains:서비스,
언어재활사,406,0.000406,0.882089,other,기타/검토,no_rule,yes
식품공학 기술자 및 연구원,405,0.000405,0.882494,2,전문가 및 관련 종사자,suffix:연구원,
"전직 하역 및 적재 관련 단순 종사원, 현재 구직중",402,0.000402,0.882896,unemployed,무직/비경제활동,contains:구직중,
웨딩플래너,401,0.000401,0.883297,2,전문가 및 관련 종사자,suffix:플래너,
방수공,400,0.0004,0.883697,7,기능원 및 관련 기능 종사자,exact,
그 외 환경미화원 및 재활용품 수거원,398,0.000398,0.884095,9,단순노무 종사자,exact,
농약 및 비료 시험원,388,0.000388,0.884483,other,기타/검토,no_rule,yes
체인점 모집 및 관리 영업원,386,0.000386,0.884869,5,판매 종사자,contains:영업,
신차 영업원,385,0.000385,0.885254,5,판매 종사자,contains:영업,
소방설계 기술자 및 연구원,384,0.000384,0.885638,2,전문가 및 관련 종사자,suffix:연구원,
아파트 경비원,384,0.000384,0.886022,9,단순노무 종사자,contains:경비원,
수의사,382,0.000382,0.886404,2,전문가 및 관련 종사자,suffix:의사,
음료 배달원,379,0.000379,0.886783,4,서비스 종사자,contains:음료,
산후조리 종사원,379,0.000379,0.887162,4,서비스 종사자,exact,
사진가,378,0.000378,0.88754,2,전문가 및 관련 종사자,suffix:사진가,
철도 고가 전선 가설원,376,0.000376,0.887916,8,장치·기계 조작 및 조립 종사자,contains:철도,
"전직 보육교사, 현재 구직중",375,0.000375,0.888291,unemployed,무직/비경제활동,contains:구직중,
게임 프로그래머,374,0.000374,0.888665,2,전문가 및 관련 종사자,suffix:프로그래머,
신용카드 모집인,372,0.000372,0.889037,5,판매 종사자,contains:모집인,
사회 교사,370,0.00037,0.889407,2,전문가 및 관련 종사자,suffix:교사,
금형공학 기술자 및 연구원,370,0.00037,0.889777,2,전문가 및 관련 종사자,suffix:연구원,
자동 재단기 조작원,369,0.000369,0.890146,8,장치·기계 조작 및 조립 종사자,contains:조작원,
일반영양사,367,0.000367,0.890513,2,전문가 및 관련 종사자,suffix:영양사,
분식 조리사,367,0.000367,0.89088,4,서비스 종사자,contains:조리사,
품질 인증 심사 전문가,366,0.000366,0.891246,2,전문가 및 관련 종사자,suffix:전문가,
금속절곡기 조작원,366,0.000366,0.891612,8,장치·기계 조작 및 조립 종사자,contains:조작원,
기계 제도사,366,0.000366,0.891978,7,기능원 및 관련 기능 종사자,contains:제도사,
판매 관련 관리자,360,0.00036,0.892338,1,관리자,contains:관리자,
섬유 공정 개발 기술자 및 연구원,360,0.00036,0.892698,2,전문가 및 관련 종사자,suffix:연구원,
그 외 정보 통신기기 설치 및 수리원,358,0.000358,0.893056,7,기능원 및 관련 기능 종사자,contains:설치,
렌즈 및 프리즘 가공기 조작원,358,0.000358,0.893414,8,장치·기계 조작 및 조립 종사자,contains:조작원,
교도관,357,0.000357,0.893771,4,서비스 종사자,contains:교도관,
플랜트 배관공,353,0.000353,0.894124,7,기능원 및 관련 기능 종사자,contains:배관,
"전직 한식 조리사, 현재 구직중",352,0.000352,0.894476,unemployed,무직/비경제활동,contains:구직중,
보안 관제원,351,0.000351,0.894827,4,서비스 종사자,contains:보안,
자동차 경정비원,351,0.000351,0.895178,7,기능원 및 관련 기능 종사자,contains:정비,
그 외 화학공학 기술자 및 연구원,351,0.000351,0.895529,2,전문가 및 관련 종사자,suffix:연구원,
일반 의사,348,0.000348,0.895877,2,전문가 및 관련 종사자,suffix:의사,
컴퓨터 소프트웨어 개발 관리자,348,0.000348,0.896225,1,관리자,contains:관리자,
전기 관련 관리자,347,0.000347,0.896572,1,관리자,contains:관리자,
패스트푸드 준비원,345,0.000345,0.896917,4,서비스 종사자,contains:준비원,
무대 및 세트 디자이너,345,0.000345,0.897262,2,전문가 및 관련 종사자,suffix:디자이너,
금속기계 부품 조립원,345,0.000345,0.897607,8,장치·기계 조작 및 조립 종사자,contains:조립,
"전직 주방 보조원, 현재 구직중",344,0.000344,0.897951,unemployed,무직/비경제활동,contains:구직중,
그 외 버스 운전원,343,0.000343,0.898294,8,장치·기계 조작 및 조립 종사자,contains:운전원,
그 외 건축 도장공,340,0.00034,0.898634,7,기능원 및 관련 기능 종사자,contains:도장,
내과 전문 의사,339,0.000339,0.898973,2,전문가 및 관련 종사자,suffix:의사,
"전직 회계 사무원, 현재 구직중",337,0.000337,0.89931,unemployed,무직/비경제활동,contains:구직중,
방송장비 설치 및 수리원,336,0.000336,0.899646,7,기능원 및 관련 기능 종사자,contains:설치,
공군 부사관,334,0.000334,0.89998,A,군인,contains:부사관,
의무 기록사,334,0.000334,0.900314,2,전문가 및 관련 종사자,suffix:기록사,
의상 디자이너,332,0.000332,0.900646,2,전문가 및 관련 종사자,suffix:디자이너,
국어 교사,331,0.000331,0.900977,2,전문가 및 관련 종사자,suffix:교사,
유통 및 매장 감시원,331,0.000331,0.901308,other,기타/검토,no_rule,yes
고무·플라스틱 기술자 및 연구원,330,0.00033,0.901638,2,전문가 및 관련 종사자,suffix:연구원,
그 외 중·고등학교 교사,329,0.000329,0.901967,2,전문가 및 관련 종사자,suffix:교사,
외국어 교사,322,0.000322,0.902289,2,전문가 및 관련 종사자,suffix:교사,
법무사,322,0.000322,0.902611,2,전문가 및 관련 종사자,suffix:법무사,
가스 생산기 조작원,319,0.000319,0.90293,8,장치·기계 조작 및 조립 종사자,contains:조작원,
화학기계 설치 및 정비원,319,0.000319,0.903249,7,기능원 및 관련 기능 종사자,contains:설치,
염색기 조작원,318,0.000318,0.903567,8,장치·기계 조작 및 조립 종사자,contains:조작원,
설탕 제조 관련 기계 조작원,318,0.000318,0.903885,8,장치·기계 조작 및 조립 종사자,contains:조작원,
전자 부품 제조 기계 조작원,316,0.000316,0.904201,8,장치·기계 조작 및 조립 종사자,contains:조작원,
발전설비 기술자 및 연구원,315,0.000315,0.904516,2,전문가 및 관련 종사자,suffix:연구원,
재활용품 수거원,314,0.000314,0.90483,9,단순노무 종사자,exact,
통신기기 기술자 및 연구원,310,0.00031,0.90514,2,전문가 및 관련 종사자,suffix:연구원,
정보 통신 컨설턴트,310,0.00031,0.90545,2,전문가 및 관련 종사자,contains:컨설턴트,
수금원,308,0.000308,0.905758,5,판매 종사자,contains:수금원,
그 외 건설 관련 기능 종사원,304,0.000304,0.906062,7,기능원 및 관련 기능 종사자,contains:기능,
건물 칸막이 설치원,303,0.000303,0.906365,7,기능원 및 관련 기능 종사자,contains:설치,
화학 시험원,301,0.000301,0.906666,other,기타/검토,no_rule,yes
수학 교사,301,0.000301,0.906967,2,전문가 및 관련 종사자,suffix:교사,
새시 조립 및 설치원,299,0.000299,0.907266,8,장치·기계 조작 및 조립 종사자,contains:조립,
그 외 전기·전자 부품 및 제품 조립원,297,0.000297,0.907563,8,장치·기계 조작 및 조립 종사자,contains:조립,
장학관 및 장학사,295,0.000295,0.907858,2,전문가 및 관련 종사자,suffix:장학사,
용융 도금기 조작원,294,0.000294,0.908152,8,장치·기계 조작 및 조립 종사자,contains:조작원,
식품학 연구원,293,0.000293,0.908445,2,전문가 및 관련 종사자,suffix:연구원,
사무용 전자기기 설치 및 수리원,293,0.000293,0.908738,7,기능원 및 관련 기능 종사자,contains:설치,
철근공,292,0.000292,0.90903,7,기능원 및 관련 기능 종사자,exact,
그 외 상품 중개인 및 경매사,289,0.000289,0.909319,5,판매 종사자,contains:중개인,
폐기물 처리 기술자 및 연구원,287,0.000287,0.909606,2,전문가 및 관련 종사자,suffix:연구원,
그 외 건물 관리원,286,0.000286,0.909892,2,전문가 및 관련 종사자,suffix:관리원,
산업용 기계장비 기술 영업원,283,0.000283,0.910175,5,판매 종사자,contains:영업,
예체능 교사,282,0.000282,0.910457,2,전문가 및 관련 종사자,suffix:교사,
"전직 산업 안전원, 현재 구직중",281,0.000281,0.910738,unemployed,무직/비경제활동,contains:구직중,
방송 송출 장비 기사,281,0.000281,0.911019,2,전문가 및 관련 종사자,suffix:기사,
전기장비 조립원,280,0.00028,0.911299,8,장치·기계 조작 및 조립 종사자,contains:조립,
상표 부착기 조작원,280,0.00028,0.911579,8,장치·기계 조작 및 조립 종사자,contains:조작원,
가전제품 설치 및 수리원,277,0.000277,0.911856,7,기능원 및 관련 기능 종사자,contains:설치,
그 외 금속 공작 기계 조작원,276,0.000276,0.912132,8,장치·기계 조작 및 조립 종사자,contains:조작원,
건축시공 기술자,276,0.000276,0.912408,2,전문가 및 관련 종사자,suffix:기술자,
치과 일반 의사,275,0.000275,0.912683,2,전문가 및 관련 종사자,suffix:의사,
골프장 캐디,275,0.000275,0.912958,4,서비스 종사자,contains:캐디,
직업상담사,273,0.000273,0.913231,2,전문가 및 관련 종사자,suffix:상담사,
그 외 음료 조리사,273,0.000273,0.913504,4,서비스 종사자,contains:조리사,
호텔 서비스원,269,0.000269,0.913773,4,서비스 종사자,contains:서비스,
부동산 컨설턴트,267,0.000267,0.91404,2,전문가 및 관련 종사자,contains:컨설턴트,
과학 교사,267,0.000267,0.914307,2,전문가 및 관련 종사자,suffix:교사,
건축 관련 관리자,267,0.000267,0.914574,1,관리자,contains:관리자,
청원경찰,267,0.000267,0.914841,4,서비스 종사자,contains:경찰,
"전직 그 외 서비스 관련 단순 종사원, 현재 구직중",266,0.000266,0.915107,unemployed,무직/비경제활동,contains:구직중,
섬유 소재 개발 기술자 및 연구원,266,0.000266,0.915373,2,전문가 및 관련 종사자,suffix:연구원,
판금기 조작원,264,0.000264,0.915637,8,장치·기계 조작 및 조립 종사자,contains:조작원,
해양 경찰관 및 수사관,263,0.000263,0.9159,4,서비스 종사자,contains:경찰,
양복 제조원,263,0.000263,0.916163,other,기타/검토,no_rule,yes
그 외 피부 및 체형 관리 종사원,263,0.000263,0.916426,other,기타/검토,no_rule,yes
그 외 타이어 및 고무제품 생산기 조작원,262,0.000262,0.916688,8,장치·기계 조작 및 조립 종사자,contains:조작원,
"전직 마케팅 전문가, 현재 구직중",262,0.000262,0.91695,unemployed,무직/비경제활동,contains:구직중,
건물용 냉동·냉장·공조기 설치 및 정비원,261,0.000261,0.917211,7,기능원 및 관련 기능 종사자,contains:설치,
가전제품 판매원,261,0.000261,0.917472,5,판매 종사자,contains:판매,
"전직 노점 및 이동 판매원, 현재 구직중",260,0.00026,0.917732,unemployed,무직/비경제활동,contains:구직중,
공군 장교,257,0.000257,0.917989,A,군인,contains:장교,
그 외 화학물 가공 장치 조작원,257,0.000257,0.918246,8,장치·기계 조작 및 조립 종사자,contains:조작원,
토목시공 기술자,257,0.000257,0.918503,2,전문가 및 관련 종사자,suffix:기술자,
기획 관리자,256,0.000256,0.918759,1,관리자,contains:관리자,
신발 및 액세서리 판매원,256,0.000256,0.919015,5,판매 종사자,contains:판매,
교통안전 연구원,255,0.000255,0.91927,2,전문가 및 관련 종사자,suffix:연구원,
전자계측 제어 기술자 및 연구원,254,0.000254,0.919524,2,전문가 및 관련 종사자,suffix:연구원,
"전직 지게차 운전원, 현재 구직중",253,0.000253,0.919777,unemployed,무직/비경제활동,contains:구직중,
"전직 그 외 일반 영업원, 현재 구직중",253,0.000253,0.92003,unemployed,무직/비경제활동,contains:구직중,
조명기사,252,0.000252,0.920282,2,전문가 및 관련 종사자,suffix:기사,
플랜트 전기 설치원,252,0.000252,0.920534,7,기능원 및 관련 기능 종사자,contains:설치,
어업 단순 종사원,250,0.00025,0.920784,6,농림·어업 숙련 종사자,contains:어업,
건물 도장공,250,0.00025,0.921034,7,기능원 및 관련 기능 종사자,contains:도장,
그 외 특수교육 교사,249,0.000249,0.921283,2,전문가 및 관련 종사자,suffix:교사,
측량 및 지리 정보 기술자,249,0.000249,0.921532,2,전문가 및 관련 종사자,suffix:기술자,
미술관·박물관 해설 및 안내원,248,0.000248,0.92178,4,서비스 종사자,contains:안내원,
그 외 교사,247,0.000247,0.922027,2,전문가 및 관련 종사자,suffix:교사,
건축설비 기술자,245,0.000245,0.922272,2,전문가 및 관련 종사자,suffix:기술자,
컴퓨터 시스템 감리 전문가,245,0.000245,0.922517,2,전문가 및 관련 종사자,suffix:전문가,
밑반찬 제조 종사원,245,0.000245,0.922762,other,기타/검토,no_rule,yes
단열공,244,0.000244,0.923006,7,기능원 및 관련 기능 종사자,exact,
내장 목공,243,0.000243,0.923249,7,기능원 및 관련 기능 종사자,exact,
차량 도장기 조작원,243,0.000243,0.923492,8,장치·기계 조작 및 조립 종사자,contains:조작원,
금융 관리자,243,0.000243,0.923735,1,관리자,contains:관리자,
세무사,242,0.000242,0.923977,2,전문가 및 관련 종사자,suffix:세무사,
강구조물 가공원,241,0.000241,0.924218,7,기능원 및 관련 기능 종사자,contains:가공,
건축안전 기술자,241,0.000241,0.924459,2,전문가 및 관련 종사자,suffix:기술자,
"전직 그 외 상점 판매원, 현재 구직중",241,0.000241,0.9247,unemployed,무직/비경제활동,contains:구직중,
네트워크 프로그래머,240,0.00024,0.92494,2,전문가 및 관련 종사자,suffix:프로그래머,
그 외 도시 및 교통 관련 전문가,240,0.00024,0.92518,2,전문가 및 관련 종사자,suffix:전문가,
"전직 음식 서비스 종사원, 현재 구직중",240,0.00024,0.92542,unemployed,무직/비경제활동,contains:구직중,
유리 관련 기능 종사원,239,0.000239,0.925659,7,기능원 및 관련 기능 종사자,exact,
원예작물 판매원,237,0.000237,0.925896,5,판매 종사자,contains:판매,
사서,236,0.000236,0.926132,2,전문가 및 관련 종사자,suffix:사서,
전기 안전 기술자 및 연구원,236,0.000236,0.926368,2,전문가 및 관련 종사자,suffix:연구원,
그 외 스포츠 및 레크리에이션 관련 전문가,236,0.000236,0.926604,2,전문가 및 관련 종사자,suffix:전문가,
안과 및 이비인후과 전문 의사,236,0.000236,0.92684,2,전문가 및 관련 종사자,suffix:의사,
환경 검사원,235,0.000235,0.927075,other,기타/검토,no_rule,yes
시민 단체 활동가,235,0.000235,0.92731,2,전문가 및 관련 종사자,suffix:활동가,
간판 제작 및 설치원,234,0.000234,0.927544,7,기능원 및 관련 기능 종사자,contains:설치,
장례 지도사,234,0.000234,0.927778,other,기타/검토,no_rule,yes
그 외 발전 및 배전장치 조작원,234,0.000234,0.928012,8,장치·기계 조작 및 조립 종사자,contains:조작원,
전기계측 제어 기술자 및 연구원,233,0.000233,0.928245,2,전문가 및 관련 종사자,suffix:연구원,
농학 연구원,232,0.000232,0.928477,2,전문가 및 관련 종사자,suffix:연구원,
의복 수선원,232,0.000232,0.928709,other,기타/검토,no_rule,yes
그 외 공학 관련 기술자 및 시험원,231,0.000231,0.92894,other,기타/검토,no_rule,yes
그 외 인사 및 노사 관련 전문가,230,0.00023,0.92917,2,전문가 및 관련 종사자,suffix:전문가,
"전직 생산관리 사무원, 현재 구직중",230,0.00023,0.9294,unemployed,무직/비경제활동,contains:구직중,
산업기계공학 기술자 및 연구원,229,0.000229,0.929629,2,전문가 및 관련 종사자,suffix:연구원,
그 외 자동차 부품 조립원,229,0.000229,0.929858,8,장치·기계 조작 및 조립 종사자,contains:조립,
그 외 경영 지원 관리자,228,0.000228,0.930086,1,관리자,contains:관리자,
가구 판매원,226,0.000226,0.930312,5,판매 종사자,contains:판매,
콘크리트패널 조립원,226,0.000226,0.930538,8,장치·기계 조작 및 조립 종사자,contains:조립,
그 외 전자공학 기술자 및 연구원,223,0.000223,0.930761,2,전문가 및 관련 종사자,suffix:연구원,
스포츠 감독,223,0.000223,0.930984,other,기타/검토,no_rule,yes
그 외 컴퓨터 시스템 및 소프트웨어 전문가,220,0.00022,0.931204,2,전문가 및 관련 종사자,suffix:전문가,
"전직 유치원 교사, 현재 구직중",220,0.00022,0.931424,unemployed,무직/비경제활동,contains:구직중,
선박교통 관제사,219,0.000219,0.931643,8,장치·기계 조작 및 조립 종사자,contains:선박,
그 외 데이터 및 네트워크 관련 전문가,218,0.000218,0.931861,2,전문가 및 관련 종사자,suffix:전문가,
육류가공 기계 조작원,217,0.000217,0.932078,8,장치·기계 조작 및 조립 종사자,contains:조작원,
영상·전자음향기기 설치 및 수리원,214,0.000214,0.932292,7,기능원 및 관련 기능 종사자,contains:설치,
화학제품 생산 관리자,214,0.000214,0.932506,1,관리자,contains:관리자,
그 외 제도사,213,0.000213,0.932719,7,기능원 및 관련 기능 종사자,contains:제도사,
"전직 온라인 쇼핑 판매원, 현재 구직중",213,0.000213,0.932932,unemployed,무직/비경제활동,contains:구직중,
손톱 관리사,212,0.000212,0.933144,other,기타/검토,no_rule,yes
출판물 편집자,212,0.000212,0.933356,other,기타/검토,no_rule,yes
"전직 학습지 방문강사, 현재 구직중",212,0.000212,0.933568,unemployed,무직/비경제활동,contains:구직중,
자동차 엔진 조립원,210,0.00021,0.933778,8,장치·기계 조작 및 조립 종사자,contains:조립,
홍보 전문가,210,0.00021,0.933988,2,전문가 및 관련 종사자,suffix:전문가,
가스·에너지 기술자 및 연구원,209,0.000209,0.934197,2,전문가 및 관련 종사자,suffix:연구원,
계기 검침원,209,0.000209,0.934406,other,기타/검토,no_rule,yes
그 외 직물·신발 관련 기계 조작원 및 조립원,209,0.000209,0.934615,8,장치·기계 조작 및 조립 종사자,contains:조작원,
물리치료사,209,0.000209,0.934824,2,전문가 및 관련 종사자,contains:치료사,
리프트 조작원,207,0.000207,0.935031,8,장치·기계 조작 및 조립 종사자,contains:조작원,
공작기계 설치 및 정비원,206,0.000206,0.935237,7,기능원 및 관련 기능 종사자,contains:설치,
금속코팅·광택 및 래미네이팅기 조작원,206,0.000206,0.935443,8,장치·기계 조작 및 조립 종사자,contains:조작원,
기지국 설치 및 수리원,206,0.000206,0.935649,7,기능원 및 관련 기능 종사자,contains:설치,
도자기제품 생산기 조작원,206,0.000206,0.935855,8,장치·기계 조작 및 조립 종사자,contains:조작원,
웹 기획자,206,0.000206,0.936061,2,전문가 및 관련 종사자,suffix:기획자,
건축 석공,205,0.000205,0.936266,other,기타/검토,no_rule,yes
해군 부사관,204,0.000204,0.93647,A,군인,contains:부사관,
그 외 시각 디자이너,204,0.000204,0.936674,2,전문가 및 관련 종사자,suffix:디자이너,
체육 및 그 외 분야 교수,204,0.000204,0.936878,2,전문가 및 관련 종사자,suffix:교수,
통신장비 설치 및 수리원,202,0.000202,0.93708,7,기능원 및 관련 기능 종사자,contains:설치,
그 외 청소원,202,0.000202,0.937282,9,단순노무 종사자,contains:청소,
송배전설비 기술자 및 연구원,202,0.000202,0.937484,2,전문가 및 관련 종사자,suffix:연구원,
미용사,202,0.000202,0.937686,4,서비스 종사자,contains:미용,
이동전화기 수리원,201,0.000201,0.937887,7,기능원 및 관련 기능 종사자,contains:수리,
전기제품 개발 기술자 및 연구원,200,0.0002,0.938087,2,전문가 및 관련 종사자,suffix:연구원,
인쇄판 출력원,200,0.0002,0.938287,7,기능원 및 관련 기능 종사자,contains:인쇄,
통신망 운영 기술자 및 연구원,200,0.0002,0.938487,2,전문가 및 관련 종사자,suffix:연구원,
은행 사무원,200,0.0002,0.938687,3,사무 종사자,suffix:사무원,
농업 시험원,200,0.0002,0.938887,6,농림·어업 숙련 종사자,contains:농업,
김치 제조 종사원,199,0.000199,0.939086,other,기타/검토,no_rule,yes
"전직 일반 간호사, 현재 구직중",199,0.000199,0.939285,unemployed,무직/비경제활동,contains:구직중,
그 외 일반기계 조립원,197,0.000197,0.939482,8,장치·기계 조작 및 조립 종사자,contains:조립,
표백기 조작원,196,0.000196,0.939678,8,장치·기계 조작 및 조립 종사자,contains:조작원,
에스컬레이터 설치 및 정비원,195,0.000195,0.939873,7,기능원 및 관련 기능 종사자,contains:설치,
그 외 생명과학 시험원,195,0.000195,0.940068,other,기타/검토,no_rule,yes
연선기 조작원,195,0.000195,0.940263,8,장치·기계 조작 및 조립 종사자,contains:조작원,
직물 패턴사,194,0.000194,0.940457,other,기타/검토,no_rule,yes
통신기술 기술자 및 연구원,193,0.000193,0.94065,2,전문가 및 관련 종사자,suffix:연구원,
연삭기 및 연마기 조작원,192,0.000192,0.940842,8,장치·기계 조작 및 조립 종사자,contains:조작원,
염색 조색 및 배합기 조작원,192,0.000192,0.941034,8,장치·기계 조작 및 조립 종사자,contains:조작원,
석유 및 천연가스 정제 장치 조작원,192,0.000192,0.941226,8,장치·기계 조작 및 조립 종사자,contains:조작원,
외장 목공,192,0.000192,0.941418,7,기능원 및 관련 기능 종사자,contains:목공,
덤프트럭 운전원,192,0.000192,0.94161,8,장치·기계 조작 및 조립 종사자,contains:운전원,
자연과학·수학 및 통계학 교수,192,0.000192,0.941802,2,전문가 및 관련 종사자,suffix:교수,
"전직 그 외 기능 관련 종사원, 현재 구직중",192,0.000192,0.941994,unemployed,무직/비경제활동,contains:구직중,
게임 그래픽 디자이너,187,0.000187,0.942181,2,전문가 및 관련 종사자,suffix:디자이너,
번역가,185,0.000185,0.942366,other,기타/검토,no_rule,yes
방송 및 시나리오 작가,185,0.000185,0.942551,other,기타/검토,no_rule,yes
인사 컨설턴트,184,0.000184,0.942735,2,전문가 및 관련 종사자,contains:컨설턴트,
그 외 인쇄기 조작원,183,0.000183,0.942918,8,장치·기계 조작 및 조립 종사자,contains:조작원,
해병대 부사관,183,0.000183,0.943101,A,군인,contains:부사관,
석재 부설원,183,0.000183,0.943284,other,기타/검토,no_rule,yes
연예인 매니저,182,0.000182,0.943466,other,기타/검토,no_rule,yes
그 외 도장기 조작원,182,0.000182,0.943648,8,장치·기계 조작 및 조립 종사자,contains:조작원,
항타기 운전원,181,0.000181,0.943829,8,장치·기계 조작 및 조립 종사자,contains:운전원,
금속공학 시험원,181,0.000181,0.94401,other,기타/검토,no_rule,yes
"전직 기업 고위 임원, 현재 구직중",180,0.00018,0.94419,unemployed,무직/비경제활동,contains:구직중,
밀링기 조작원,180,0.00018,0.94437,8,장치·기계 조작 및 조립 종사자,contains:조작원,
떡 제조원,180,0.00018,0.94455,other,기타/검토,no_rule,yes
"전직 자재 관리 사무원, 현재 구직중",177,0.000177,0.944727,unemployed,무직/비경제활동,contains:구직중,
예술 및 인문학 교수,176,0.000176,0.944903,2,전문가 및 관련 종사자,suffix:교수,
화학물 분쇄기·마쇄기 및 혼합기 조작원,176,0.000176,0.945079,8,장치·기계 조작 및 조립 종사자,contains:조작원,
구두 미화원,175,0.000175,0.945254,other,기타/검토,no_rule,yes
"전직 그 외 하역 및 적재 단순 종사원, 현재 구직중",175,0.000175,0.945429,unemployed,무직/비경제활동,contains:구직중,
교육 연구관 및 교육 연구사,175,0.000175,0.945604,2,전문가 및 관련 종사자,contains:연구,
그 외 제분 및 도정 관련 기계 조작원,174,0.000174,0.945778,8,장치·기계 조작 및 조립 종사자,contains:조작원,
기자,173,0.000173,0.945951,other,기타/검토,no_rule,yes
"전직 품질 관리 사무원, 현재 구직중",173,0.000173,0.946124,unemployed,무직/비경제활동,contains:구직중,
시멘트공학 기술자 및 연구원,172,0.000172,0.946296,2,전문가 및 관련 종사자,suffix:연구원,
건물용 보일러 설치 및 정비원,171,0.000171,0.946467,7,기능원 및 관련 기능 종사자,contains:설치,
그 외 법률 전문가,170,0.00017,0.946637,2,전문가 및 관련 종사자,suffix:전문가,
"전직 철도운송 관련 종사원, 현재 구직중",169,0.000169,0.946806,unemployed,무직/비경제활동,contains:구직중,
전기기기 설치 및 정비원,169,0.000169,0.946975,7,기능원 및 관련 기능 종사자,contains:설치,
호이스트 운전원,167,0.000167,0.947142,8,장치·기계 조작 및 조립 종사자,contains:운전원,
압출기 조작원,165,0.000165,0.947307,8,장치·기계 조작 및 조립 종사자,contains:조작원,
염색 개발 공학 기술자 및 연구원,165,0.000165,0.947472,2,전문가 및 관련 종사자,suffix:연구원,
세탁원 및 다림질원,164,0.000164,0.947636,9,단순노무 종사자,contains:세탁원,
임상영양사,163,0.000163,0.947799,2,전문가 및 관련 종사자,suffix:영양사,
건축자재 영업원,162,0.000162,0.947961,5,판매 종사자,contains:영업,
"전직 경·소형 화물차 운전원, 현재 구직중",162,0.000162,0.948123,unemployed,무직/비경제활동,contains:구직중,
전자제품 제조 기계 조작원,162,0.000162,0.948285,8,장치·기계 조작 및 조립 종사자,contains:조작원,
스포츠 매니저,162,0.000162,0.948447,other,기타/검토,no_rule,yes
그 외 산업 전기 설치원,161,0.000161,0.948608,7,기능원 및 관련 기능 종사자,contains:설치,
의료 서비스 상담 종사원,161,0.000161,0.948769,4,서비스 종사자,contains:서비스,
미장공,160,0.00016,0.948929,other,기타/검토,no_rule,yes
그 외 상하수도 처리 장치 조작원,160,0.00016,0.949089,8,장치·기계 조작 및 조립 종사자,contains:조작원,
소각로 조작원,160,0.00016,0.949249,8,장치·기계 조작 및 조립 종사자,contains:조작원,
전기 및 전자 제품 생산 관리자,159,0.000159,0.949408,1,관리자,contains:관리자,
그 외 마케팅 및 광고·홍보 관리자,159,0.000159,0.949567,1,관리자,contains:관리자,
"전직 식품 영업원, 현재 구직중",159,0.000159,0.949726,unemployed,무직/비경제활동,contains:구직중,
보도블록 설치원,158,0.000158,0.949884,7,기능원 및 관련 기능 종사자,contains:설치,
그 외 금속 및 재료 공학 시험원,158,0.000158,0.950042,other,기타/검토,no_rule,yes
금속 분무기 조작원,156,0.000156,0.950198,8,장치·기계 조작 및 조립 종사자,contains:조작원,
광고 디자이너,154,0.000154,0.950352,2,전문가 및 관련 종사자,suffix:디자이너,
조미료 제분기 조작원,152,0.000152,0.950504,8,장치·기계 조작 및 조립 종사자,contains:조작원,
"전직 승용차 및 승합차 운전원, 현재 구직중",151,0.000151,0.950655,unemployed,무직/비경제활동,contains:구직중,
복지시설 생활 지도원,151,0.000151,0.950806,other,기타/검토,no_rule,yes
그 외 귀금속 및 보석 세공원,151,0.000151,0.950957,other,기타/검토,no_rule,yes
통역가,151,0.000151,0.951108,other,기타/검토,no_rule,yes
조경원,150,0.00015,0.951258,other,기타/검토,no_rule,yes
유원시설 및 테마파크 서비스원,150,0.00015,0.951408,4,서비스 종사자,contains:서비스,
교육 분야 교수,150,0.00015,0.951558,2,전문가 및 관련 종사자,suffix:교수,
조경감리 기술자,149,0.000149,0.951707,2,전문가 및 관련 종사자,suffix:기술자,
거리 미화원,149,0.000149,0.951856,other,기타/검토,no_rule,yes
전시 및 시설 견학 안내원,148,0.000148,0.952004,4,서비스 종사자,contains:안내원,
재활용 처리 기계 조작원,148,0.000148,0.952152,8,장치·기계 조작 및 조립 종사자,contains:조작원,
컴퓨터 하드웨어 기술자 및 연구원,148,0.000148,0.9523,2,전문가 및 관련 종사자,suffix:연구원,
유지 제조기 조작원,148,0.000148,0.952448,8,장치·기계 조작 및 조립 종사자,contains:조작원,
자동차 차체 부품 조립원,147,0.000147,0.952595,8,장치·기계 조작 및 조립 종사자,contains:조립,
경량 철골공,146,0.000146,0.952741,other,기타/검토,no_rule,yes
그 외 정육가공 및 도축 관련 종사원,146,0.000146,0.952887,7,기능원 및 관련 기능 종사자,contains:가공,
수상운송 사무원,145,0.000145,0.953032,3,사무 종사자,suffix:사무원,
전기제품 제조 기계 조작원,145,0.000145,0.953177,8,장치·기계 조작 및 조립 종사자,contains:조작원,
기계공학 시험원,145,0.000145,0.953322,other,기타/검토,no_rule,yes
위성방송 안테나 설치 및 수리원,144,0.000144,0.953466,7,기능원 및 관련 기능 종사자,contains:설치,
"전직 총무 사무원, 현재 구직중",144,0.000144,0.95361,unemployed,무직/비경제활동,contains:구직중,
"전직 조사 전문가, 현재 구직중",144,0.000144,0.953754,unemployed,무직/비경제활동,contains:구직중,
서적·문구 및 음반 판매원,144,0.000144,0.953898,5,판매 종사자,contains:판매,
"전직 경영 컨설턴트, 현재 구직중",143,0.000143,0.954041,unemployed,무직/비경제활동,contains:구직중,
"전직 영업 관리 사무원, 현재 구직중",143,0.000143,0.954184,unemployed,무직/비경제활동,contains:구직중,
그 외 응용 소프트웨어 프로그래머,142,0.000142,0.954326,2,전문가 및 관련 종사자,suffix:프로그래머,
시장 및 여론 조사 관리자,142,0.000142,0.954468,1,관리자,contains:관리자,
분양 및 임대 사무원,142,0.000142,0.95461,3,사무 종사자,suffix:사무원,
그 외 미디어 콘텐츠 디자이너,142,0.000142,0.954752,2,전문가 및 관련 종사자,suffix:디자이너,
그 외 자동차 정비원,142,0.000142,0.954894,7,기능원 및 관련 기능 종사자,contains:정비,
콘크리트 타설원,140,0.00014,0.955034,other,기타/검토,no_rule,yes
해군 장교,140,0.00014,0.955174,A,군인,contains:장교,
광고 및 홍보 관리자,140,0.00014,0.955314,1,관리자,contains:관리자,
형틀 목공,140,0.00014,0.955454,7,기능원 및 관련 기능 종사자,contains:목공,
시계 및 카메라 수리원,140,0.00014,0.955594,7,기능원 및 관련 기능 종사자,contains:수리,
"전직 국가행정 사무원, 현재 구직중",139,0.000139,0.955733,unemployed,무직/비경제활동,contains:구직중,
전기 부품 제조 기계 조작원,138,0.000138,0.955871,8,장치·기계 조작 및 조립 종사자,contains:조작원,
전기 및 전자 장비 제도사,138,0.000138,0.956009,7,기능원 및 관련 기능 종사자,contains:제도사,
기계제품 생산 관리자,138,0.000138,0.956147,1,관리자,contains:관리자,
통신장비 기술자 및 연구원,138,0.000138,0.956285,2,전문가 및 관련 종사자,suffix:연구원,
항공기·철도 차량 공학 기술자 및 연구원,137,0.000137,0.956422,2,전문가 및 관련 종사자,suffix:연구원,
직업 운동선수,137,0.000137,0.956559,other,기타/검토,no_rule,yes
그 외 판매 및 고객 서비스 관리자,136,0.000136,0.956695,1,관리자,contains:관리자,
치료사 보조원,136,0.000136,0.956831,2,전문가 및 관련 종사자,contains:치료사,
건물 해체원,136,0.000136,0.956967,other,기타/검토,no_rule,yes
윤전인쇄기 조작원,135,0.000135,0.957102,8,장치·기계 조작 및 조립 종사자,contains:조작원,
타일 부착원,135,0.000135,0.957237,other,기타/검토,no_rule,yes
"전직 단말기 및 통신 서비스 판매원, 현재 구직중",134,0.000134,0.957371,unemployed,무직/비경제활동,contains:구직중,
그 외 목재가공 관련 기계 조작원,134,0.000134,0.957505,8,장치·기계 조작 및 조립 종사자,contains:조작원,
인쇄 필름 출력원,133,0.000133,0.957638,7,기능원 및 관련 기능 종사자,contains:인쇄,
목형원,133,0.000133,0.957771,other,기타/검토,no_rule,yes
기업 인수 및 합병 전문가,133,0.000133,0.957904,2,전문가 및 관련 종사자,suffix:전문가,
제관기 조작원,133,0.000133,0.958037,8,장치·기계 조작 및 조립 종사자,contains:조작원,
방역원,132,0.000132,0.958169,other,기타/검토,no_rule,yes
조적공,131,0.000131,0.9583,other,기타/검토,no_rule,yes
그 외 플라스틱제품 생산기 조작원,131,0.000131,0.958431,8,장치·기계 조작 및 조립 종사자,contains:조작원,
그라비어인쇄기 조작원,131,0.000131,0.958562,8,장치·기계 조작 및 조립 종사자,contains:조작원,
사회과학·경영 및 법학 교수,130,0.00013,0.958692,2,전문가 및 관련 종사자,suffix:교수,
플라스틱 사출기 조작원,130,0.00013,0.958822,8,장치·기계 조작 및 조립 종사자,contains:조작원,
그 외 운송장비 정비원,130,0.00013,0.958952,7,기능원 및 관련 기능 종사자,contains:정비,
경호원,130,0.00013,0.959082,4,서비스 종사자,contains:경호,
마루 설치원,130,0.00013,0.959212,7,기능원 및 관련 기능 종사자,contains:설치,
곡물 및 사료 제분기 조작원,129,0.000129,0.959341,8,장치·기계 조작 및 조립 종사자,contains:조작원,
"전직 지방행정 사무원, 현재 구직중",128,0.000128,0.959469,unemployed,무직/비경제활동,contains:구직중,
그 외 사회복지 관련 종사원,128,0.000128,0.959597,4,서비스 종사자,contains:사회복지,
철로 보수원,128,0.000128,0.959725,other,기타/검토,no_rule,yes
그 외 세탁 관련 기계 조작원,127,0.000127,0.959852,8,장치·기계 조작 및 조립 종사자,contains:조작원,
"전직 관리 비서, 현재 구직중",127,0.000127,0.959979,unemployed,무직/비경제활동,contains:구직중,
드라이클리닝기 조작원,126,0.000126,0.960105,8,장치·기계 조작 및 조립 종사자,contains:조작원,
유리 부착원,126,0.000126,0.960231,7,기능원 및 관련 기능 종사자,contains:유리,
금속제품 생산 관리자,125,0.000125,0.960356,1,관리자,contains:관리자,
국수 및 면류 제품 기계 조작원,125,0.000125,0.960481,8,장치·기계 조작 및 조립 종사자,contains:조작원,
전기 도금기 조작원,125,0.000125,0.960606,8,장치·기계 조작 및 조립 종사자,contains:조작원,
그 외 제품 생산 관련 관리자,124,0.000124,0.96073,1,관리자,contains:관리자,
치과기공사,124,0.000124,0.960854,other,기타/검토,no_rule,yes
전통 건물 건축원,124,0.000124,0.960978,other,기타/검토,no_rule,yes
감시카메라 설치 및 수리원,123,0.000123,0.961101,7,기능원 및 관련 기능 종사자,contains:설치,
발전터빈 조작원,122,0.000122,0.961223,8,장치·기계 조작 및 조립 종사자,contains:조작원,
"전직 음료 서비스 종사원, 현재 구직중",122,0.000122,0.961345,unemployed,무직/비경제활동,contains:구직중,
편직기 조작원,122,0.000122,0.961467,8,장치·기계 조작 및 조립 종사자,contains:조작원,
카지노 딜러,122,0.000122,0.961589,other,기타/검토,no_rule,yes
"전직 전기 용접원, 현재 구직중",121,0.000121,0.96171,unemployed,무직/비경제활동,contains:구직중,
비계공,121,0.000121,0.961831,other,기타/검토,no_rule,yes
"전직 간호조무사, 현재 구직중",121,0.000121,0.961952,unemployed,무직/비경제활동,contains:구직중,
열차 객실 승무원,121,0.000121,0.962073,4,서비스 종사자,contains:승무원,
그 외 조경 관련 기술자,120,0.00012,0.962193,2,전문가 및 관련 종사자,suffix:기술자,
그 외 곡물가공 제품 기계 조작원,119,0.000119,0.962312,8,장치·기계 조작 및 조립 종사자,contains:조작원,
그 외 환경공학 기술자 및 연구원,119,0.000119,0.962431,2,전문가 및 관련 종사자,suffix:연구원,
정보 통신기술 분야 교수,119,0.000119,0.96255,2,전문가 및 관련 종사자,suffix:교수,
대리석 부착원,118,0.000118,0.962668,other,기타/검토,no_rule,yes
스포츠 강사 및 트레이너,118,0.000118,0.962786,other,기타/검토,no_rule,yes
고무제품 생산기 조작원,117,0.000117,0.962903,8,장치·기계 조작 및 조립 종사자,contains:조작원,
그 외 목재 및 종이 관련 기계 조작원,117,0.000117,0.96302,8,장치·기계 조작 및 조립 종사자,contains:조작원,
가정용 전기 및 전자제품 조립원,117,0.000117,0.963137,8,장치·기계 조작 및 조립 종사자,contains:조립,
보험 관리자,116,0.000116,0.963253,1,관리자,contains:관리자,
청각장애인 특수교육 교사,116,0.000116,0.963369,2,전문가 및 관련 종사자,suffix:교사,
건축구조 기술자,115,0.000115,0.963484,2,전문가 및 관련 종사자,suffix:기술자,
주조기 조작원,115,0.000115,0.963599,8,장치·기계 조작 및 조립 종사자,contains:조작원,
유치원 원장,115,0.000115,0.963714,other,기타/검토,no_rule,yes
그 외 물품 이동 장비 설치 및 정비원,114,0.000114,0.963828,8,장치·기계 조작 및 조립 종사자,contains:물품 이동 장비,
굴삭기 및 불도저 운전원,113,0.000113,0.963941,8,장치·기계 조작 및 조립 종사자,contains:운전원,
"전직 건설 단순 종사원, 현재 구직중",113,0.000113,0.964054,unemployed,무직/비경제활동,contains:구직중,
도배공,112,0.000112,0.964166,other,기타/검토,no_rule,yes
신용 추심원,111,0.000111,0.964277,other,기타/검토,no_rule,yes
육상운송 관련 관리자,111,0.000111,0.964388,1,관리자,contains:관리자,
섬유공학 시험원,111,0.000111,0.964499,other,기타/검토,no_rule,yes
도정기 조작원,110,0.00011,0.964609,8,장치·기계 조작 및 조립 종사자,contains:조작원,
감사 사무원,110,0.00011,0.964719,3,사무 종사자,suffix:사무원,
"전직 건물 내 전기 설치 및 정비원, 현재 구직중",110,0.00011,0.964829,unemployed,무직/비경제활동,contains:구직중,
그 외 석유 및 화학물 가공 장치 조작원,110,0.00011,0.964939,8,장치·기계 조작 및 조립 종사자,contains:조작원,
전자 의료기기 개발 기술자 및 연구원,109,0.000109,0.965048,2,전문가 및 관련 종사자,suffix:연구원,
"전직 상품 기획자, 현재 구직중",109,0.000109,0.965157,unemployed,무직/비경제활동,contains:구직중,
펄프 제조 장치 조작원,109,0.000109,0.965266,8,장치·기계 조작 및 조립 종사자,contains:조작원,
일반 한의사,108,0.000108,0.965374,2,전문가 및 관련 종사자,suffix:의사,
냉동 및 냉장기 설비 조작원,108,0.000108,0.965482,8,장치·기계 조작 및 조립 종사자,contains:조작원,
비행기 조종사,108,0.000108,0.96559,other,기타/검토,no_rule,yes
도축원,107,0.000107,0.965697,other,기타/검토,no_rule,yes
입장권 판매원,106,0.000106,0.965803,5,판매 종사자,contains:판매,
사진작가,105,0.000105,0.965908,other,기타/검토,no_rule,yes
가구 수리원,105,0.000105,0.966013,7,기능원 및 관련 기능 종사자,contains:수리,
금속 주입원,105,0.000105,0.966118,other,기타/검토,no_rule,yes
가스 및 에너지 시험원,105,0.000105,0.966223,other,기타/검토,no_rule,yes
대여 제품 방문 점검원,104,0.000104,0.966327,other,기타/검토,no_rule,yes
보건 위생 검사원,104,0.000104,0.966431,other,기타/검토,no_rule,yes
단조원,103,0.000103,0.966534,other,기타/검토,no_rule,yes
방문 판매원,103,0.000103,0.966637,5,판매 종사자,contains:판매,
소방관,103,0.000103,0.96674,4,서비스 종사자,contains:소방,
플라스틱 압출기 조작원,102,0.000102,0.966842,8,장치·기계 조작 및 조립 종사자,contains:조작원,
위생용 종이제품 제조기 조작원,102,0.000102,0.966944,8,장치·기계 조작 및 조립 종사자,contains:조작원,
기술 감독,102,0.000102,0.967046,other,기타/검토,no_rule,yes
그 외 섬유 및 가죽 관련 기능 종사원,102,0.000102,0.967148,7,기능원 및 관련 기능 종사자,contains:기능,
제직기 조작원,101,0.000101,0.967249,8,장치·기계 조작 및 조립 종사자,contains:조작원,
고무제품 조립원,101,0.000101,0.96735,8,장치·기계 조작 및 조립 종사자,contains:조립,
수리 및 정비 관련 관리자,101,0.000101,0.967451,1,관리자,contains:관리자,
비파괴 검사원,101,0.000101,0.967552,other,기타/검토,no_rule,yes
구두 수선원,101,0.000101,0.967653,other,기타/검토,no_rule,yes
영상 및 음향장비 조립원,101,0.000101,0.967754,8,장치·기계 조작 및 조립 종사자,contains:조립,
수동 상표 부착원,100,0.0001,0.967854,other,기타/검토,no_rule,yes
해병대 장교,100,0.0001,0.967954,A,군인,contains:장교,
주차 안내원,100,0.0001,0.968054,4,서비스 종사자,contains:안내원,
전통차 조리사,100,0.0001,0.968154,4,서비스 종사자,contains:조리사,
토목감리 기술자,99,9.9e-05,0.968253,2,전문가 및 관련 종사자,suffix:기술자,
"전직 그 외 물품 이동 장비 조작원, 현재 구직중",99,9.9e-05,0.968352,unemployed,무직/비경제활동,contains:구직중,
이벤트 전문가,98,9.8e-05,0.96845,2,전문가 및 관련 종사자,suffix:전문가,
타이어 생산기 조작원,98,9.8e-05,0.968548,8,장치·기계 조작 및 조립 종사자,contains:조작원,
한약사,98,9.8e-05,0.968646,2,전문가 및 관련 종사자,suffix:약사,
도로포장기 및 롤러 운전원,97,9.7e-05,0.968743,8,장치·기계 조작 및 조립 종사자,contains:운전원,
전동차 정비원,97,9.7e-05,0.96884,7,기능원 및 관련 기능 종사자,contains:정비,
치과 전문 의사,97,9.7e-05,0.968937,2,전문가 및 관련 종사자,suffix:의사,
식품공학 시험원,96,9.6e-05,0.969033,other,기타/검토,no_rule,yes
문화 관광 및 숲·자연환경 해설사,96,9.6e-05,0.969129,other,기타/검토,no_rule,yes
그 외 조적공 및 석재 부설원,95,9.5e-05,0.969224,other,기타/검토,no_rule,yes
굴착기·착암기 및 채광기 조작원,95,9.5e-05,0.969319,8,장치·기계 조작 및 조립 종사자,contains:조작원,
"전직 관세행정 사무원, 현재 구직중",95,9.5e-05,0.969414,unemployed,무직/비경제활동,contains:구직중,
보험 심사원,95,9.5e-05,0.969509,other,기타/검토,no_rule,yes
여객차 및 화차 정비원,94,9.4e-05,0.969603,7,기능원 및 관련 기능 종사자,contains:정비,
"전직 그 외 돌봄 및 보건 서비스 종사원, 현재 구직중",94,9.4e-05,0.969697,unemployed,무직/비경제활동,contains:구직중,
항해사,93,9.3e-05,0.96979,other,기타/검토,no_rule,yes
이용사,93,9.3e-05,0.969883,4,서비스 종사자,contains:이용사,
전자공학 시험원,93,9.3e-05,0.969976,other,기타/검토,no_rule,yes
압연기 조작원,93,9.3e-05,0.970069,8,장치·기계 조작 및 조립 종사자,contains:조작원,
"전직 일식 조리사, 현재 구직중",93,9.3e-05,0.970162,unemployed,무직/비경제활동,contains:구직중,
그 외 환경공학 관련 시험원,93,9.3e-05,0.970255,other,기타/검토,no_rule,yes
피부 관리사,93,9.3e-05,0.970348,other,기타/검토,no_rule,yes
"전직 특허 사무원, 현재 구직중",93,9.3e-05,0.970441,unemployed,무직/비경제활동,contains:구직중,
증권 사무원,93,9.3e-05,0.970534,3,사무 종사자,suffix:사무원,
"전직 상·하수 배관공, 현재 구직중",92,9.2e-05,0.970626,unemployed,무직/비경제활동,contains:구직중,
보건 및 복지 교수,92,9.2e-05,0.970718,2,전문가 및 관련 종사자,suffix:교수,
가구 도장기 조작원,92,9.2e-05,0.97081,8,장치·기계 조작 및 조립 종사자,contains:조작원,
공조기설비 조작원,92,9.2e-05,0.970902,8,장치·기계 조작 및 조립 종사자,contains:조작원,
멀티미디어 디자이너,92,9.2e-05,0.970994,2,전문가 및 관련 종사자,suffix:디자이너,
환경 관련 관리자,91,9.1e-05,0.971085,1,관리자,contains:관리자,
수날염원,91,9.1e-05,0.971176,other,기타/검토,no_rule,yes
"전직 바텐더, 현재 구직중",91,9.1e-05,0.971267,unemployed,무직/비경제활동,contains:구직중,
"전직 텔레마케터, 현재 구직중",91,9.1e-05,0.971358,unemployed,무직/비경제활동,contains:구직중,
철도차량 조립원,91,9.1e-05,0.971449,8,장치·기계 조작 및 조립 종사자,contains:철도,
수질 환경 기술자 및 연구원,90,9e-05,0.971539,2,전문가 및 관련 종사자,suffix:연구원,
요업·세라믹공학 기술자 및 연구원,89,8.9e-05,0.971628,2,전문가 및 관련 종사자,suffix:연구원,
방사선사,88,8.8e-05,0.971716,other,기타/검토,no_rule,yes
그 외 식품가공 관련 기계 조작원,88,8.8e-05,0.971804,8,장치·기계 조작 및 조립 종사자,contains:조작원,
"전직 범용 소프트웨어 프로그래머, 현재 구직중",87,8.7e-05,0.971891,unemployed,무직/비경제활동,contains:구직중,
문학작가,87,8.7e-05,0.971978,other,기타/검토,no_rule,yes
시멘트공학 시험원,87,8.7e-05,0.972065,other,기타/검토,no_rule,yes
"전직 인사 및 노무 사무원, 현재 구직중",87,8.7e-05,0.972152,unemployed,무직/비경제활동,contains:구직중,
공업기계 조립원,87,8.7e-05,0.972239,8,장치·기계 조작 및 조립 종사자,contains:조립,
석유화학 시험원,86,8.6e-05,0.972325,other,기타/검토,no_rule,yes
조경 계획 및 설계 기술자,86,8.6e-05,0.972411,2,전문가 및 관련 종사자,suffix:기술자,
석 공예원,85,8.5e-05,0.972496,other,기타/검토,no_rule,yes
의료과학 시험원,85,8.5e-05,0.972581,other,기타/검토,no_rule,yes
카펫 및 가발 제조원,84,8.4e-05,0.972665,other,기타/검토,no_rule,yes
주방장,84,8.4e-05,0.972749,4,서비스 종사자,contains:주방,
선박 배관공,84,8.4e-05,0.972833,8,장치·기계 조작 및 조립 종사자,contains:선박,
"전직 그 외 기획 및 마케팅 사무원, 현재 구직중",84,8.4e-05,0.972917,unemployed,무직/비경제활동,contains:구직중,
"전직 강구조물 건립원, 현재 구직중",83,8.3e-05,0.973,unemployed,무직/비경제활동,contains:구직중,
수의사 보조원,83,8.3e-05,0.973083,3,사무 종사자,suffix:보조원,
종이 제조 장치 조작원,83,8.3e-05,0.973166,8,장치·기계 조작 및 조립 종사자,contains:조작원,
토목안전 기술자,83,8.3e-05,0.973249,2,전문가 및 관련 종사자,suffix:기술자,
그 외 토목 관련 기술자,83,8.3e-05,0.973332,2,전문가 및 관련 종사자,suffix:기술자,
그 외 직조기 및 편직기 조작원,83,8.3e-05,0.973415,8,장치·기계 조작 및 조립 종사자,contains:조작원,
컴퓨터 운영 관리자,83,8.3e-05,0.973498,1,관리자,contains:관리자,
도시 계획 및 설계가,83,8.3e-05,0.973581,2,전문가 및 관련 종사자,contains:설계,
항공기 배관공,83,8.3e-05,0.973664,7,기능원 및 관련 기능 종사자,contains:배관,
시추장비 조작원,82,8.2e-05,0.973746,8,장치·기계 조작 및 조립 종사자,contains:조작원,
대학 행정조교,82,8.2e-05,0.973828,other,기타/검토,no_rule,yes
그 외 석유 및 천연가스 제조 관련 제어 장치 조작원,82,8.2e-05,0.97391,8,장치·기계 조작 및 조립 종사자,contains:조작원,
공동주택 관리자,81,8.1e-05,0.973991,1,관리자,contains:관리자,
"전직 중식 조리사, 현재 구직중",81,8.1e-05,0.974072,unemployed,무직/비경제활동,contains:구직중,
"전직 가사 도우미, 현재 구직중",81,8.1e-05,0.974153,unemployed,무직/비경제활동,contains:구직중,
소음 진동 기술자 및 연구원,81,8.1e-05,0.974234,2,전문가 및 관련 종사자,suffix:연구원,
임상병리사,81,8.1e-05,0.974315,2,전문가 및 관련 종사자,contains:임상,
경기 심판,80,8e-05,0.974395,other,기타/검토,no_rule,yes
노무사,79,7.9e-05,0.974474,2,전문가 및 관련 종사자,suffix:노무사,
자동차 조립원,79,7.9e-05,0.974553,8,장치·기계 조작 및 조립 종사자,contains:조립,
증권 중개인,79,7.9e-05,0.974632,5,판매 종사자,contains:중개인,
축산 및 수의학 연구원,79,7.9e-05,0.974711,2,전문가 및 관련 종사자,suffix:연구원,
인터넷케이블 설치 및 수리원,78,7.8e-05,0.974789,7,기능원 및 관련 기능 종사자,contains:설치,
전기공학 시험원,78,7.8e-05,0.974867,other,기타/검토,no_rule,yes
인화지 제조기 조작원,78,7.8e-05,0.974945,8,장치·기계 조작 및 조립 종사자,contains:조작원,
감독 및 연출가,78,7.8e-05,0.975023,other,기타/검토,no_rule,yes
그 외 건설 및 채굴기계 운전원,77,7.7e-05,0.9751,8,장치·기계 조작 및 조립 종사자,contains:운전원,
조선공학 기술자 및 연구원,77,7.7e-05,0.975177,2,전문가 및 관련 종사자,suffix:연구원,
반려동물 훈련사,77,7.7e-05,0.975254,other,기타/검토,no_rule,yes
"전직 수동 포장원, 현재 구직중",77,7.7e-05,0.975331,unemployed,무직/비경제활동,contains:구직중,
교육 분야 시간강사,77,7.7e-05,0.975408,2,전문가 및 관련 종사자,suffix:강사,
선박 기관사,77,7.7e-05,0.975485,8,장치·기계 조작 및 조립 종사자,contains:기관사,
인발기 조작원,77,7.7e-05,0.975562,8,장치·기계 조작 및 조립 종사자,contains:조작원,
건물 수리원,77,7.7e-05,0.975639,7,기능원 및 관련 기능 종사자,contains:수리,
평론가,77,7.7e-05,0.975716,other,기타/검토,no_rule,yes
비상 발전기 설치 및 정비원,76,7.6e-05,0.975792,7,기능원 및 관련 기능 종사자,contains:설치,
토목구조 설계 기술자,76,7.6e-05,0.975868,2,전문가 및 관련 종사자,suffix:기술자,
공학·제조 및 건설 분야 시간강사,76,7.6e-05,0.975944,2,전문가 및 관련 종사자,suffix:강사,
철도 기관차 정비원,76,7.6e-05,0.97602,8,장치·기계 조작 및 조립 종사자,contains:철도,
그 외 건축 관련 기술자,76,7.6e-05,0.976096,2,전문가 및 관련 종사자,suffix:기술자,
"전직 법무 사무원, 현재 구직중",76,7.6e-05,0.976172,unemployed,무직/비경제활동,contains:구직중,
약제품 생산기 조작원,75,7.5e-05,0.976247,8,장치·기계 조작 및 조립 종사자,contains:조작원,
그 외 교육 관련 관리자,75,7.5e-05,0.976322,1,관리자,contains:관리자,
헤드헌터,75,7.5e-05,0.976397,other,기타/검토,no_rule,yes
통신케이블 설치 및 수리원,75,7.5e-05,0.976472,7,기능원 및 관련 기능 종사자,contains:설치,
공군 병사,75,7.5e-05,0.976547,A,군인,contains:병사,
주형원,74,7.4e-05,0.976621,other,기타/검토,no_rule,yes
"전직 노인 및 장애인 돌봄 서비스 종사원, 현재 구직중",74,7.4e-05,0.976695,unemployed,무직/비경제활동,contains:구직중,
그 외 유리 제조 및 가공기 조작원,73,7.3e-05,0.976768,8,장치·기계 조작 및 조립 종사자,contains:조작원,
"전직 화장품 판매원, 현재 구직중",73,7.3e-05,0.976841,unemployed,무직/비경제활동,contains:구직중,
"전직 금형원, 현재 구직중",73,7.3e-05,0.976914,unemployed,무직/비경제활동,contains:구직중,
화장품·비누제품 기술자 및 연구원,73,7.3e-05,0.976987,2,전문가 및 관련 종사자,suffix:연구원,
귀금속 세공원,72,7.2e-05,0.977059,other,기타/검토,no_rule,yes
항공운송 사무원,72,7.2e-05,0.977131,3,사무 종사자,suffix:사무원,
"전직 조세행정 사무원, 현재 구직중",72,7.2e-05,0.977203,unemployed,무직/비경제활동,contains:구직중,
드릴링기 및 보링기 조작원,72,7.2e-05,0.977275,8,장치·기계 조작 및 조립 종사자,contains:조작원,
날염기 조작원,71,7.1e-05,0.977346,8,장치·기계 조작 및 조립 종사자,contains:조작원,
정부행정 전문가,70,7e-05,0.977416,2,전문가 및 관련 종사자,suffix:전문가,
임학 연구원,69,6.9e-05,0.977485,2,전문가 및 관련 종사자,suffix:연구원,
수산학 연구원,69,6.9e-05,0.977554,2,전문가 및 관련 종사자,suffix:연구원,
전자 및 정밀 기구 조립원,69,6.9e-05,0.977623,8,장치·기계 조작 및 조립 종사자,contains:조립,
"전직 운송장비 청소원, 현재 구직중",69,6.9e-05,0.977692,unemployed,무직/비경제활동,contains:구직중,
제책 및 재단용 기계 조작원,68,6.8e-05,0.97776,8,장치·기계 조작 및 조립 종사자,contains:조작원,
요업 및 세라믹 공학 시험원,68,6.8e-05,0.977828,other,기타/검토,no_rule,yes
화장품 및 비누제품 시험원,68,6.8e-05,0.977896,other,기타/검토,no_rule,yes
"전직 그 외 조리사, 현재 구직중",68,6.8e-05,0.977964,unemployed,무직/비경제활동,contains:구직중,
건강식품 가공기 조작원,68,6.8e-05,0.978032,8,장치·기계 조작 및 조립 종사자,contains:조작원,
목 공예원,68,6.8e-05,0.9781,other,기타/검토,no_rule,yes
한복 제조원,67,6.7e-05,0.978167,other,기타/검토,no_rule,yes
가스 관련 관리자,67,6.7e-05,0.978234,1,관리자,contains:관리자,
어업 시험원,67,6.7e-05,0.978301,6,농림·어업 숙련 종사자,contains:어업,
"전직 대형 화물차 운전원, 현재 구직중",66,6.6e-05,0.978367,unemployed,무직/비경제활동,contains:구직중,
크레인 설치 및 정비원,66,6.6e-05,0.978433,8,장치·기계 조작 및 조립 종사자,contains:크레인,
"전직 우편집배원, 현재 구직중",66,6.6e-05,0.978499,unemployed,무직/비경제활동,contains:구직중,
그 외 선박 관련 승무원,66,6.6e-05,0.978565,4,서비스 종사자,contains:승무원,
손해 사정사,65,6.5e-05,0.97863,other,기타/검토,no_rule,yes
웹 디자이너,65,6.5e-05,0.978695,2,전문가 및 관련 종사자,suffix:디자이너,
도로정지기 운전원,65,6.5e-05,0.97876,8,장치·기계 조작 및 조립 종사자,contains:운전원,
그 외 점토제품 생산기 조작원,64,6.4e-05,0.978824,8,장치·기계 조작 및 조립 종사자,contains:조작원,
공학 연구 관리자,64,6.4e-05,0.978888,1,관리자,contains:관리자,
수질 환경 시험원,64,6.4e-05,0.978952,other,기타/검토,no_rule,yes
방송케이블 설치 및 수리원,64,6.4e-05,0.979016,7,기능원 및 관련 기능 종사자,contains:설치,
그 외 자산 운용가,63,6.3e-05,0.979079,other,기타/검토,no_rule,yes
방송 안내원,63,6.3e-05,0.979142,4,서비스 종사자,contains:안내원,
오프셋인쇄기 조작원,63,6.3e-05,0.979205,8,장치·기계 조작 및 조립 종사자,contains:조작원,
"전직 택배원, 현재 구직중",63,6.3e-05,0.979268,unemployed,무직/비경제활동,contains:구직중,
"전직 정보 시스템 운영자, 현재 구직중",63,6.3e-05,0.979331,unemployed,무직/비경제활동,contains:구직중,
"전직 광고 전문가, 현재 구직중",62,6.2e-05,0.979393,unemployed,무직/비경제활동,contains:구직중,
하수 처리 장치 조작원,62,6.2e-05,0.979455,8,장치·기계 조작 및 조립 종사자,contains:조작원,
"전직 데이터 분석가, 현재 구직중",62,6.2e-05,0.979517,unemployed,무직/비경제활동,contains:구직중,
생물학 시험원,62,6.2e-05,0.979579,other,기타/검토,no_rule,yes
양장 제조원,62,6.2e-05,0.979641,other,기타/검토,no_rule,yes
"전직 보육 관련 시설 서비스 종사원, 현재 구직중",61,6.1e-05,0.979702,unemployed,무직/비경제활동,contains:구직중,
그 외 표백 및 염색 관련 기계 조작원,61,6.1e-05,0.979763,8,장치·기계 조작 및 조립 종사자,contains:조작원,
그 외 종이제품 생산기 조작원,61,6.1e-05,0.979824,8,장치·기계 조작 및 조립 종사자,contains:조작원,
농업용 기계 설치 및 정비원,61,6.1e-05,0.979885,6,농림·어업 숙련 종사자,contains:농업,
"전직 매장 정리원, 현재 구직중",60,6e-05,0.979945,unemployed,무직/비경제활동,contains:구직중,
"전직 예약 및 접수 사무원, 현재 구직중",60,6e-05,0.980005,unemployed,무직/비경제활동,contains:구직중,
출판물 기획자,60,6e-05,0.980065,2,전문가 및 관련 종사자,suffix:기획자,
필름 생산기 조작원,60,6e-05,0.980125,8,장치·기계 조작 및 조립 종사자,contains:조작원,
행사 전시 기획자,60,6e-05,0.980185,2,전문가 및 관련 종사자,suffix:기획자,
메이크업 아티스트,60,6e-05,0.980245,other,기타/검토,no_rule,yes
투자 및 증권 분석가,59,5.9e-05,0.980304,2,전문가 및 관련 종사자,contains:분석가,
건설기계 조립원,59,5.9e-05,0.980363,8,장치·기계 조작 및 조립 종사자,contains:조립,
섬유기계 설치 및 정비원,59,5.9e-05,0.980422,7,기능원 및 관련 기능 종사자,contains:설치,
전자 제품 기계 설치 및 정비원,59,5.9e-05,0.980481,7,기능원 및 관련 기능 종사자,contains:설치,
책 디자이너,59,5.9e-05,0.98054,2,전문가 및 관련 종사자,suffix:디자이너,
액세서리 디자이너,59,5.9e-05,0.980599,2,전문가 및 관련 종사자,suffix:디자이너,
예술 및 인문학 시간강사,59,5.9e-05,0.980658,2,전문가 및 관련 종사자,suffix:강사,
신부,59,5.9e-05,0.980717,other,기타/검토,no_rule,yes
임상심리사,59,5.9e-05,0.980776,2,전문가 및 관련 종사자,contains:임상,
"전직 119 구조대원, 현재 구직중",58,5.8e-05,0.980834,unemployed,무직/비경제활동,contains:구직중,
경기 기록원,58,5.8e-05,0.980892,other,기타/검토,no_rule,yes
자재 및 구매 관리자,58,5.8e-05,0.98095,1,관리자,contains:관리자,
그 외 식문화 관련 전문가,58,5.8e-05,0.981008,2,전문가 및 관련 종사자,suffix:전문가,
"전직 용접기 조작원, 현재 구직중",58,5.8e-05,0.981066,unemployed,무직/비경제활동,contains:구직중,
조명 기구 설치 및 수리원,57,5.7e-05,0.981123,7,기능원 및 관련 기능 종사자,contains:설치,
자동차 섀시 정비원,57,5.7e-05,0.98118,7,기능원 및 관련 기능 종사자,contains:정비,
점화·발파 및 화약 관리원,57,5.7e-05,0.981237,2,전문가 및 관련 종사자,suffix:관리원,
"전직 검표원, 현재 구직중",57,5.7e-05,0.981294,unemployed,무직/비경제활동,contains:구직중,
"전직 주차 관리원, 현재 구직중",57,5.7e-05,0.981351,unemployed,무직/비경제활동,contains:구직중,
악기 제조 및 수리원,56,5.6e-05,0.981407,7,기능원 및 관련 기능 종사자,contains:수리,
작업치료사,56,5.6e-05,0.981463,2,전문가 및 관련 종사자,contains:치료사,
종이상자 및 봉투 제조기 조작원,56,5.6e-05,0.981519,8,장치·기계 조작 및 조립 종사자,contains:조작원,
"전직 육군 부사관, 현재 구직중",56,5.6e-05,0.981575,unemployed,무직/비경제활동,contains:구직중,
음식 서비스 관련 관리자,56,5.6e-05,0.981631,1,관리자,contains:관리자,
항공기 전기 설치원,56,5.6e-05,0.981687,7,기능원 및 관련 기능 종사자,contains:설치,
그 외 통신공학 기술자 및 연구원,55,5.5e-05,0.981742,2,전문가 및 관련 종사자,suffix:연구원,
광학기구 수리원,55,5.5e-05,0.981797,7,기능원 및 관련 기능 종사자,contains:수리,
그 외 숙박시설 서비스원,55,5.5e-05,0.981852,4,서비스 종사자,contains:서비스,
가구 디자이너,55,5.5e-05,0.981907,2,전문가 및 관련 종사자,suffix:디자이너,
단조기 조작원,55,5.5e-05,0.981962,8,장치·기계 조작 및 조립 종사자,contains:조작원,
그 외 자연과학 시험원,55,5.5e-05,0.982017,other,기타/검토,no_rule,yes
그 외 시멘트 및 광물제품 제조기 조작원,55,5.5e-05,0.982072,8,장치·기계 조작 및 조립 종사자,contains:조작원,
전문 한의사,55,5.5e-05,0.982127,2,전문가 및 관련 종사자,suffix:의사,
그 외 수제 식품 제조 종사원,54,5.4e-05,0.982181,other,기타/검토,no_rule,yes
"전직 철도 기관사, 현재 구직중",54,5.4e-05,0.982235,unemployed,무직/비경제활동,contains:구직중,
유리 제조 및 제품 가공기 조작원,54,5.4e-05,0.982289,8,장치·기계 조작 및 조립 종사자,contains:조작원,
학예사,54,5.4e-05,0.982343,other,기타/검토,no_rule,yes
그 외 비금속제품 관련 생산기 조작원,54,5.4e-05,0.982397,8,장치·기계 조작 및 조립 종사자,contains:조작원,
신발 및 구두 재단사,54,5.4e-05,0.982451,other,기타/검토,no_rule,yes
공작기계 조립원,54,5.4e-05,0.982505,8,장치·기계 조작 및 조립 종사자,contains:조립,
금속용해로 및 금속가열로 조작원,53,5.3e-05,0.982558,8,장치·기계 조작 및 조립 종사자,contains:조작원,
"전직 공공행정 사무원, 현재 구직중",53,5.3e-05,0.982611,unemployed,무직/비경제활동,contains:구직중,
그 외 채굴 및 토목 관련 종사원,52,5.2e-05,0.982663,7,기능원 및 관련 기능 종사자,contains:토목,
"전직 판금원, 현재 구직중",52,5.2e-05,0.982715,unemployed,무직/비경제활동,contains:구직중,
노래방 서비스원,52,5.2e-05,0.982767,4,서비스 종사자,contains:서비스,
선박부원,52,5.2e-05,0.982819,8,장치·기계 조작 및 조립 종사자,contains:선박,
임업 단순 종사원,52,5.2e-05,0.982871,6,농림·어업 숙련 종사자,contains:임업,
그 외 생명과학 연구원,52,5.2e-05,0.982923,2,전문가 및 관련 종사자,suffix:연구원,
목재처리기 조작원,52,5.2e-05,0.982975,8,장치·기계 조작 및 조립 종사자,contains:조작원,
경비 관련 관리자,52,5.2e-05,0.983027,1,관리자,contains:관리자,
"전직 그 외 기계 조작원, 현재 구직중",51,5.1e-05,0.983078,unemployed,무직/비경제활동,contains:구직중,
비행기 정비원,51,5.1e-05,0.983129,7,기능원 및 관련 기능 종사자,contains:정비,
어패류가공 기계 조작원,51,5.1e-05,0.98318,8,장치·기계 조작 및 조립 종사자,contains:조작원,
판지 라이닝기 조작원,51,5.1e-05,0.983231,8,장치·기계 조작 및 조립 종사자,contains:조작원,
커피 및 차류 제조기 조작원,51,5.1e-05,0.983282,8,장치·기계 조작 및 조립 종사자,contains:조작원,
"전직 그 외 철도 및 전동차 기관사, 현재 구직중",51,5.1e-05,0.983333,unemployed,무직/비경제활동,contains:구직중,
낙농품가공 기계 조작원,51,5.1e-05,0.983384,8,장치·기계 조작 및 조립 종사자,contains:조작원,
"전직 산업용로봇 조작원, 현재 구직중",50,5e-05,0.983434,unemployed,무직/비경제활동,contains:구직중,
"전직 냉난방·공조공학 기술자 및 연구원, 현재 구직중",50,5e-05,0.983484,unemployed,무직/비경제활동,contains:구직중,
선박 조립원,50,5e-05,0.983534,8,장치·기계 조작 및 조립 종사자,contains:선박,
음향 및 녹음 기사,50,5e-05,0.983584,2,전문가 및 관련 종사자,suffix:기사,
섬유 및 펠트 관련 선별원,50,5e-05,0.983634,other,기타/검토,no_rule,yes
"전직 요양 보호사, 현재 구직중",50,5e-05,0.983684,unemployed,무직/비경제활동,contains:구직중,
"전직 그 외 택배원, 현재 구직중",50,5e-05,0.983734,unemployed,무직/비경제활동,contains:구직중,
"전직 그 외 전기·전자기기 설치 및 수리원, 현재 구직중",49,4.9e-05,0.983783,unemployed,무직/비경제활동,contains:구직중,
"전직 전기 감리 기술자 및 연구원, 현재 구직중",49,4.9e-05,0.983832,unemployed,무직/비경제활동,contains:구직중,
해병대 병사,49,4.9e-05,0.983881,A,군인,contains:병사,
지휘자,49,4.9e-05,0.98393,other,기타/검토,no_rule,yes
승려,49,4.9e-05,0.983979,other,기타/검토,no_rule,yes
합판생산기 조작원,49,4.9e-05,0.984028,8,장치·기계 조작 및 조립 종사자,contains:조작원,
그 외 경영 및 진단 전문가,48,4.8e-05,0.984076,2,전문가 및 관련 종사자,suffix:전문가,
대학 교육 조교,48,4.8e-05,0.984124,other,기타/검토,no_rule,yes
전자 및 통신장비 기술 영업원,48,4.8e-05,0.984172,5,판매 종사자,contains:영업,
레크리에이션 전문가,48,4.8e-05,0.98422,2,전문가 및 관련 종사자,suffix:전문가,
과실 및 채소 가공 관련 기계 조작원,48,4.8e-05,0.984268,8,장치·기계 조작 및 조립 종사자,contains:조작원,
소방 관리자,48,4.8e-05,0.984316,1,관리자,contains:관리자,
고무 및 플라스틱 시험원,48,4.8e-05,0.984364,other,기타/검토,no_rule,yes
"전직 철도교통 관제사, 현재 구직중",48,4.8e-05,0.984412,unemployed,무직/비경제활동,contains:구직중,
"전직 변호사, 현재 구직중",48,4.8e-05,0.98446,unemployed,무직/비경제활동,contains:구직중,
"전직 그 외 제조 관련 단순 종사원, 현재 구직중",48,4.8e-05,0.984508,unemployed,무직/비경제활동,contains:구직중,
스포츠 코치,48,4.8e-05,0.984556,other,기타/검토,no_rule,yes
등대원,48,4.8e-05,0.984604,other,기타/검토,no_rule,yes
기록물 관리사,47,4.7e-05,0.984651,other,기타/검토,no_rule,yes
"전직 방문 고객 상담원, 현재 구직중",47,4.7e-05,0.984698,unemployed,무직/비경제활동,contains:구직중,
"전직 매장 계산원, 현재 구직중",47,4.7e-05,0.984745,unemployed,무직/비경제활동,contains:구직중,
소년원 학교 교사,47,4.7e-05,0.984792,2,전문가 및 관련 종사자,suffix:교사,
"전직 해외 영업원, 현재 구직중",47,4.7e-05,0.984839,unemployed,무직/비경제활동,contains:구직중,
"전직 치과위생사, 현재 구직중",47,4.7e-05,0.984886,unemployed,무직/비경제활동,contains:구직중,
"전직 육군 장교, 현재 구직중",47,4.7e-05,0.984933,unemployed,무직/비경제활동,contains:구직중,
그 외 배관공,47,4.7e-05,0.98498,7,기능원 및 관련 기능 종사자,contains:배관,
"전직 농수산물 중개인 및 경매사, 현재 구직중",47,4.7e-05,0.985027,unemployed,무직/비경제활동,contains:구직중,
지도 제작 기술자,47,4.7e-05,0.985074,2,전문가 및 관련 종사자,suffix:기술자,
조경 관련 관리자,47,4.7e-05,0.985121,1,관리자,contains:관리자,
"전직 공공행정 전문가, 현재 구직중",46,4.6e-05,0.985167,unemployed,무직/비경제활동,contains:구직중,
그 외 금속가공 관련 제어 장치 조작원,46,4.6e-05,0.985213,8,장치·기계 조작 및 조립 종사자,contains:조작원,
"전직 통신장비 기사, 현재 구직중",46,4.6e-05,0.985259,unemployed,무직/비경제활동,contains:구직중,
해상운송 관련 관리자,46,4.6e-05,0.985305,1,관리자,contains:관리자,
그 외 외선 전기원,46,4.6e-05,0.985351,other,기타/검토,no_rule,yes
보석 세공원,45,4.5e-05,0.985396,other,기타/검토,no_rule,yes
보험 상품 개발자,45,4.5e-05,0.985441,2,전문가 및 관련 종사자,contains:개발,
"전직 사회복지사, 현재 구직중",45,4.5e-05,0.985486,unemployed,무직/비경제활동,contains:구직중,
"전직 그 외 제품 디자이너, 현재 구직중",45,4.5e-05,0.985531,unemployed,무직/비경제활동,contains:구직중,
만화영화 작가,45,4.5e-05,0.985576,other,기타/검토,no_rule,yes
수도 관련 관리자,44,4.4e-05,0.98562,1,관리자,contains:관리자,
농업기계 조립원,44,4.4e-05,0.985664,6,농림·어업 숙련 종사자,contains:농업,
그 외 언론 관련 전문가,44,4.4e-05,0.985708,2,전문가 및 관련 종사자,suffix:전문가,
광석 및 금속용광로 조작원,44,4.4e-05,0.985752,8,장치·기계 조작 및 조립 종사자,contains:조작원,
그 외 재활용 처리 및 소각로 조작원,44,4.4e-05,0.985796,8,장치·기계 조작 및 조립 종사자,contains:조작원,
"전직 위험 관리원, 현재 구직중",44,4.4e-05,0.98584,unemployed,무직/비경제활동,contains:구직중,
신용 분석가,44,4.4e-05,0.985884,2,전문가 및 관련 종사자,contains:분석가,
선장,44,4.4e-05,0.985928,other,기타/검토,no_rule,yes
문화재 보존원,44,4.4e-05,0.985972,other,기타/검토,no_rule,yes
무대의상 관리원,43,4.3e-05,0.986015,2,전문가 및 관련 종사자,suffix:관리원,
전도사,43,4.3e-05,0.986058,other,기타/검토,no_rule,yes
선박 정비원,43,4.3e-05,0.986101,8,장치·기계 조작 및 조립 종사자,contains:선박,
고속철 기관차 정비원,43,4.3e-05,0.986144,7,기능원 및 관련 기능 종사자,contains:정비,
디지털인쇄기 조작원,43,4.3e-05,0.986187,8,장치·기계 조작 및 조립 종사자,contains:조작원,
"전직 농업 단순 종사원, 현재 구직중",43,4.3e-05,0.98623,unemployed,무직/비경제활동,contains:구직중,
"전직 자동 조립라인 조작원, 현재 구직중",43,4.3e-05,0.986273,unemployed,무직/비경제활동,contains:구직중,
외환 딜러,43,4.3e-05,0.986316,other,기타/검토,no_rule,yes
여행 상품 개발자,42,4.2e-05,0.986358,2,전문가 및 관련 종사자,contains:개발,
"전직 그 외 음식 서비스 종사원, 현재 구직중",42,4.2e-05,0.9864,unemployed,무직/비경제활동,contains:구직중,
체형 관리사,42,4.2e-05,0.986442,other,기타/검토,no_rule,yes
통신 관리자,42,4.2e-05,0.986484,1,관리자,contains:관리자,
"전직 영업 관련 관리자, 현재 구직중",42,4.2e-05,0.986526,unemployed,무직/비경제활동,contains:구직중,
식품 생산 관리자,42,4.2e-05,0.986568,1,관리자,contains:관리자,
과수작물 재배원,41,4.1e-05,0.986609,other,기타/검토,no_rule,yes
"전직 전동차 기관사, 현재 구직중",41,4.1e-05,0.98665,unemployed,무직/비경제활동,contains:구직중,
"전직 냉난방기 관련 설비 조작원, 현재 구직중",41,4.1e-05,0.986691,unemployed,무직/비경제활동,contains:구직중,
"전직 그 외 전기공학 기술자 및 연구원, 현재 구직중",41,4.1e-05,0.986732,unemployed,무직/비경제활동,contains:구직중,
"전직 철로 설치원, 현재 구직중",41,4.1e-05,0.986773,unemployed,무직/비경제활동,contains:구직중,
오락 및 스포츠용품 대여원,41,4.1e-05,0.986814,other,기타/검토,no_rule,yes
해군 병사,41,4.1e-05,0.986855,A,군인,contains:병사,
체육 및 그 외 분야 시간강사,40,4e-05,0.986895,2,전문가 및 관련 종사자,suffix:강사,
무역 관련 관리자,40,4e-05,0.986935,1,관리자,contains:관리자,
그 외 공예원,40,4e-05,0.986975,other,기타/검토,no_rule,yes
"전직 데이터 관리 및 운영자, 현재 구직중",40,4e-05,0.987015,unemployed,무직/비경제활동,contains:구직중,
"전직 중형 화물차 운전원, 현재 구직중",40,4e-05,0.987055,unemployed,무직/비경제활동,contains:구직중,
"전직 부동산 감정 전문가, 현재 구직중",40,4e-05,0.987095,unemployed,무직/비경제활동,contains:구직중,
정수 처리 장치 조작원,40,4e-05,0.987135,8,장치·기계 조작 및 조립 종사자,contains:조작원,
"전직 플랜트공학 기술자 및 연구원, 현재 구직중",40,4e-05,0.987175,unemployed,무직/비경제활동,contains:구직중,
부동산 및 임대업 관리자,40,4e-05,0.987215,1,관리자,contains:관리자,
"전직 전자제품 개발 기술자 및 연구원, 현재 구직중",40,4e-05,0.987255,unemployed,무직/비경제활동,contains:구직중,
"전직 양식 조리사, 현재 구직중",39,3.9e-05,0.987294,unemployed,무직/비경제활동,contains:구직중,
"전직 고속철 기관사, 현재 구직중",39,3.9e-05,0.987333,unemployed,무직/비경제활동,contains:구직중,
경인쇄기 조작원,39,3.9e-05,0.987372,8,장치·기계 조작 및 조립 종사자,contains:조작원,
"전직 가스 배관공, 현재 구직중",39,3.9e-05,0.987411,unemployed,무직/비경제활동,contains:구직중,
수력발전장치 운전원,39,3.9e-05,0.98745,8,장치·기계 조작 및 조립 종사자,contains:운전원,
폐기물 처리 시험원,39,3.9e-05,0.987489,other,기타/검토,no_rule,yes
제재기 조작원,39,3.9e-05,0.987528,8,장치·기계 조작 및 조립 종사자,contains:조작원,
콘크리트 믹서 트럭 운전원,39,3.9e-05,0.987567,8,장치·기계 조작 및 조립 종사자,contains:운전원,
목사,39,3.9e-05,0.987606,other,기타/검토,no_rule,yes
그 외 종교 관련 종사원,38,3.8e-05,0.987644,other,기타/검토,no_rule,yes
민속신앙 관련 종사원,38,3.8e-05,0.987682,other,기타/검토,no_rule,yes
펌프 장치 조작원,38,3.8e-05,0.98772,8,장치·기계 조작 및 조립 종사자,contains:조작원,
그 외 음료 제조 관련 기계 조작원,38,3.8e-05,0.987758,4,서비스 종사자,contains:음료,
시멘트 및 석회 제조 관련 조작원,38,3.8e-05,0.987796,8,장치·기계 조작 및 조립 종사자,contains:조작원,
"전직 그 외 자동차 운전원, 현재 구직중",38,3.8e-05,0.987834,unemployed,무직/비경제활동,contains:구직중,
금융자산 운용가,38,3.8e-05,0.987872,other,기타/검토,no_rule,yes
담배 제조 관련 기계 조작원,38,3.8e-05,0.98791,8,장치·기계 조작 및 조립 종사자,contains:조작원,
"전직 주류 서비스 종사원, 현재 구직중",38,3.8e-05,0.987948,unemployed,무직/비경제활동,contains:구직중,
"전직 그 외 기계공학 기술자 및 연구원, 현재 구직중",38,3.8e-05,0.987986,unemployed,무직/비경제활동,contains:구직중,
항공기 조립원,38,3.8e-05,0.988024,8,장치·기계 조작 및 조립 종사자,contains:조립,
"전직 판매 사무원, 현재 구직중",37,3.7e-05,0.988061,unemployed,무직/비경제활동,contains:구직중,
개인 생활 서비스 종사원,37,3.7e-05,0.988098,4,서비스 종사자,contains:서비스,
사용자 경험 및 인터페이스 디자이너,37,3.7e-05,0.988135,2,전문가 및 관련 종사자,suffix:디자이너,
세제 생산기 조작원,37,3.7e-05,0.988172,8,장치·기계 조작 및 조립 종사자,contains:조작원,
"전직 병무행정 사무원, 현재 구직중",37,3.7e-05,0.988209,unemployed,무직/비경제활동,contains:구직중,
보험 인수 심사원,37,3.7e-05,0.988246,other,기타/검토,no_rule,yes
"전직 컴퓨터 설치 및 수리원, 현재 구직중",37,3.7e-05,0.988283,unemployed,무직/비경제활동,contains:구직중,
철도차량 전기 설치원,37,3.7e-05,0.98832,8,장치·기계 조작 및 조립 종사자,contains:철도,
의료기기 설치 및 수리원,37,3.7e-05,0.988357,7,기능원 및 관련 기능 종사자,contains:설치,
"전직 데이터 설계 및 프로그래머, 현재 구직중",37,3.7e-05,0.988394,unemployed,무직/비경제활동,contains:구직중,
플라스틱제품 조립원,36,3.6e-05,0.98843,8,장치·기계 조작 및 조립 종사자,contains:조립,
중앙정부 고위 공무원,36,3.6e-05,0.988466,other,기타/검토,no_rule,yes
"전직 기업 대표이사, 현재 구직중",36,3.6e-05,0.988502,unemployed,무직/비경제활동,contains:구직중,
소음 진동 시험원,36,3.6e-05,0.988538,other,기타/검토,no_rule,yes
"전직 그 외 판매 관련 단순 종사원, 현재 구직중",36,3.6e-05,0.988574,unemployed,무직/비경제활동,contains:구직중,
목욕 관리사,36,3.6e-05,0.98861,other,기타/검토,no_rule,yes
그 외 금융 및 보험 관련 전문가,36,3.6e-05,0.988646,2,전문가 및 관련 종사자,suffix:전문가,
"전직 시내버스 운전원, 현재 구직중",36,3.6e-05,0.988682,unemployed,무직/비경제활동,contains:구직중,
그 외 감독 및 연출가,36,3.6e-05,0.988718,other,기타/검토,no_rule,yes
비료 생산기 조작원,36,3.6e-05,0.988754,8,장치·기계 조작 및 조립 종사자,contains:조작원,
자동차 도장 정비원,36,3.6e-05,0.98879,7,기능원 및 관련 기능 종사자,contains:정비,
자전거 정비원,35,3.5e-05,0.988825,7,기능원 및 관련 기능 종사자,contains:정비,
조미 식품 생산기 조작원,35,3.5e-05,0.98886,8,장치·기계 조작 및 조립 종사자,contains:조작원,
반려동물 미용사,35,3.5e-05,0.988895,4,서비스 종사자,contains:미용,
"전직 그 외 배달원, 현재 구직중",35,3.5e-05,0.98893,unemployed,무직/비경제활동,contains:구직중,
"전직 일반 경찰관 및 수사관, 현재 구직중",35,3.5e-05,0.988965,unemployed,무직/비경제활동,contains:구직중,
공구 조립원,35,3.5e-05,0.989,8,장치·기계 조작 및 조립 종사자,contains:조립,
인테리어 디자이너,35,3.5e-05,0.989035,2,전문가 및 관련 종사자,suffix:디자이너,
식품 등급원,35,3.5e-05,0.98907,other,기타/검토,no_rule,yes
생물학 연구원,35,3.5e-05,0.989105,2,전문가 및 관련 종사자,suffix:연구원,
촬영기사,35,3.5e-05,0.98914,2,전문가 및 관련 종사자,suffix:기사,
"전직 변리사, 현재 구직중",35,3.5e-05,0.989175,unemployed,무직/비경제활동,contains:구직중,
건설기계공학 기술자 및 연구원,35,3.5e-05,0.98921,2,전문가 및 관련 종사자,suffix:연구원,
환경 영향 평가원,35,3.5e-05,0.989245,other,기타/검토,no_rule,yes
"전직 정보 보안 전문가, 현재 구직중",35,3.5e-05,0.98928,unemployed,무직/비경제활동,contains:구직중,
장례 상담원,35,3.5e-05,0.989315,4,서비스 종사자,contains:상담원,
가죽 및 모피 수선원,34,3.4e-05,0.989349,other,기타/검토,no_rule,yes
그 외 인문과학 연구원,34,3.4e-05,0.989383,2,전문가 및 관련 종사자,suffix:연구원,
"전직 토목 제도사, 현재 구직중",34,3.4e-05,0.989417,unemployed,무직/비경제활동,contains:구직중,
인류학 연구원,34,3.4e-05,0.989451,2,전문가 및 관련 종사자,suffix:연구원,
"전직 약사, 현재 구직중",34,3.4e-05,0.989485,unemployed,무직/비경제활동,contains:구직중,
"전직 청소년 지도사, 현재 구직중",34,3.4e-05,0.989519,unemployed,무직/비경제활동,contains:구직중,
자동차 엔진 정비원,34,3.4e-05,0.989553,7,기능원 및 관련 기능 종사자,contains:정비,
섬유 제조 기계 조작원,34,3.4e-05,0.989587,8,장치·기계 조작 및 조립 종사자,contains:조작원,
"전직 출판 및 자료편집 사무원, 현재 구직중",34,3.4e-05,0.989621,unemployed,무직/비경제활동,contains:구직중,
호이스트 설치 및 정비원,34,3.4e-05,0.989655,7,기능원 및 관련 기능 종사자,contains:설치,
"전직 육군 병사, 현재 구직중",34,3.4e-05,0.989689,unemployed,무직/비경제활동,contains:구직중,
"전직 데스크 안내원, 현재 구직중",33,3.3e-05,0.989722,unemployed,무직/비경제활동,contains:구직중,
"전직 웹 운영자, 현재 구직중",33,3.3e-05,0.989755,unemployed,무직/비경제활동,contains:구직중,
그 외 화학공학 시험원,33,3.3e-05,0.989788,other,기타/검토,no_rule,yes
색채 전문가,33,3.3e-05,0.989821,2,전문가 및 관련 종사자,suffix:전문가,
보건 의료 관련 관리자,33,3.3e-05,0.989854,1,관리자,contains:관리자,
직물 재봉사,33,3.3e-05,0.989887,other,기타/검토,no_rule,yes
점술가,33,3.3e-05,0.98992,other,기타/검토,no_rule,yes
"전직 행사 및 홍보 도우미, 현재 구직중",33,3.3e-05,0.989953,unemployed,무직/비경제활동,contains:구직중,
"전직 그 외 법률 관련 사무원, 현재 구직중",33,3.3e-05,0.989986,unemployed,무직/비경제활동,contains:구직중,
"전직 그 외 화학제품 생산기 조작원, 현재 구직중",33,3.3e-05,0.990019,unemployed,무직/비경제활동,contains:구직중,
수녀 및 수사,33,3.3e-05,0.990052,other,기타/검토,no_rule,yes
헬리콥터 정비원,32,3.2e-05,0.990084,7,기능원 및 관련 기능 종사자,contains:정비,
공공 기관 임원,32,3.2e-05,0.990116,1,관리자,contains:임원,
"전직 광고 및 홍보 사무원, 현재 구직중",32,3.2e-05,0.990148,unemployed,무직/비경제활동,contains:구직중,
자동차 튜닝원,32,3.2e-05,0.99018,other,기타/검토,no_rule,yes
"전직 산불 감시원, 현재 구직중",32,3.2e-05,0.990212,unemployed,무직/비경제활동,contains:구직중,
승차권 판매원,32,3.2e-05,0.990244,5,판매 종사자,contains:판매,
"전직 프레스기 및 절단기 조작원, 현재 구직중",32,3.2e-05,0.990276,unemployed,무직/비경제활동,contains:구직중,
언어학 및 문학 연구원,31,3.1e-05,0.990307,2,전문가 및 관련 종사자,suffix:연구원,
"전직 회계사, 현재 구직중",31,3.1e-05,0.990338,unemployed,무직/비경제활동,contains:구직중,
삽화가,31,3.1e-05,0.990369,other,기타/검토,no_rule,yes
"전직 가스 점검원, 현재 구직중",31,3.1e-05,0.9904,unemployed,무직/비경제활동,contains:구직중,
지중 전력설비 전기원,31,3.1e-05,0.990431,other,기타/검토,no_rule,yes
교육학 연구원,31,3.1e-05,0.990462,2,전문가 및 관련 종사자,suffix:연구원,
방재 기술자 및 연구원,31,3.1e-05,0.990493,2,전문가 및 관련 종사자,suffix:연구원,
물리학 시험원,31,3.1e-05,0.990524,other,기타/검토,no_rule,yes
디스플레이 디자이너,31,3.1e-05,0.990555,2,전문가 및 관련 종사자,suffix:디자이너,
식품기계 설치 및 정비원,31,3.1e-05,0.990586,7,기능원 및 관련 기능 종사자,contains:설치,
인쇄 및 광고 영업원,31,3.1e-05,0.990617,5,판매 종사자,contains:영업,
자연과학·수학 및 통계학 시간강사,31,3.1e-05,0.990648,2,전문가 및 관련 종사자,suffix:강사,
결혼상담원,31,3.1e-05,0.990679,4,서비스 종사자,contains:상담원,
"전직 그 외 의복 제조 관련 기능 종사원, 현재 구직중",31,3.1e-05,0.99071,unemployed,무직/비경제활동,contains:구직중,
전기케이블 접속원,30,3e-05,0.99074,other,기타/검토,no_rule,yes
"전직 그 외 화물차 및 특수차 운전원, 현재 구직중",30,3e-05,0.99077,unemployed,무직/비경제활동,contains:구직중,
석재 절단원,30,3e-05,0.9908,other,기타/검토,no_rule,yes
"전직 의류 판매원, 현재 구직중",30,3e-05,0.99083,unemployed,무직/비경제활동,contains:구직중,
벽돌 및 타일 생산기 조작원,30,3e-05,0.99086,8,장치·기계 조작 및 조립 종사자,contains:조작원,
"전직 제빵사 및 제과원, 현재 구직중",30,3e-05,0.99089,unemployed,무직/비경제활동,contains:구직중,
자동차 판금 정비원,30,3e-05,0.99092,7,기능원 및 관련 기능 종사자,contains:판금,
콘크리트제품 제조 관련 조작원,30,3e-05,0.99095,8,장치·기계 조작 및 조립 종사자,contains:조작원,
약학 연구원,30,3e-05,0.99098,2,전문가 및 관련 종사자,suffix:연구원,
광원,30,3e-05,0.99101,other,기타/검토,no_rule,yes
그 외 소방공학 기술자 및 연구원,29,2.9e-05,0.991039,2,전문가 및 관련 종사자,suffix:연구원,
정보 통신기술 분야 시간강사,29,2.9e-05,0.991068,2,전문가 및 관련 종사자,suffix:강사,
토양 환경 기술자 및 연구원,29,2.9e-05,0.991097,2,전문가 및 관련 종사자,suffix:연구원,
사회과학·경영 및 법학 시간강사,29,2.9e-05,0.991126,2,전문가 및 관련 종사자,suffix:강사,
선박 전기 설치원,29,2.9e-05,0.991155,8,장치·기계 조작 및 조립 종사자,contains:선박,
"전직 통계 사무원, 현재 구직중",29,2.9e-05,0.991184,unemployed,무직/비경제활동,contains:구직중,
사회복지학 연구원,29,2.9e-05,0.991213,2,전문가 및 관련 종사자,suffix:연구원,
"전직 로봇공학 기술자 및 연구원, 현재 구직중",29,2.9e-05,0.991242,unemployed,무직/비경제활동,contains:구직중,
"전직 산업 특화 소프트웨어 프로그래머, 현재 구직중",29,2.9e-05,0.991271,unemployed,무직/비경제활동,contains:구직중,
알코올성 음료 제조기 조작원,29,2.9e-05,0.9913,4,서비스 종사자,contains:음료,
광석 및 석재 가공장치 조작원,29,2.9e-05,0.991329,8,장치·기계 조작 및 조립 종사자,contains:조작원,
언론학 연구원,28,2.8e-05,0.991357,2,전문가 및 관련 종사자,suffix:연구원,
"전직 시스템 소프트웨어 설계 및 분석가, 현재 구직중",28,2.8e-05,0.991385,unemployed,무직/비경제활동,contains:구직중,
"전직 네트워크 시스템 개발자, 현재 구직중",28,2.8e-05,0.991413,unemployed,무직/비경제활동,contains:구직중,
두부 및 유사 제품 기계 조작원,28,2.8e-05,0.991441,8,장치·기계 조작 및 조립 종사자,contains:조작원,
환경 영향 시험원,28,2.8e-05,0.991469,other,기타/검토,no_rule,yes
"전직 커피 조리사, 현재 구직중",28,2.8e-05,0.991497,unemployed,무직/비경제활동,contains:구직중,
"전직 웹 프로그래머, 현재 구직중",28,2.8e-05,0.991525,unemployed,무직/비경제활동,contains:구직중,
"전직 상담 전문가, 현재 구직중",28,2.8e-05,0.991553,unemployed,무직/비경제활동,contains:구직중,
외과 전문 의사,28,2.8e-05,0.991581,2,전문가 및 관련 종사자,suffix:의사,
건설자재 시험원,28,2.8e-05,0.991609,7,기능원 및 관련 기능 종사자,contains:건설,
"전직 관광버스 운전원, 현재 구직중",28,2.8e-05,0.991637,unemployed,무직/비경제활동,contains:구직중,
가죽 패턴사,28,2.8e-05,0.991665,other,기타/검토,no_rule,yes
"전직 크레인 운전원, 현재 구직중",28,2.8e-05,0.991693,unemployed,무직/비경제활동,contains:구직중,
"전직 소규모 상점 일선 관리 종사원, 현재 구직중",28,2.8e-05,0.991721,unemployed,무직/비경제활동,contains:구직중,
"전직 시스템 소프트웨어 프로그래머, 현재 구직중",28,2.8e-05,0.991749,unemployed,무직/비경제활동,contains:구직중,
"전직 보험 사무원, 현재 구직중",28,2.8e-05,0.991777,unemployed,무직/비경제활동,contains:구직중,
수학 및 통계학 연구원,28,2.8e-05,0.991805,2,전문가 및 관련 종사자,suffix:연구원,
임업 시험원,27,2.7e-05,0.991832,6,농림·어업 숙련 종사자,contains:임업,
돼지 사육자,27,2.7e-05,0.991859,other,기타/검토,no_rule,yes
"전직 음식료품 판매원, 현재 구직중",27,2.7e-05,0.991886,unemployed,무직/비경제활동,contains:구직중,
"전직 무역 사무원, 현재 구직중",27,2.7e-05,0.991913,unemployed,무직/비경제활동,contains:구직중,
건축에너지 관리 및 평가 기술자,27,2.7e-05,0.99194,2,전문가 및 관련 종사자,suffix:기술자,
검사,27,2.7e-05,0.991967,2,전문가 및 관련 종사자,suffix:검사,
"전직 휠체어 리프트 설치 및 정비원, 현재 구직중",27,2.7e-05,0.991994,unemployed,무직/비경제활동,contains:구직중,
금융 상품 개발자,26,2.6e-05,0.99202,2,전문가 및 관련 종사자,contains:개발,
투자신탁 전문가,26,2.6e-05,0.992046,2,전문가 및 관련 종사자,suffix:전문가,
그 외 전문 서비스 관리자,26,2.6e-05,0.992072,1,관리자,contains:관리자,
지게차 정비원,26,2.6e-05,0.992098,8,장치·기계 조작 및 조립 종사자,contains:지게차,
그 외 전문 의사,26,2.6e-05,0.992124,2,전문가 및 관련 종사자,suffix:의사,
"전직 중고차 영업원, 현재 구직중",26,2.6e-05,0.99215,unemployed,무직/비경제활동,contains:구직중,
조율사,26,2.6e-05,0.992176,other,기타/검토,no_rule,yes
"전직 그 외 기계장비 설치 및 정비원, 현재 구직중",26,2.6e-05,0.992202,unemployed,무직/비경제활동,contains:구직중,
그 외 작가,26,2.6e-05,0.992228,other,기타/검토,no_rule,yes
그 외 전기 및 전자설비 조작원,26,2.6e-05,0.992254,8,장치·기계 조작 및 조립 종사자,contains:조작원,
대학교 총장 및 대학 학장,26,2.6e-05,0.99228,other,기타/검토,no_rule,yes
"전직 구급 요원, 현재 구직중",26,2.6e-05,0.992306,unemployed,무직/비경제활동,contains:구직중,
만화가,26,2.6e-05,0.992332,other,기타/검토,no_rule,yes
그 외 수선원,26,2.6e-05,0.992358,other,기타/검토,no_rule,yes
가구 제조원,26,2.6e-05,0.992384,other,기타/검토,no_rule,yes
석제품 가공기 조작원,26,2.6e-05,0.99241,8,장치·기계 조작 및 조립 종사자,contains:조작원,
그 외 목제품 제조 관련 종사원,26,2.6e-05,0.992436,other,기타/검토,no_rule,yes
"전직 재무 관리자, 현재 구직중",25,2.5e-05,0.992461,unemployed,무직/비경제활동,contains:구직중,
환경 감시원,25,2.5e-05,0.992486,other,기타/검토,no_rule,yes
소방 공사 감리 기술자 및 연구원,25,2.5e-05,0.992511,2,전문가 및 관련 종사자,suffix:연구원,
화력발전장치 운전원,25,2.5e-05,0.992536,8,장치·기계 조작 및 조립 종사자,contains:운전원,
화장품 생산기 조작원,25,2.5e-05,0.992561,8,장치·기계 조작 및 조립 종사자,contains:조작원,
사탕·껌 및 초콜릿 제품 기계 조작원,25,2.5e-05,0.992586,8,장치·기계 조작 및 조립 종사자,contains:조작원,
국내 및 국제회의 기획자,25,2.5e-05,0.992611,2,전문가 및 관련 종사자,suffix:기획자,
"전직 대출 모집인, 현재 구직중",25,2.5e-05,0.992636,unemployed,무직/비경제활동,contains:구직중,
"전직 농약·비료 기술자 및 연구원, 현재 구직중",25,2.5e-05,0.992661,unemployed,무직/비경제활동,contains:구직중,
그 외 연극·영화 및 영상 관련 종사원,25,2.5e-05,0.992686,other,기타/검토,no_rule,yes
대기 환경 기술자 및 연구원,25,2.5e-05,0.992711,2,전문가 및 관련 종사자,suffix:연구원,
"전직 그 외 시설 및 특수 경비원, 현재 구직중",25,2.5e-05,0.992736,unemployed,무직/비경제활동,contains:구직중,
항공교통 관제사,25,2.5e-05,0.992761,other,기타/검토,no_rule,yes
"전직 음식 배달원, 현재 구직중",25,2.5e-05,0.992786,unemployed,무직/비경제활동,contains:구직중,
"전직 정육가공원, 현재 구직중",25,2.5e-05,0.992811,unemployed,무직/비경제활동,contains:구직중,
"전직 석유화학 기술자 및 연구원, 현재 구직중",25,2.5e-05,0.992836,unemployed,무직/비경제활동,contains:구직중,
"전직 소규모 상점 경영자, 현재 구직중",24,2.4e-05,0.99286,unemployed,무직/비경제활동,contains:구직중,
"전직 머시닝센터 조작원, 현재 구직중",24,2.4e-05,0.992884,unemployed,무직/비경제활동,contains:구직중,
"전직 교육 및 훈련 사무원, 현재 구직중",24,2.4e-05,0.992908,unemployed,무직/비경제활동,contains:구직중,
"전직 배전반 조작원, 현재 구직중",24,2.4e-05,0.992932,unemployed,무직/비경제활동,contains:구직중,
소품 관리원,24,2.4e-05,0.992956,2,전문가 및 관련 종사자,suffix:관리원,
"전직 소방시설 공사 기술자 및 연구원, 현재 구직중",24,2.4e-05,0.99298,unemployed,무직/비경제활동,contains:구직중,
"전직 그 외 교육 전문가, 현재 구직중",24,2.4e-05,0.993004,unemployed,무직/비경제활동,contains:구직중,
배우,24,2.4e-05,0.993028,other,기타/검토,no_rule,yes
"전직 도로운송 사무원, 현재 구직중",24,2.4e-05,0.993052,unemployed,무직/비경제활동,contains:구직중,
건축가,24,2.4e-05,0.993076,other,기타/검토,no_rule,yes
농림·수산업 및 수의학 교수,24,2.4e-05,0.9931,2,전문가 및 관련 종사자,suffix:교수,
"전직 웨딩플래너, 현재 구직중",24,2.4e-05,0.993124,unemployed,무직/비경제활동,contains:구직중,
"전직 그 외 금속·재료 공학 기술자 및 연구원, 현재 구직중",24,2.4e-05,0.993148,unemployed,무직/비경제활동,contains:구직중,
"전직 부동산 중개사, 현재 구직중",24,2.4e-05,0.993172,unemployed,무직/비경제활동,contains:구직중,
"전직 그 외 냉동·냉장·공조기 설치 및 정비원, 현재 구직중",23,2.3e-05,0.993195,unemployed,무직/비경제활동,contains:구직중,
"전직 자동차공학 기술자 및 연구원, 현재 구직중",23,2.3e-05,0.993218,unemployed,무직/비경제활동,contains:구직중,
"전직 이삿짐 운반원, 현재 구직중",23,2.3e-05,0.993241,unemployed,무직/비경제활동,contains:구직중,
"전직 모바일 애플리케이션 프로그래머, 현재 구직중",23,2.3e-05,0.993264,unemployed,무직/비경제활동,contains:구직중,
오토바이 정비원,23,2.3e-05,0.993287,7,기능원 및 관련 기능 종사자,contains:정비,
가구 조립원,23,2.3e-05,0.99331,8,장치·기계 조작 및 조립 종사자,contains:조립,
가방 및 신발 디자이너,23,2.3e-05,0.993333,2,전문가 및 관련 종사자,suffix:디자이너,
디자인 관련 관리자,23,2.3e-05,0.993356,1,관리자,contains:관리자,
보조 연기자,23,2.3e-05,0.993379,other,기타/검토,no_rule,yes
"전직 자동차 부품 기술 영업원, 현재 구직중",23,2.3e-05,0.993402,unemployed,무직/비경제활동,contains:구직중,
"전직 은행 사무원, 현재 구직중",23,2.3e-05,0.993425,unemployed,무직/비경제활동,contains:구직중,
회원 단체 관련 관리자,23,2.3e-05,0.993448,1,관리자,contains:관리자,
"전직 가죽 및 모피 가공원, 현재 구직중",23,2.3e-05,0.993471,unemployed,무직/비경제활동,contains:구직중,
"전직 그 외 시각 디자이너, 현재 구직중",23,2.3e-05,0.993494,unemployed,무직/비경제활동,contains:구직중,
요리 연구가,23,2.3e-05,0.993517,2,전문가 및 관련 종사자,contains:연구,
의약품 영업원,23,2.3e-05,0.99354,5,판매 종사자,contains:영업,
"전직 미디어 콘텐츠 창작자, 현재 구직중",23,2.3e-05,0.993563,unemployed,무직/비경제활동,contains:구직중,
"전직 그 외 경호 및 보안 관련 종사원, 현재 구직중",22,2.2e-05,0.993585,unemployed,무직/비경제활동,contains:구직중,
"전직 택시 운전원, 현재 구직중",22,2.2e-05,0.993607,unemployed,무직/비경제활동,contains:구직중,
"전직 무대 및 세트 디자이너, 현재 구직중",22,2.2e-05,0.993629,unemployed,무직/비경제활동,contains:구직중,
정치학 연구원,22,2.2e-05,0.993651,2,전문가 및 관련 종사자,suffix:연구원,
자동차 전기 및 전자 정비원,22,2.2e-05,0.993673,7,기능원 및 관련 기능 종사자,contains:정비,
"전직 농업용 기계장비 기술 영업원, 현재 구직중",22,2.2e-05,0.993695,unemployed,무직/비경제활동,contains:구직중,
"전직 금속 세척기 조작원, 현재 구직중",22,2.2e-05,0.993717,unemployed,무직/비경제활동,contains:구직중,
"전직 호텔 서비스원, 현재 구직중",22,2.2e-05,0.993739,unemployed,무직/비경제활동,contains:구직중,
"전직 가스 용접원, 현재 구직중",22,2.2e-05,0.993761,unemployed,무직/비경제활동,contains:구직중,
그 외 연구 관리자,22,2.2e-05,0.993783,1,관리자,contains:관리자,
"전직 분식 조리사, 현재 구직중",21,2.1e-05,0.993804,unemployed,무직/비경제활동,contains:구직중,
"전직 마케팅 관리자, 현재 구직중",21,2.1e-05,0.993825,unemployed,무직/비경제활동,contains:구직중,
경제학 연구원,21,2.1e-05,0.993846,2,전문가 및 관련 종사자,suffix:연구원,
"전직 자동 재봉설비 조작원, 현재 구직중",21,2.1e-05,0.993867,unemployed,무직/비경제활동,contains:구직중,
선물거래 중개인,21,2.1e-05,0.993888,5,판매 종사자,contains:중개인,
"전직 건축 제도사, 현재 구직중",21,2.1e-05,0.993909,unemployed,무직/비경제활동,contains:구직중,
판사,21,2.1e-05,0.99393,2,전문가 및 관련 종사자,suffix:판사,
"전직 간병인, 현재 구직중",20,2e-05,0.99395,unemployed,무직/비경제활동,contains:구직중,
건강원 및 탕제원 종사원,20,2e-05,0.99397,other,기타/검토,no_rule,yes
방송 및 영화연출 보조원,20,2e-05,0.99399,3,사무 종사자,suffix:보조원,
채석원,20,2e-05,0.99401,other,기타/검토,no_rule,yes
"전직 그 외 산업 안전 및 위험 관리원, 현재 구직중",20,2e-05,0.99403,unemployed,무직/비경제활동,contains:구직중,
섬유 및 의복 제품 생산 관리자,20,2e-05,0.99405,1,관리자,contains:관리자,
"전직 교통 계획 및 설계가, 현재 구직중",20,2e-05,0.99407,unemployed,무직/비경제활동,contains:구직중,
"전직 아파트 경비원, 현재 구직중",20,2e-05,0.99409,unemployed,무직/비경제활동,contains:구직중,
"전직 총무 및 인사 관리자, 현재 구직중",20,2e-05,0.99411,unemployed,무직/비경제활동,contains:구직중,
그 외 숙박·여행·오락 및 스포츠 관련 관리자,20,2e-05,0.99413,1,관리자,contains:관리자,
"전직 금속제품 도장기 조작원, 현재 구직중",20,2e-05,0.99415,unemployed,무직/비경제활동,contains:구직중,
의학 연구원,20,2e-05,0.99417,2,전문가 및 관련 종사자,suffix:연구원,
"전직 공연·영화 및 음반 기획자, 현재 구직중",20,2e-05,0.99419,unemployed,무직/비경제활동,contains:구직중,
"전직 주입·포장 및 봉함기 조작원, 현재 구직중",20,2e-05,0.99421,unemployed,무직/비경제활동,contains:구직중,
"전직 체인점 모집 및 관리 영업원, 현재 구직중",19,1.9e-05,0.994229,unemployed,무직/비경제활동,contains:구직중,
혼례 종사원,19,1.9e-05,0.994248,other,기타/검토,no_rule,yes
여행 관련 관리자,19,1.9e-05,0.994267,1,관리자,contains:관리자,
"전직 패스트푸드 준비원, 현재 구직중",19,1.9e-05,0.994286,unemployed,무직/비경제활동,contains:구직중,
정신건강의학과 및 신경과 전문 의사,19,1.9e-05,0.994305,2,전문가 및 관련 종사자,suffix:의사,
시트 제품 제조원,19,1.9e-05,0.994324,other,기타/검토,no_rule,yes
"전직 금속공학 기술자 및 연구원, 현재 구직중",19,1.9e-05,0.994343,unemployed,무직/비경제활동,contains:구직중,
성악가,19,1.9e-05,0.994362,other,기타/검토,no_rule,yes
"전직 그 외 공업기계 설치 및 정비원, 현재 구직중",19,1.9e-05,0.994381,unemployed,무직/비경제활동,contains:구직중,
"전직 홍보 전문가, 현재 구직중",19,1.9e-05,0.9944,unemployed,무직/비경제활동,contains:구직중,
"전직 그 외 건설·전기 및 생산 관련 관리자, 현재 구직중",19,1.9e-05,0.994419,unemployed,무직/비경제활동,contains:구직중,
모피 패턴사,19,1.9e-05,0.994438,other,기타/검토,no_rule,yes
"전직 재활용품 수거원, 현재 구직중",19,1.9e-05,0.994457,unemployed,무직/비경제활동,contains:구직중,
"전직 그 외 금속 공작 기계 조작원, 현재 구직중",19,1.9e-05,0.994476,unemployed,무직/비경제활동,contains:구직중,
영상의학과 및 병리과 전문 의사,19,1.9e-05,0.994495,2,전문가 및 관련 종사자,suffix:의사,
"전직 그 외 용접원, 현재 구직중",19,1.9e-05,0.994514,unemployed,무직/비경제활동,contains:구직중,
"전직 반도체공학 기술자 및 연구원, 현재 구직중",19,1.9e-05,0.994533,unemployed,무직/비경제활동,contains:구직중,
"전직 화학물 가열 처리 장치 조작원, 현재 구직중",19,1.9e-05,0.994552,unemployed,무직/비경제활동,contains:구직중,
신발 제조기 조작원 및 조립원,19,1.9e-05,0.994571,8,장치·기계 조작 및 조립 종사자,contains:조작원,
로봇공학 시험원,19,1.9e-05,0.99459,other,기타/검토,no_rule,yes
"전직 건물 전기 및 전자설비 조작원, 현재 구직중",19,1.9e-05,0.994609,unemployed,무직/비경제활동,contains:구직중,
비알코올성 음료 제조기 조작원,19,1.9e-05,0.994628,4,서비스 종사자,contains:음료,
"전직 금속 열처리로 조작원, 현재 구직중",18,1.8e-05,0.994646,unemployed,무직/비경제활동,contains:구직중,
"전직 컴퓨터 소프트웨어 개발 관리자, 현재 구직중",18,1.8e-05,0.994664,unemployed,무직/비경제활동,contains:구직중,
"전직 그 외 음료 조리사, 현재 구직중",18,1.8e-05,0.994682,unemployed,무직/비경제활동,contains:구직중,
"전직 특수 경비원, 현재 구직중",18,1.8e-05,0.9947,unemployed,무직/비경제활동,contains:구직중,
"전직 전기장비 조립원, 현재 구직중",18,1.8e-05,0.994718,unemployed,무직/비경제활동,contains:구직중,
"전직 인쇄 관련 기능 종사원, 현재 구직중",18,1.8e-05,0.994736,unemployed,무직/비경제활동,contains:구직중,
심리학 연구원,18,1.8e-05,0.994754,2,전문가 및 관련 종사자,suffix:연구원,
"전직 금형공학 기술자 및 연구원, 현재 구직중",18,1.8e-05,0.994772,unemployed,무직/비경제활동,contains:구직중,
"전직 신용카드 모집인, 현재 구직중",18,1.8e-05,0.99479,unemployed,무직/비경제활동,contains:구직중,
"전직 잠수 기능원, 현재 구직중",18,1.8e-05,0.994808,unemployed,무직/비경제활동,contains:구직중,
건설용 굴삭기 정비원,18,1.8e-05,0.994826,7,기능원 및 관련 기능 종사자,contains:정비,
역사학 연구원,18,1.8e-05,0.994844,2,전문가 및 관련 종사자,suffix:연구원,
"전직 화학 연구원, 현재 구직중",18,1.8e-05,0.994862,unemployed,무직/비경제활동,contains:구직중,
그 외 오락시설 서비스원,18,1.8e-05,0.99488,4,서비스 종사자,contains:서비스,
투자 인수 심사원,18,1.8e-05,0.994898,other,기타/검토,no_rule,yes
"전직 금속절곡기 조작원, 현재 구직중",18,1.8e-05,0.994916,unemployed,무직/비경제활동,contains:구직중,
무용가,17,1.7e-05,0.994933,other,기타/검토,no_rule,yes
그 외 재봉사,17,1.7e-05,0.99495,other,기타/검토,no_rule,yes
"전직 쓰레기 수거원, 현재 구직중",17,1.7e-05,0.994967,unemployed,무직/비경제활동,contains:구직중,
"전직 번역가, 현재 구직중",17,1.7e-05,0.994984,unemployed,무직/비경제활동,contains:구직중,
"전직 그 외 환경미화원 및 재활용품 수거원, 현재 구직중",17,1.7e-05,0.995001,unemployed,무직/비경제활동,contains:구직중,
"전직 그 외 전기·전자 부품 및 제품 조립원, 현재 구직중",17,1.7e-05,0.995018,unemployed,무직/비경제활동,contains:구직중,
원자력발전장치 운전원,17,1.7e-05,0.995035,8,장치·기계 조작 및 조립 종사자,contains:운전원,
초등학교 교장 및 교감,17,1.7e-05,0.995052,other,기타/검토,no_rule,yes
"전직 보험 중개인, 현재 구직중",17,1.7e-05,0.995069,unemployed,무직/비경제활동,contains:구직중,
렌터카 운전원,17,1.7e-05,0.995086,8,장치·기계 조작 및 조립 종사자,contains:운전원,
"전직 보안 관제원, 현재 구직중",17,1.7e-05,0.995103,unemployed,무직/비경제활동,contains:구직중,
"전직 일반영양사, 현재 구직중",17,1.7e-05,0.99512,unemployed,무직/비경제활동,contains:구직중,
직물 디자이너,17,1.7e-05,0.995137,2,전문가 및 관련 종사자,suffix:디자이너,
"전직 복지시설 생활 지도원, 현재 구직중",17,1.7e-05,0.995154,unemployed,무직/비경제활동,contains:구직중,
"전직 철도 고가 전선 가설원, 현재 구직중",17,1.7e-05,0.995171,unemployed,무직/비경제활동,contains:구직중,
가죽 및 모피 재봉사,17,1.7e-05,0.995188,other,기타/검토,no_rule,yes
"전직 화학물 증류기 및 반응기 조작원, 현재 구직중",17,1.7e-05,0.995205,unemployed,무직/비경제활동,contains:구직중,
"전직 미술관·박물관 해설 및 안내원, 현재 구직중",17,1.7e-05,0.995222,unemployed,무직/비경제활동,contains:구직중,
"전직 사무용 전자기기 설치 및 수리원, 현재 구직중",17,1.7e-05,0.995239,unemployed,무직/비경제활동,contains:구직중,
도료제품 시험원,17,1.7e-05,0.995256,other,기타/검토,no_rule,yes
"전직 투자 권유 대행인, 현재 구직중",16,1.6e-05,0.995272,unemployed,무직/비경제활동,contains:구직중,
수산물가공 및 염장원,16,1.6e-05,0.995288,7,기능원 및 관련 기능 종사자,contains:가공,
"전직 그 외 건축 마감 관련 기능 종사원, 현재 구직중",16,1.6e-05,0.995304,unemployed,무직/비경제활동,contains:구직중,
"전직 가전제품 판매원, 현재 구직중",16,1.6e-05,0.99532,unemployed,무직/비경제활동,contains:구직중,
"전직 어업 단순 종사원, 현재 구직중",16,1.6e-05,0.995336,unemployed,무직/비경제활동,contains:구직중,
목재케이스 및 나무상자 제조원,16,1.6e-05,0.995352,other,기타/검토,no_rule,yes
"전직 소방설계 기술자 및 연구원, 현재 구직중",16,1.6e-05,0.995368,unemployed,무직/비경제활동,contains:구직중,
"전직 금속기계 부품 조립원, 현재 구직중",16,1.6e-05,0.995384,unemployed,무직/비경제활동,contains:구직중,
"전직 김치 제조 종사원, 현재 구직중",16,1.6e-05,0.9954,unemployed,무직/비경제활동,contains:구직중,
"전직 대리 주차원, 현재 구직중",16,1.6e-05,0.995416,unemployed,무직/비경제활동,contains:구직중,
"전직 사진가, 현재 구직중",16,1.6e-05,0.995432,unemployed,무직/비경제활동,contains:구직중,
"전직 의상 디자이너, 현재 구직중",16,1.6e-05,0.995448,unemployed,무직/비경제활동,contains:구직중,
송배전설비 전기원,16,1.6e-05,0.995464,other,기타/검토,no_rule,yes
도료제품 기술자 및 연구원,16,1.6e-05,0.99548,2,전문가 및 관련 종사자,suffix:연구원,
지구 및 기상 과학 연구원,15,1.5e-05,0.995495,2,전문가 및 관련 종사자,suffix:연구원,
"전직 네트워크 프로그래머, 현재 구직중",15,1.5e-05,0.99551,unemployed,무직/비경제활동,contains:구직중,
"전직 상표 부착기 조작원, 현재 구직중",15,1.5e-05,0.995525,unemployed,무직/비경제활동,contains:구직중,
"전직 감사 사무원, 현재 구직중",15,1.5e-05,0.99554,unemployed,무직/비경제활동,contains:구직중,
물리학 연구원,15,1.5e-05,0.995555,2,전문가 및 관련 종사자,suffix:연구원,
천일염 생산 종사원,15,1.5e-05,0.99557,other,기타/검토,no_rule,yes
"전직 전문 간호사, 현재 구직중",15,1.5e-05,0.995585,unemployed,무직/비경제활동,contains:구직중,
컴퓨터 하드웨어 개발 관리자,15,1.5e-05,0.9956,1,관리자,contains:관리자,
항공운송 관련 관리자,15,1.5e-05,0.995615,1,관리자,contains:관리자,
"전직 전기제어장치 설치 및 정비원, 현재 구직중",15,1.5e-05,0.99563,unemployed,무직/비경제활동,contains:구직중,
"전직 전자 부품 제조 기계 조작원, 현재 구직중",15,1.5e-05,0.995645,unemployed,무직/비경제활동,contains:구직중,
포장 디자이너,15,1.5e-05,0.99566,2,전문가 및 관련 종사자,suffix:디자이너,
"전직 시외 및 고속 버스 운전원, 현재 구직중",15,1.5e-05,0.995675,unemployed,무직/비경제활동,contains:구직중,
"전직 컴퓨터 시스템 설계 및 분석가, 현재 구직중",15,1.5e-05,0.99569,unemployed,무직/비경제활동,contains:구직중,
"전직 육아 도우미, 현재 구직중",15,1.5e-05,0.995705,unemployed,무직/비경제활동,contains:구직중,
"전직 교도관, 현재 구직중",15,1.5e-05,0.99572,unemployed,무직/비경제활동,contains:구직중,
사회학 연구원,15,1.5e-05,0.995735,2,전문가 및 관련 종사자,suffix:연구원,
"전직 그 외 건물 관리원, 현재 구직중",15,1.5e-05,0.99575,unemployed,무직/비경제활동,contains:구직중,
"전직 토목시공 기술자, 현재 구직중",14,1.4e-05,0.995764,unemployed,무직/비경제활동,contains:구직중,
그 외 건설용 기계 정비원,14,1.4e-05,0.995778,7,기능원 및 관련 기능 종사자,contains:정비,
"전직 실업 교사, 현재 구직중",14,1.4e-05,0.995792,unemployed,무직/비경제활동,contains:구직중,
"전직 건축감리 기술자, 현재 구직중",14,1.4e-05,0.995806,unemployed,무직/비경제활동,contains:구직중,
"전직 그 외 공학 관련 기술자 및 시험원, 현재 구직중",14,1.4e-05,0.99582,unemployed,무직/비경제활동,contains:구직중,
"전직 에스컬레이터 설치 및 정비원, 현재 구직중",14,1.4e-05,0.995834,unemployed,무직/비경제활동,contains:구직중,
"전직 건축설비 기술자, 현재 구직중",14,1.4e-05,0.995848,unemployed,무직/비경제활동,contains:구직중,
"전직 산후조리 종사원, 현재 구직중",14,1.4e-05,0.995862,unemployed,무직/비경제활동,contains:구직중,
법률 관리자,14,1.4e-05,0.995876,1,관리자,contains:관리자,
활자 디자이너,14,1.4e-05,0.99589,2,전문가 및 관련 종사자,suffix:디자이너,
그 외 시각 및 공연 예술가,14,1.4e-05,0.995904,other,기타/검토,no_rule,yes
"전직 입학 사정관, 현재 구직중",14,1.4e-05,0.995918,unemployed,무직/비경제활동,contains:구직중,
"전직 청원경찰, 현재 구직중",14,1.4e-05,0.995932,unemployed,무직/비경제활동,contains:구직중,
대기 환경 시험원,14,1.4e-05,0.995946,other,기타/검토,no_rule,yes
"전직 그 외 교사, 현재 구직중",14,1.4e-05,0.99596,unemployed,무직/비경제활동,contains:구직중,
"전직 가전제품 설치 및 수리원, 현재 구직중",14,1.4e-05,0.995974,unemployed,무직/비경제활동,contains:구직중,
토양 환경 시험원,14,1.4e-05,0.995988,other,기타/검토,no_rule,yes
"전직 화학물 여과기 및 분리기 조작원, 현재 구직중",14,1.4e-05,0.996002,unemployed,무직/비경제활동,contains:구직중,
"전직 교사 교육 보조원, 현재 구직중",14,1.4e-05,0.996016,unemployed,무직/비경제활동,contains:구직중,
피부과 및 비뇨기과 전문 의사,14,1.4e-05,0.99603,2,전문가 및 관련 종사자,suffix:의사,
경영학 연구원,14,1.4e-05,0.996044,2,전문가 및 관련 종사자,suffix:연구원,
집행관,14,1.4e-05,0.996058,other,기타/검토,no_rule,yes
"전직 떡 제조원, 현재 구직중",14,1.4e-05,0.996072,unemployed,무직/비경제활동,contains:구직중,
"전직 그 외 바닥재 시공원, 현재 구직중",14,1.4e-05,0.996086,unemployed,무직/비경제활동,contains:구직중,
천문 및 우주 과학 연구원,14,1.4e-05,0.9961,2,전문가 및 관련 종사자,suffix:연구원,
"전직 선반기 조작원, 현재 구직중",14,1.4e-05,0.996114,unemployed,무직/비경제활동,contains:구직중,
그 외 패턴사,13,1.3e-05,0.996127,other,기타/검토,no_rule,yes
"전직 방송 송출 장비 기사, 현재 구직중",13,1.3e-05,0.99614,unemployed,무직/비경제활동,contains:구직중,
"전직 기자, 현재 구직중",13,1.3e-05,0.996153,unemployed,무직/비경제활동,contains:구직중,
"전직 통신기기 기술자 및 연구원, 현재 구직중",13,1.3e-05,0.996166,unemployed,무직/비경제활동,contains:구직중,
도서 및 영상 기록 매체 대여원,13,1.3e-05,0.996179,other,기타/검토,no_rule,yes
"전직 식품학 연구원, 현재 구직중",13,1.3e-05,0.996192,unemployed,무직/비경제활동,contains:구직중,
"전직 건축시공 기술자, 현재 구직중",13,1.3e-05,0.996205,unemployed,무직/비경제활동,contains:구직중,
"전직 토목 관련 관리자, 현재 구직중",13,1.3e-05,0.996218,unemployed,무직/비경제활동,contains:구직중,
"전직 덤프트럭 운전원, 현재 구직중",13,1.3e-05,0.996231,unemployed,무직/비경제활동,contains:구직중,
"전직 호송 경비원, 현재 구직중",13,1.3e-05,0.996244,unemployed,무직/비경제활동,contains:구직중,
소아청소년과 전문 의사,13,1.3e-05,0.996257,2,전문가 및 관련 종사자,suffix:의사,
중·고등학교 교장 및 교감,13,1.3e-05,0.99627,other,기타/검토,no_rule,yes
"전직 방송장비 설치 및 수리원, 현재 구직중",13,1.3e-05,0.996283,unemployed,무직/비경제활동,contains:구직중,
"전직 그 외 버스 운전원, 현재 구직중",13,1.3e-05,0.996296,unemployed,무직/비경제활동,contains:구직중,
"전직 제관원, 현재 구직중",13,1.3e-05,0.996309,unemployed,무직/비경제활동,contains:구직중,
"전직 농학 연구원, 현재 구직중",13,1.3e-05,0.996322,unemployed,무직/비경제활동,contains:구직중,
"전직 건축 관련 관리자, 현재 구직중",13,1.3e-05,0.996335,unemployed,무직/비경제활동,contains:구직중,
교도 관리자,13,1.3e-05,0.996348,1,관리자,contains:관리자,
"전직 강구조물 가공원, 현재 구직중",13,1.3e-05,0.996361,unemployed,무직/비경제활동,contains:구직중,
"전직 자동 재단기 조작원, 현재 구직중",13,1.3e-05,0.996374,unemployed,무직/비경제활동,contains:구직중,
"전직 임상영양사, 현재 구직중",13,1.3e-05,0.996387,unemployed,무직/비경제활동,contains:구직중,
"전직 그 외 도시 및 교통 관련 전문가, 현재 구직중",13,1.3e-05,0.9964,unemployed,무직/비경제활동,contains:구직중,
"전직 소방관, 현재 구직중",13,1.3e-05,0.996413,unemployed,무직/비경제활동,contains:구직중,
"전직 전기 관련 관리자, 현재 구직중",13,1.3e-05,0.996426,unemployed,무직/비경제활동,contains:구직중,
"전직 기계 제도사, 현재 구직중",12,1.2e-05,0.996438,unemployed,무직/비경제활동,contains:구직중,
사진측량 및 분석가,12,1.2e-05,0.99645,2,전문가 및 관련 종사자,contains:분석가,
"전직 언어재활사, 현재 구직중",12,1.2e-05,0.996462,unemployed,무직/비경제활동,contains:구직중,
헬리콥터 조종사,12,1.2e-05,0.996474,other,기타/검토,no_rule,yes
가수,12,1.2e-05,0.996486,other,기타/검토,no_rule,yes
"전직 컴퓨터 시스템 감리 전문가, 현재 구직중",12,1.2e-05,0.996498,unemployed,무직/비경제활동,contains:구직중,
그 외 재단사,12,1.2e-05,0.99651,other,기타/검토,no_rule,yes
개그맨 및 코미디언,12,1.2e-05,0.996522,other,기타/검토,no_rule,yes
"전직 고무·플라스틱 기술자 및 연구원, 현재 구직중",12,1.2e-05,0.996534,unemployed,무직/비경제활동,contains:구직중,
청소 관련 관리자,12,1.2e-05,0.996546,1,관리자,contains:관리자,
"전직 공학·제조 및 건설 분야 교수, 현재 구직중",12,1.2e-05,0.996558,unemployed,무직/비경제활동,contains:구직중,
"전직 교통안전 연구원, 현재 구직중",12,1.2e-05,0.99657,unemployed,무직/비경제활동,contains:구직중,
정당 및 특수 단체 임원,12,1.2e-05,0.996582,1,관리자,contains:임원,
"전직 용융 도금기 조작원, 현재 구직중",12,1.2e-05,0.996594,unemployed,무직/비경제활동,contains:구직중,
"전직 산업기계공학 기술자 및 연구원, 현재 구직중",12,1.2e-05,0.996606,unemployed,무직/비경제활동,contains:구직중,
보건 및 복지 시간강사,12,1.2e-05,0.996618,2,전문가 및 관련 종사자,suffix:강사,
경찰 관리자,12,1.2e-05,0.99663,1,관리자,contains:관리자,
"전직 섬유 공정 개발 기술자 및 연구원, 현재 구직중",12,1.2e-05,0.996642,unemployed,무직/비경제활동,contains:구직중,
"전직 법무사, 현재 구직중",12,1.2e-05,0.996654,unemployed,무직/비경제활동,contains:구직중,
"전직 전자계측 제어 기술자 및 연구원, 현재 구직중",12,1.2e-05,0.996666,unemployed,무직/비경제활동,contains:구직중,
"전직 그 외 미용 관련 서비스 종사원, 현재 구직중",12,1.2e-05,0.996678,unemployed,무직/비경제활동,contains:구직중,
"전직 그 외 정육가공 및 도축 관련 종사원, 현재 구직중",12,1.2e-05,0.99669,unemployed,무직/비경제활동,contains:구직중,
"전직 건물용 냉동·냉장·공조기 설치 및 정비원, 현재 구직중",12,1.2e-05,0.996702,unemployed,무직/비경제활동,contains:구직중,
"전직 전기 안전 기술자 및 연구원, 현재 구직중",12,1.2e-05,0.996714,unemployed,무직/비경제활동,contains:구직중,
"전직 내장 목공, 현재 구직중",12,1.2e-05,0.996726,unemployed,무직/비경제활동,contains:구직중,
"전직 대리석 부착원, 현재 구직중",12,1.2e-05,0.996738,unemployed,무직/비경제활동,contains:구직중,
"전직 그 외 제분 및 도정 관련 기계 조작원, 현재 구직중",12,1.2e-05,0.99675,unemployed,무직/비경제활동,contains:구직중,
도자기 공예원,12,1.2e-05,0.996762,other,기타/검토,no_rule,yes
"전직 산업용 기계장비 기술 영업원, 현재 구직중",12,1.2e-05,0.996774,unemployed,무직/비경제활동,contains:구직중,
"전직 게임 프로그래머, 현재 구직중",11,1.1e-05,0.996785,unemployed,무직/비경제활동,contains:구직중,
"전직 화학기계 설치 및 정비원, 현재 구직중",11,1.1e-05,0.996796,unemployed,무직/비경제활동,contains:구직중,
"전직 정보 통신 컨설턴트, 현재 구직중",11,1.1e-05,0.996807,unemployed,무직/비경제활동,contains:구직중,
"전직 신발 및 액세서리 판매원, 현재 구직중",11,1.1e-05,0.996818,unemployed,무직/비경제활동,contains:구직중,
"전직 섬유 소재 개발 기술자 및 연구원, 현재 구직중",11,1.1e-05,0.996829,unemployed,무직/비경제활동,contains:구직중,
"전직 방수공, 현재 구직중",11,1.1e-05,0.99684,unemployed,무직/비경제활동,contains:구직중,
"전직 가스 생산기 조작원, 현재 구직중",11,1.1e-05,0.996851,unemployed,무직/비경제활동,contains:구직중,
"전직 품질 인증 심사 전문가, 현재 구직중",11,1.1e-05,0.996862,unemployed,무직/비경제활동,contains:구직중,
그 외 아나운서 및 리포터,11,1.1e-05,0.996873,other,기타/검토,no_rule,yes
"전직 의무 기록사, 현재 구직중",11,1.1e-05,0.996884,unemployed,무직/비경제활동,contains:구직중,
"전직 그 외 상품 중개인 및 경매사, 현재 구직중",11,1.1e-05,0.996895,unemployed,무직/비경제활동,contains:구직중,
"전직 전자제품 제조 기계 조작원, 현재 구직중",11,1.1e-05,0.996906,unemployed,무직/비경제활동,contains:구직중,
그 외 상품 대여원,11,1.1e-05,0.996917,other,기타/검토,no_rule,yes
"전직 금속코팅·광택 및 래미네이팅기 조작원, 현재 구직중",11,1.1e-05,0.996928,unemployed,무직/비경제활동,contains:구직중,
공장 전기 및 전자설비 조작원,11,1.1e-05,0.996939,8,장치·기계 조작 및 조립 종사자,contains:조작원,
"전직 증권 사무원, 현재 구직중",11,1.1e-05,0.99695,unemployed,무직/비경제활동,contains:구직중,
"전직 컴퓨터 하드웨어 기술자 및 연구원, 현재 구직중",11,1.1e-05,0.996961,unemployed,무직/비경제활동,contains:구직중,
"전직 통역가, 현재 구직중",11,1.1e-05,0.996972,unemployed,무직/비경제활동,contains:구직중,
"전직 엘리베이터 설치 및 정비원, 현재 구직중",11,1.1e-05,0.996983,unemployed,무직/비경제활동,contains:구직중,
"전직 그 외 전자공학 기술자 및 연구원, 현재 구직중",11,1.1e-05,0.996994,unemployed,무직/비경제활동,contains:구직중,
동산 감정 전문가,11,1.1e-05,0.997005,2,전문가 및 관련 종사자,suffix:전문가,
"전직 통신기술 기술자 및 연구원, 현재 구직중",11,1.1e-05,0.997016,unemployed,무직/비경제활동,contains:구직중,
지방의회 의원 및 교육 의원,11,1.1e-05,0.997027,other,기타/검토,no_rule,yes
"전직 제품 단순 선별원, 현재 구직중",11,1.1e-05,0.997038,unemployed,무직/비경제활동,contains:구직중,
"전직 신차 영업원, 현재 구직중",11,1.1e-05,0.997049,unemployed,무직/비경제활동,contains:구직중,
방송·출판 및 영상 관련 관리자,11,1.1e-05,0.99706,1,관리자,contains:관리자,
인력 공급 및 알선 서비스 관리자,11,1.1e-05,0.997071,1,관리자,contains:관리자,
영상·녹화 및 편집 기사,11,1.1e-05,0.997082,2,전문가 및 관련 종사자,suffix:기사,
"전직 세탁원 및 다림질원, 현재 구직중",10,1e-05,0.997092,unemployed,무직/비경제활동,contains:구직중,
"전직 그 외 인사 및 노사 관련 전문가, 현재 구직중",10,1e-05,0.997102,unemployed,무직/비경제활동,contains:구직중,
곡식작물 재배원,10,1e-05,0.997112,other,기타/검토,no_rule,yes
"전직 보험 설계사, 현재 구직중",10,1e-05,0.997122,unemployed,무직/비경제활동,contains:구직중,
자동차 대여원,10,1e-05,0.997132,other,기타/검토,no_rule,yes
"전직 간판 제작 및 설치원, 현재 구직중",10,1e-05,0.997142,unemployed,무직/비경제활동,contains:구직중,
"전직 그 외 화학물 가공 장치 조작원, 현재 구직중",10,1e-05,0.997152,unemployed,무직/비경제활동,contains:구직중,
"전직 인쇄판 출력원, 현재 구직중",10,1e-05,0.997162,unemployed,무직/비경제활동,contains:구직중,
"전직 농업 시험원, 현재 구직중",10,1e-05,0.997172,unemployed,무직/비경제활동,contains:구직중,
"전직 해양 경찰관 및 수사관, 현재 구직중",10,1e-05,0.997182,unemployed,무직/비경제활동,contains:구직중,
사진 인화 및 현상기 조작원,10,1e-05,0.997192,8,장치·기계 조작 및 조립 종사자,contains:조작원,
"전직 그 외 인쇄기 조작원, 현재 구직중",10,1e-05,0.997202,unemployed,무직/비경제활동,contains:구직중,
"전직 그 외 미디어 콘텐츠 디자이너, 현재 구직중",10,1e-05,0.997212,unemployed,무직/비경제활동,contains:구직중,
"전직 장학관 및 장학사, 현재 구직중",10,1e-05,0.997222,unemployed,무직/비경제활동,contains:구직중,
"전직 세무사, 현재 구직중",10,1e-05,0.997232,unemployed,무직/비경제활동,contains:구직중,
원유 처리 장치 조작원,10,1e-05,0.997242,8,장치·기계 조작 및 조립 종사자,contains:조작원,
"전직 전산 자료 입력원, 현재 구직중",10,1e-05,0.997252,unemployed,무직/비경제활동,contains:구직중,
"전직 염색기 조작원, 현재 구직중",10,1e-05,0.997262,unemployed,무직/비경제활동,contains:구직중,
"전직 원예작물 판매원, 현재 구직중",10,1e-05,0.997272,unemployed,무직/비경제활동,contains:구직중,
"전직 비계공, 현재 구직중",10,1e-05,0.997282,unemployed,무직/비경제활동,contains:구직중,
빵·과자 및 떡 제조 기계 조작원,10,1e-05,0.997292,8,장치·기계 조작 및 조립 종사자,contains:조작원,
사회복지 관련 관리자,9,9e-06,0.997301,1,관리자,contains:관리자,
"전직 미용사, 현재 구직중",9,9e-06,0.99731,unemployed,무직/비경제활동,contains:구직중,
"전직 스포츠 감독, 현재 구직중",9,9e-06,0.997319,unemployed,무직/비경제활동,contains:구직중,
"전직 농약 및 비료 시험원, 현재 구직중",9,9e-06,0.997328,unemployed,무직/비경제활동,contains:구직중,
"전직 그 외 산업 전기 설치원, 현재 구직중",9,9e-06,0.997337,unemployed,무직/비경제활동,contains:구직중,
"전직 골프장 캐디, 현재 구직중",9,9e-06,0.997346,unemployed,무직/비경제활동,contains:구직중,
"전직 음료 배달원, 현재 구직중",9,9e-06,0.997355,unemployed,무직/비경제활동,contains:구직중,
"전직 광고 디자이너, 현재 구직중",9,9e-06,0.997364,unemployed,무직/비경제활동,contains:구직중,
"전직 리프트 조작원, 현재 구직중",9,9e-06,0.997373,unemployed,무직/비경제활동,contains:구직중,
"전직 기획 관리자, 현재 구직중",9,9e-06,0.997382,unemployed,무직/비경제활동,contains:구직중,
그 외 정보 통신 관련 관리자,9,9e-06,0.997391,1,관리자,contains:관리자,
"전직 화학물 분쇄기·마쇄기 및 혼합기 조작원, 현재 구직중",9,9e-06,0.9974,unemployed,무직/비경제활동,contains:구직중,
연주가,9,9e-06,0.997409,other,기타/검토,no_rule,yes
"전직 시멘트공학 기술자 및 연구원, 현재 구직중",9,9e-06,0.997418,unemployed,무직/비경제활동,contains:구직중,
"전직 설탕 제조 관련 기계 조작원, 현재 구직중",9,9e-06,0.997427,unemployed,무직/비경제활동,contains:구직중,
화훼작물 재배원,9,9e-06,0.997436,other,기타/검토,no_rule,yes
"전직 그 외 경영 지원 관리자, 현재 구직중",9,9e-06,0.997445,unemployed,무직/비경제활동,contains:구직중,
"전직 전기제품 제조 기계 조작원, 현재 구직중",9,9e-06,0.997454,unemployed,무직/비경제활동,contains:구직중,
"전직 그 외 건축 도장공, 현재 구직중",9,9e-06,0.997463,unemployed,무직/비경제활동,contains:구직중,
"전직 수금원, 현재 구직중",9,9e-06,0.997472,unemployed,무직/비경제활동,contains:구직중,
"전직 차량 도장기 조작원, 현재 구직중",9,9e-06,0.997481,unemployed,무직/비경제활동,contains:구직중,
"전직 그 외 청소원, 현재 구직중",9,9e-06,0.99749,unemployed,무직/비경제활동,contains:구직중,
"전직 장례 지도사, 현재 구직중",9,9e-06,0.997499,unemployed,무직/비경제활동,contains:구직중,
"전직 판금기 조작원, 현재 구직중",9,9e-06,0.997508,unemployed,무직/비경제활동,contains:구직중,
현금인출기 설치 및 수리원,9,9e-06,0.997517,7,기능원 및 관련 기능 종사자,contains:설치,
"전직 그 외 데이터 및 네트워크 관련 전문가, 현재 구직중",9,9e-06,0.997526,unemployed,무직/비경제활동,contains:구직중,
"전직 전기계측 제어 기술자 및 연구원, 현재 구직중",9,9e-06,0.997535,unemployed,무직/비경제활동,contains:구직중,
제화원,9,9e-06,0.997544,other,기타/검토,no_rule,yes
"전직 자동차 경정비원, 현재 구직중",9,9e-06,0.997553,unemployed,무직/비경제활동,contains:구직중,
"전직 폐기물 처리 기술자 및 연구원, 현재 구직중",9,9e-06,0.997562,unemployed,무직/비경제활동,contains:구직중,
"전직 양복 제조원, 현재 구직중",9,9e-06,0.997571,unemployed,무직/비경제활동,contains:구직중,
"전직 직물 패턴사, 현재 구직중",9,9e-06,0.99758,unemployed,무직/비경제활동,contains:구직중,
"전직 렌즈 및 프리즘 가공기 조작원, 현재 구직중",9,9e-06,0.997589,unemployed,무직/비경제활동,contains:구직중,
"전직 통신장비 설치 및 수리원, 현재 구직중",9,9e-06,0.997598,unemployed,무직/비경제활동,contains:구직중,
"전직 그 외 석유 및 천연가스 제조 관련 제어 장치 조작원, 현재 구직중",9,9e-06,0.997607,unemployed,무직/비경제활동,contains:구직중,
"전직 경량 철골공, 현재 구직중",9,9e-06,0.997616,unemployed,무직/비경제활동,contains:구직중,
"전직 그 외 제도사, 현재 구직중",9,9e-06,0.997625,unemployed,무직/비경제활동,contains:구직중,
지리 정보 시스템 전문가,9,9e-06,0.997634,2,전문가 및 관련 종사자,suffix:전문가,
"전직 타일 부착원, 현재 구직중",9,9e-06,0.997643,unemployed,무직/비경제활동,contains:구직중,
"전직 식품공학 기술자 및 연구원, 현재 구직중",9,9e-06,0.997652,unemployed,무직/비경제활동,contains:구직중,
"전직 전기 및 전자 제품 생산 관리자, 현재 구직중",9,9e-06,0.997661,unemployed,무직/비경제활동,contains:구직중,
배관 세정원,9,9e-06,0.99767,7,기능원 및 관련 기능 종사자,contains:배관,
"전직 화학 시험원, 현재 구직중",9,9e-06,0.997679,unemployed,무직/비경제활동,contains:구직중,
"전직 외국어 교사, 현재 구직중",9,9e-06,0.997688,unemployed,무직/비경제활동,contains:구직중,
"전직 표백기 조작원, 현재 구직중",9,9e-06,0.997697,unemployed,무직/비경제활동,contains:구직중,
"전직 의복 수선원, 현재 구직중",9,9e-06,0.997706,unemployed,무직/비경제활동,contains:구직중,
"전직 육류가공 기계 조작원, 현재 구직중",9,9e-06,0.997715,unemployed,무직/비경제활동,contains:구직중,
요금 정산원,9,9e-06,0.997724,other,기타/검토,no_rule,yes
"전직 연선기 조작원, 현재 구직중",8,8e-06,0.997732,unemployed,무직/비경제활동,contains:구직중,
"전직 스포츠 강사 및 트레이너, 현재 구직중",8,8e-06,0.99774,unemployed,무직/비경제활동,contains:구직중,
"전직 열차 객실 승무원, 현재 구직중",8,8e-06,0.997748,unemployed,무직/비경제활동,contains:구직중,
"전직 자동차 엔진 조립원, 현재 구직중",8,8e-06,0.997756,unemployed,무직/비경제활동,contains:구직중,
"전직 플라스틱 사출기 조작원, 현재 구직중",8,8e-06,0.997764,unemployed,무직/비경제활동,contains:구직중,
"전직 계기 검침원, 현재 구직중",8,8e-06,0.997772,unemployed,무직/비경제활동,contains:구직중,
"전직 건축안전 기술자, 현재 구직중",8,8e-06,0.99778,unemployed,무직/비경제활동,contains:구직중,
오락 및 스포츠 관련 관리자,8,8e-06,0.997788,1,관리자,contains:관리자,
"전직 가구 도장기 조작원, 현재 구직중",8,8e-06,0.997796,unemployed,무직/비경제활동,contains:구직중,
"전직 철도운송 사무원, 현재 구직중",8,8e-06,0.997804,unemployed,무직/비경제활동,contains:구직중,
"전직 발전설비 기술자 및 연구원, 현재 구직중",8,8e-06,0.997812,unemployed,무직/비경제활동,contains:구직중,
"전직 그 외 운송장비 정비원, 현재 구직중",8,8e-06,0.99782,unemployed,무직/비경제활동,contains:구직중,
"전직 웹 기획자, 현재 구직중",8,8e-06,0.997828,unemployed,무직/비경제활동,contains:구직중,
"전직 기지국 설치 및 수리원, 현재 구직중",8,8e-06,0.997836,unemployed,무직/비경제활동,contains:구직중,
"전직 그 외 통신공학 기술자 및 연구원, 현재 구직중",8,8e-06,0.997844,unemployed,무직/비경제활동,contains:구직중,
폐유 및 재생유 처리 장치 조작원,8,8e-06,0.997852,8,장치·기계 조작 및 조립 종사자,contains:조작원,
"전직 밀링기 조작원, 현재 구직중",8,8e-06,0.99786,unemployed,무직/비경제활동,contains:구직중,
"전직 염색 개발 공학 기술자 및 연구원, 현재 구직중",8,8e-06,0.997868,unemployed,무직/비경제활동,contains:구직중,
교통영향 평가원,8,8e-06,0.997876,other,기타/검토,no_rule,yes
광업용 기계 설치 및 정비원,8,8e-06,0.997884,7,기능원 및 관련 기능 종사자,contains:설치,
"전직 공군 부사관, 현재 구직중",8,8e-06,0.997892,unemployed,무직/비경제활동,contains:구직중,
"전직 그 외 생명과학 시험원, 현재 구직중",8,8e-06,0.9979,unemployed,무직/비경제활동,contains:구직중,
"전직 미장공, 현재 구직중",8,8e-06,0.997908,unemployed,무직/비경제활동,contains:구직중,
"전직 판매 관련 관리자, 현재 구직중",8,8e-06,0.997916,unemployed,무직/비경제활동,contains:구직중,
"전직 건물 도장공, 현재 구직중",8,8e-06,0.997924,unemployed,무직/비경제활동,contains:구직중,
"전직 금속공학 시험원, 현재 구직중",8,8e-06,0.997932,unemployed,무직/비경제활동,contains:구직중,
"전직 문화 관광 및 숲·자연환경 해설사, 현재 구직중",8,8e-06,0.99794,unemployed,무직/비경제활동,contains:구직중,
"전직 인사 컨설턴트, 현재 구직중",8,8e-06,0.997948,unemployed,무직/비경제활동,contains:구직중,
"전직 그 외 직물·신발 관련 기계 조작원 및 조립원, 현재 구직중",8,8e-06,0.997956,unemployed,무직/비경제활동,contains:구직중,
"전직 게임 그래픽 디자이너, 현재 구직중",8,8e-06,0.997964,unemployed,무직/비경제활동,contains:구직중,
"전직 전기제품 개발 기술자 및 연구원, 현재 구직중",8,8e-06,0.997972,unemployed,무직/비경제활동,contains:구직중,
"전직 그 외 건설 관련 기능 종사원, 현재 구직중",8,8e-06,0.99798,unemployed,무직/비경제활동,contains:구직중,
"전직 그 외 자동차 정비원, 현재 구직중",8,8e-06,0.997988,unemployed,무직/비경제활동,contains:구직중,
"전직 철근공, 현재 구직중",8,8e-06,0.997996,unemployed,무직/비경제활동,contains:구직중,
"전직 그 외 건설 및 채굴기계 운전원, 현재 구직중",8,8e-06,0.998004,unemployed,무직/비경제활동,contains:구직중,
"전직 그 외 응용 소프트웨어 프로그래머, 현재 구직중",8,8e-06,0.998012,unemployed,무직/비경제활동,contains:구직중,
"전직 그 외 환경공학 기술자 및 연구원, 현재 구직중",8,8e-06,0.99802,unemployed,무직/비경제활동,contains:구직중,
의료장비 기술 영업원,8,8e-06,0.998028,5,판매 종사자,contains:영업,
"전직 공군 장교, 현재 구직중",8,8e-06,0.998036,unemployed,무직/비경제활동,contains:구직중,
"전직 통신망 운영 기술자 및 연구원, 현재 구직중",8,8e-06,0.998044,unemployed,무직/비경제활동,contains:구직중,
"전직 그 외 타이어 및 고무제품 생산기 조작원, 현재 구직중",7,7e-06,0.998051,unemployed,무직/비경제활동,contains:구직중,
"전직 굴삭기 및 불도저 운전원, 현재 구직중",7,7e-06,0.998058,unemployed,무직/비경제활동,contains:구직중,
"전직 여행 사무원, 현재 구직중",7,7e-06,0.998065,unemployed,무직/비경제활동,contains:구직중,
"전직 전시 및 시설 견학 안내원, 현재 구직중",7,7e-06,0.998072,unemployed,무직/비경제활동,contains:구직중,
"전직 유원시설 및 테마파크 서비스원, 현재 구직중",7,7e-06,0.998079,unemployed,무직/비경제활동,contains:구직중,
"전직 유통 및 매장 감시원, 현재 구직중",7,7e-06,0.998086,unemployed,무직/비경제활동,contains:구직중,
"전직 그 외 운송장비 조립원, 현재 구직중",7,7e-06,0.998093,unemployed,무직/비경제활동,contains:구직중,
"전직 그 외 컴퓨터 시스템 및 소프트웨어 전문가, 현재 구직중",7,7e-06,0.9981,unemployed,무직/비경제활동,contains:구직중,
"전직 해군 장교, 현재 구직중",7,7e-06,0.998107,unemployed,무직/비경제활동,contains:구직중,
"전직 그 외 발전 및 배전장치 조작원, 현재 구직중",7,7e-06,0.998114,unemployed,무직/비경제활동,contains:구직중,
"전직 조경감리 기술자, 현재 구직중",7,7e-06,0.998121,unemployed,무직/비경제활동,contains:구직중,
"전직 국어 교사, 현재 구직중",7,7e-06,0.998128,unemployed,무직/비경제활동,contains:구직중,
"전직 그 외 금속가공 기계 조작원, 현재 구직중",7,7e-06,0.998135,unemployed,무직/비경제활동,contains:구직중,
"전직 그 외 일반기계 조립원, 현재 구직중",7,7e-06,0.998142,unemployed,무직/비경제활동,contains:구직중,
항공기 객실 승무원,7,7e-06,0.998149,4,서비스 종사자,contains:승무원,
국악인,7,7e-06,0.998156,other,기타/검토,no_rule,yes
"전직 인조석 설치원, 현재 구직중",7,7e-06,0.998163,unemployed,무직/비경제활동,contains:구직중,
"전직 새시 조립 및 설치원, 현재 구직중",7,7e-06,0.99817,unemployed,무직/비경제활동,contains:구직중,
"전직 선박부원, 현재 구직중",7,7e-06,0.998177,unemployed,무직/비경제활동,contains:구직중,
생명 및 자연과학 연구 관리자,7,7e-06,0.998184,1,관리자,contains:관리자,
"전직 연삭기 및 연마기 조작원, 현재 구직중",7,7e-06,0.998191,unemployed,무직/비경제활동,contains:구직중,
"전직 곡물 및 사료 제분기 조작원, 현재 구직중",7,7e-06,0.998198,unemployed,무직/비경제활동,contains:구직중,
"전직 그 외 섬유 및 가죽 관련 기능 종사원, 현재 구직중",7,7e-06,0.998205,unemployed,무직/비경제활동,contains:구직중,
지구 및 기상 과학 시험원,7,7e-06,0.998212,other,기타/검토,no_rule,yes
정부행정 관리자,7,7e-06,0.998219,1,관리자,contains:관리자,
"전직 드릴링기 및 보링기 조작원, 현재 구직중",7,7e-06,0.998226,unemployed,무직/비경제활동,contains:구직중,
"전직 그 외 화학공학 기술자 및 연구원, 현재 구직중",7,7e-06,0.998233,unemployed,무직/비경제활동,contains:구직중,
"전직 영상 및 음향장비 조립원, 현재 구직중",7,7e-06,0.99824,unemployed,무직/비경제활동,contains:구직중,
지방정부 고위 공무원,7,7e-06,0.998247,other,기타/검토,no_rule,yes
"전직 교육 연구관 및 교육 연구사, 현재 구직중",7,7e-06,0.998254,unemployed,무직/비경제활동,contains:구직중,
"전직 건축 석공, 현재 구직중",7,7e-06,0.998261,unemployed,무직/비경제활동,contains:구직중,
"전직 시장 및 여론 조사 관리자, 현재 구직중",7,7e-06,0.998268,unemployed,무직/비경제활동,contains:구직중,
"전직 부동산 컨설턴트, 현재 구직중",7,7e-06,0.998275,unemployed,무직/비경제활동,contains:구직중,
"전직 해병대 부사관, 현재 구직중",7,7e-06,0.998282,unemployed,무직/비경제활동,contains:구직중,
"전직 직업 운동선수, 현재 구직중",7,7e-06,0.998289,unemployed,무직/비경제활동,contains:구직중,
"전직 조명기사, 현재 구직중",7,7e-06,0.998296,unemployed,무직/비경제활동,contains:구직중,
"전직 그 외 정보 통신기기 설치 및 수리원, 현재 구직중",7,7e-06,0.998303,unemployed,무직/비경제활동,contains:구직중,
"전직 시민 단체 활동가, 현재 구직중",7,7e-06,0.99831,unemployed,무직/비경제활동,contains:구직중,
"전직 이용사, 현재 구직중",7,7e-06,0.998317,unemployed,무직/비경제활동,contains:구직중,
"전직 기계공학 시험원, 현재 구직중",7,7e-06,0.998324,unemployed,무직/비경제활동,contains:구직중,
"전직 해군 부사관, 현재 구직중",7,7e-06,0.998331,unemployed,무직/비경제활동,contains:구직중,
"전직 화학제품 생산 관리자, 현재 구직중",7,7e-06,0.998338,unemployed,무직/비경제활동,contains:구직중,
"전직 단열공, 현재 구직중",7,7e-06,0.998345,unemployed,무직/비경제활동,contains:구직중,
"전직 플랜트 전기 설치원, 현재 구직중",7,7e-06,0.998352,unemployed,무직/비경제활동,contains:구직중,
"전직 경호원, 현재 구직중",7,7e-06,0.998359,unemployed,무직/비경제활동,contains:구직중,
"전직 제직기 조작원, 현재 구직중",7,7e-06,0.998366,unemployed,무직/비경제활동,contains:구직중,
"전직 환경 검사원, 현재 구직중",7,7e-06,0.998373,unemployed,무직/비경제활동,contains:구직중,
"전직 그 외 상하수도 처리 장치 조작원, 현재 구직중",7,7e-06,0.99838,unemployed,무직/비경제활동,contains:구직중,
"전직 건물 칸막이 설치원, 현재 구직중",7,7e-06,0.998387,unemployed,무직/비경제활동,contains:구직중,
육묘작물 재배원,7,7e-06,0.998394,other,기타/검토,no_rule,yes
"전직 조미료 제분기 조작원, 현재 구직중",7,7e-06,0.998401,unemployed,무직/비경제활동,contains:구직중,
"전직 영상·전자음향기기 설치 및 수리원, 현재 구직중",7,7e-06,0.998408,unemployed,무직/비경제활동,contains:구직중,
"전직 석유화학 시험원, 현재 구직중",7,7e-06,0.998415,unemployed,무직/비경제활동,contains:구직중,
"전직 치료사 보조원, 현재 구직중",7,7e-06,0.998422,unemployed,무직/비경제활동,contains:구직중,
"전직 기계 경비원, 현재 구직중",7,7e-06,0.998429,unemployed,무직/비경제활동,contains:구직중,
"전직 연예인 매니저, 현재 구직중",7,7e-06,0.998436,unemployed,무직/비경제활동,contains:구직중,
"전직 그 외 세탁 관련 기계 조작원, 현재 구직중",7,7e-06,0.998443,unemployed,무직/비경제활동,contains:구직중,
"전직 사서, 현재 구직중",7,7e-06,0.99845,unemployed,무직/비경제활동,contains:구직중,
생활용품 대여원,6,6e-06,0.998456,other,기타/검토,no_rule,yes
"전직 그 외 마케팅 및 광고·홍보 관리자, 현재 구직중",6,6e-06,0.998462,unemployed,무직/비경제활동,contains:구직중,
"전직 출판물 편집자, 현재 구직중",6,6e-06,0.998468,unemployed,무직/비경제활동,contains:구직중,
"전직 유리 부착원, 현재 구직중",6,6e-06,0.998474,unemployed,무직/비경제활동,contains:구직중,
"전직 작업치료사, 현재 구직중",6,6e-06,0.99848,unemployed,무직/비경제활동,contains:구직중,
"전직 그 외 건축 관련 기술자, 현재 구직중",6,6e-06,0.998486,unemployed,무직/비경제활동,contains:구직중,
"전직 그 외 목재 및 종이 관련 기계 조작원, 현재 구직중",6,6e-06,0.998492,unemployed,무직/비경제활동,contains:구직중,
"전직 그 외 고객 상담 사무원, 현재 구직중",6,6e-06,0.998498,unemployed,무직/비경제활동,contains:구직중,
"전직 시추장비 조작원, 현재 구직중",6,6e-06,0.998504,unemployed,무직/비경제활동,contains:구직중,
"전직 그 외 플라스틱제품 생산기 조작원, 현재 구직중",6,6e-06,0.99851,unemployed,무직/비경제활동,contains:구직중,
"전직 수의사, 현재 구직중",6,6e-06,0.998516,unemployed,무직/비경제활동,contains:구직중,
"전직 예체능 교사, 현재 구직중",6,6e-06,0.998522,unemployed,무직/비경제활동,contains:구직중,
가금 사육자,6,6e-06,0.998528,other,기타/검토,no_rule,yes
"전직 그 외 재활용 처리 및 소각로 조작원, 현재 구직중",6,6e-06,0.998534,unemployed,무직/비경제활동,contains:구직중,
"전직 그 외 법률 전문가, 현재 구직중",6,6e-06,0.99854,unemployed,무직/비경제활동,contains:구직중,
"전직 유리 관련 기능 종사원, 현재 구직중",6,6e-06,0.998546,unemployed,무직/비경제활동,contains:구직중,
"전직 감시카메라 설치 및 수리원, 현재 구직중",6,6e-06,0.998552,unemployed,무직/비경제활동,contains:구직중,
의복 재단사,6,6e-06,0.998558,other,기타/검토,no_rule,yes
"전직 굴착기·착암기 및 채광기 조작원, 현재 구직중",6,6e-06,0.998564,unemployed,무직/비경제활동,contains:구직중,
영사기사,6,6e-06,0.99857,2,전문가 및 관련 종사자,suffix:기사,
"전직 물리치료사, 현재 구직중",6,6e-06,0.998576,unemployed,무직/비경제활동,contains:구직중,
"전직 도정기 조작원, 현재 구직중",6,6e-06,0.998582,unemployed,무직/비경제활동,contains:구직중,
"전직 석유 및 천연가스 정제 장치 조작원, 현재 구직중",6,6e-06,0.998588,unemployed,무직/비경제활동,contains:구직중,
"전직 경기 심판, 현재 구직중",6,6e-06,0.998594,unemployed,무직/비경제활동,contains:구직중,
"전직 도로포장기 및 롤러 운전원, 현재 구직중",6,6e-06,0.9986,unemployed,무직/비경제활동,contains:구직중,
"전직 의료과학 시험원, 현재 구직중",6,6e-06,0.998606,unemployed,무직/비경제활동,contains:구직중,
"전직 사진작가, 현재 구직중",6,6e-06,0.998612,unemployed,무직/비경제활동,contains:구직중,
"전직 그 외 판매 및 고객 서비스 관리자, 현재 구직중",6,6e-06,0.998618,unemployed,무직/비경제활동,contains:구직중,
"전직 통신케이블 설치 및 수리원, 현재 구직중",6,6e-06,0.998624,unemployed,무직/비경제활동,contains:구직중,
"전직 교육 분야 교수, 현재 구직중",6,6e-06,0.99863,unemployed,무직/비경제활동,contains:구직중,
그 외 양식원,6,6e-06,0.998636,other,기타/검토,no_rule,yes
채소작물 재배원,6,6e-06,0.998642,other,기타/검토,no_rule,yes
"전직 측량 및 지리 정보 기술자, 현재 구직중",6,6e-06,0.998648,unemployed,무직/비경제활동,contains:구직중,
"전직 플랜트 배관공, 현재 구직중",6,6e-06,0.998654,unemployed,무직/비경제활동,contains:구직중,
"전직 단조원, 현재 구직중",6,6e-06,0.99866,unemployed,무직/비경제활동,contains:구직중,
담배 등급원,6,6e-06,0.998666,other,기타/검토,no_rule,yes
그 외 보일러 설치 및 정비원,6,6e-06,0.998672,7,기능원 및 관련 기능 종사자,contains:설치,
"전직 전자 제품 기계 설치 및 정비원, 현재 구직중",6,6e-06,0.998678,unemployed,무직/비경제활동,contains:구직중,
"전직 대여 제품 방문 점검원, 현재 구직중",6,6e-06,0.998684,unemployed,무직/비경제활동,contains:구직중,
"전직 건축자재 영업원, 현재 구직중",6,6e-06,0.99869,unemployed,무직/비경제활동,contains:구직중,
천문 및 우주 과학 시험원,6,6e-06,0.998696,other,기타/검토,no_rule,yes
"전직 형틀 목공, 현재 구직중",6,6e-06,0.998702,unemployed,무직/비경제활동,contains:구직중,
"전직 구두 미화원, 현재 구직중",6,6e-06,0.998708,unemployed,무직/비경제활동,contains:구직중,
모델,6,6e-06,0.998714,other,기타/검토,no_rule,yes
"전직 비행기 조종사, 현재 구직중",6,6e-06,0.99872,unemployed,무직/비경제활동,contains:구직중,
그 외 낙농업 관련 종사원,6,6e-06,0.998726,6,농림·어업 숙련 종사자,contains:농업,
그 외 사진 인화 및 현상기 조작원,6,6e-06,0.998732,8,장치·기계 조작 및 조립 종사자,contains:조작원,
"전직 멀티미디어 디자이너, 현재 구직중",6,6e-06,0.998738,unemployed,무직/비경제활동,contains:구직중,
"전직 초등학교 교사, 현재 구직중",6,6e-06,0.998744,unemployed,무직/비경제활동,contains:구직중,
"전직 선박교통 관제사, 현재 구직중",6,6e-06,0.99875,unemployed,무직/비경제활동,contains:구직중,
"전직 시각장애인 특수교육 교사, 현재 구직중",6,6e-06,0.998756,unemployed,무직/비경제활동,contains:구직중,
"전직 가스 및 에너지 시험원, 현재 구직중",6,6e-06,0.998762,unemployed,무직/비경제활동,contains:구직중,
"전직 그 외 유리 제조 및 가공기 조작원, 현재 구직중",6,6e-06,0.998768,unemployed,무직/비경제활동,contains:구직중,
"전직 펄프 제조 장치 조작원, 현재 구직중",6,6e-06,0.998774,unemployed,무직/비경제활동,contains:구직중,
주차 단속원,6,6e-06,0.99878,other,기타/검토,no_rule,yes
스크립터,6,6e-06,0.998786,other,기타/검토,no_rule,yes
"전직 수날염원, 현재 구직중",6,6e-06,0.998792,unemployed,무직/비경제활동,contains:구직중,
"전직 가스·에너지 기술자 및 연구원, 현재 구직중",6,6e-06,0.998798,unemployed,무직/비경제활동,contains:구직중,
"전직 통신장비 기술자 및 연구원, 현재 구직중",5,5e-06,0.998803,unemployed,무직/비경제활동,contains:구직중,
안무가,5,5e-06,0.998808,other,기타/검토,no_rule,yes
"전직 송배전설비 기술자 및 연구원, 현재 구직중",5,5e-06,0.998813,unemployed,무직/비경제활동,contains:구직중,
"전직 그 외 식품가공 관련 기계 조작원, 현재 구직중",5,5e-06,0.998818,unemployed,무직/비경제활동,contains:구직중,
아나운서,5,5e-06,0.998823,other,기타/검토,no_rule,yes
"전직 그 외 목재가공 관련 기계 조작원, 현재 구직중",5,5e-06,0.998828,unemployed,무직/비경제활동,contains:구직중,
"전직 반려동물 미용사, 현재 구직중",5,5e-06,0.998833,unemployed,무직/비경제활동,contains:구직중,
"전직 인쇄 필름 출력원, 현재 구직중",5,5e-06,0.998838,unemployed,무직/비경제활동,contains:구직중,
"전직 공군 병사, 현재 구직중",5,5e-06,0.998843,unemployed,무직/비경제활동,contains:구직중,
"전직 그 외 중·고등학교 교사, 현재 구직중",5,5e-06,0.998848,unemployed,무직/비경제활동,contains:구직중,
해녀,5,5e-06,0.998853,other,기타/검토,no_rule,yes
"전직 그 외 조경 관련 기술자, 현재 구직중",5,5e-06,0.998858,unemployed,무직/비경제활동,contains:구직중,
선박 객실 승무원,5,5e-06,0.998863,4,서비스 종사자,contains:승무원,
성우,5,5e-06,0.998868,other,기타/검토,no_rule,yes
공연·전시 예술 관련 관리자,5,5e-06,0.998873,1,관리자,contains:관리자,
"전직 토목감리 기술자, 현재 구직중",5,5e-06,0.998878,unemployed,무직/비경제활동,contains:구직중,
신발 재봉사,5,5e-06,0.998883,other,기타/검토,no_rule,yes
"전직 드라이클리닝기 조작원, 현재 구직중",5,5e-06,0.998888,unemployed,무직/비경제활동,contains:구직중,
"전직 입장권 판매원, 현재 구직중",5,5e-06,0.998893,unemployed,무직/비경제활동,contains:구직중,
"전직 헤드헌터, 현재 구직중",5,5e-06,0.998898,unemployed,무직/비경제활동,contains:구직중,
"전직 사회 교사, 현재 구직중",5,5e-06,0.998903,unemployed,무직/비경제활동,contains:구직중,
"전직 스포츠 매니저, 현재 구직중",5,5e-06,0.998908,unemployed,무직/비경제활동,contains:구직중,
"전직 거리 미화원, 현재 구직중",5,5e-06,0.998913,unemployed,무직/비경제활동,contains:구직중,
"전직 교육 분야 시간강사, 현재 구직중",5,5e-06,0.998918,unemployed,무직/비경제활동,contains:구직중,
"전직 주조기 조작원, 현재 구직중",5,5e-06,0.998923,unemployed,무직/비경제활동,contains:구직중,
"전직 발전터빈 조작원, 현재 구직중",5,5e-06,0.998928,unemployed,무직/비경제활동,contains:구직중,
"전직 전기 도금기 조작원, 현재 구직중",5,5e-06,0.998933,unemployed,무직/비경제활동,contains:구직중,
"전직 전기 부품 제조 기계 조작원, 현재 구직중",5,5e-06,0.998938,unemployed,무직/비경제활동,contains:구직중,
"전직 그 외 피부 및 체형 관리 종사원, 현재 구직중",5,5e-06,0.998943,unemployed,무직/비경제활동,contains:구직중,
"전직 건물 해체원, 현재 구직중",5,5e-06,0.998948,unemployed,무직/비경제활동,contains:구직중,
"전직 서적·문구 및 음반 판매원, 현재 구직중",5,5e-06,0.998953,unemployed,무직/비경제활동,contains:구직중,
"전직 전기기기 설치 및 정비원, 현재 구직중",5,5e-06,0.998958,unemployed,무직/비경제활동,contains:구직중,
"전직 금속 분무기 조작원, 현재 구직중",5,5e-06,0.998963,unemployed,무직/비경제활동,contains:구직중,
"전직 철도차량 조립원, 현재 구직중",5,5e-06,0.998968,unemployed,무직/비경제활동,contains:구직중,
"전직 주형원, 현재 구직중",5,5e-06,0.998973,unemployed,무직/비경제활동,contains:구직중,
"전직 건물용 보일러 설치 및 정비원, 현재 구직중",5,5e-06,0.998978,unemployed,무직/비경제활동,contains:구직중,
"전직 만화영화 작가, 현재 구직중",5,5e-06,0.998983,unemployed,무직/비경제활동,contains:구직중,
"전직 시멘트공학 시험원, 현재 구직중",5,5e-06,0.998988,unemployed,무직/비경제활동,contains:구직중,
"전직 도배공, 현재 구직중",5,5e-06,0.998993,unemployed,무직/비경제활동,contains:구직중,
"전직 분양 및 임대 사무원, 현재 구직중",5,5e-06,0.998998,unemployed,무직/비경제활동,contains:구직중,
"전직 냉동 및 냉장기 설비 조작원, 현재 구직중",5,5e-06,0.999003,unemployed,무직/비경제활동,contains:구직중,
"전직 콘크리트패널 조립원, 현재 구직중",5,5e-06,0.999008,unemployed,무직/비경제활동,contains:구직중,
"전직 금속제품 생산 관리자, 현재 구직중",5,5e-06,0.999013,unemployed,무직/비경제활동,contains:구직중,
"전직 자동차 차체 부품 조립원, 현재 구직중",5,5e-06,0.999018,unemployed,무직/비경제활동,contains:구직중,
"전직 이동전화기 수리원, 현재 구직중",5,5e-06,0.999023,unemployed,무직/비경제활동,contains:구직중,
"전직 밑반찬 제조 종사원, 현재 구직중",5,5e-06,0.999028,unemployed,무직/비경제활동,contains:구직중,
"전직 석재 부설원, 현재 구직중",4,4e-06,0.999032,unemployed,무직/비경제활동,contains:구직중,
"전직 항공기 배관공, 현재 구직중",4,4e-06,0.999036,unemployed,무직/비경제활동,contains:구직중,
"전직 염색 조색 및 배합기 조작원, 현재 구직중",4,4e-06,0.99904,unemployed,무직/비경제활동,contains:구직중,
"전직 그 외 교육 관련 관리자, 현재 구직중",4,4e-06,0.999044,unemployed,무직/비경제활동,contains:구직중,
산부인과 전문 의사,4,4e-06,0.999048,2,전문가 및 관련 종사자,suffix:의사,
"전직 보험 관리자, 현재 구직중",4,4e-06,0.999052,unemployed,무직/비경제활동,contains:구직중,
모피 및 가죽 의복 제조원,4,4e-06,0.999056,other,기타/검토,no_rule,yes
"전직 농림·수산업 및 수의학 교수, 현재 구직중",4,4e-06,0.99906,unemployed,무직/비경제활동,contains:구직중,
"전직 사회과학·경영 및 법학 교수, 현재 구직중",4,4e-06,0.999064,unemployed,무직/비경제활동,contains:구직중,
"전직 그 외 자동차 부품 조립원, 현재 구직중",4,4e-06,0.999068,unemployed,무직/비경제활동,contains:구직중,
"전직 인터넷케이블 설치 및 수리원, 현재 구직중",4,4e-06,0.999072,unemployed,무직/비경제활동,contains:구직중,
"전직 치과기공사, 현재 구직중",4,4e-06,0.999076,unemployed,무직/비경제활동,contains:구직중,
"전직 광고 및 홍보 관리자, 현재 구직중",4,4e-06,0.99908,unemployed,무직/비경제활동,contains:구직중,
"전직 항공기 조립원, 현재 구직중",4,4e-06,0.999084,unemployed,무직/비경제활동,contains:구직중,
그 외 배관 세정원 및 방역원,4,4e-06,0.999088,7,기능원 및 관련 기능 종사자,contains:배관,
"전직 일반 의사, 현재 구직중",4,4e-06,0.999092,unemployed,무직/비경제활동,contains:구직중,
"전직 유치원 원장, 현재 구직중",4,4e-06,0.999096,unemployed,무직/비경제활동,contains:구직중,
"전직 제관기 조작원, 현재 구직중",4,4e-06,0.9991,unemployed,무직/비경제활동,contains:구직중,
"전직 고무제품 생산기 조작원, 현재 구직중",4,4e-06,0.999104,unemployed,무직/비경제활동,contains:구직중,
"전직 그 외 물품 이동 장비 설치 및 정비원, 현재 구직중",4,4e-06,0.999108,unemployed,무직/비경제활동,contains:구직중,
"전직 그 외 특수교육 교사, 현재 구직중",4,4e-06,0.999112,unemployed,무직/비경제활동,contains:구직중,
"전직 조적공, 현재 구직중",4,4e-06,0.999116,unemployed,무직/비경제활동,contains:구직중,
"전직 목사, 현재 구직중",4,4e-06,0.99912,unemployed,무직/비경제활동,contains:구직중,
"전직 직업상담사, 현재 구직중",4,4e-06,0.999124,unemployed,무직/비경제활동,contains:구직중,
"전직 날염기 조작원, 현재 구직중",4,4e-06,0.999128,unemployed,무직/비경제활동,contains:구직중,
"전직 해군 병사, 현재 구직중",4,4e-06,0.999132,unemployed,무직/비경제활동,contains:구직중,
"전직 섬유공학 시험원, 현재 구직중",4,4e-06,0.999136,unemployed,무직/비경제활동,contains:구직중,
"전직 전기공학 시험원, 현재 구직중",4,4e-06,0.99914,unemployed,무직/비경제활동,contains:구직중,
"전직 수질 환경 기술자 및 연구원, 현재 구직중",4,4e-06,0.999144,unemployed,무직/비경제활동,contains:구직중,
"전직 전자 의료기기 개발 기술자 및 연구원, 현재 구직중",4,4e-06,0.999148,unemployed,무직/비경제활동,contains:구직중,
"전직 방송 및 시나리오 작가, 현재 구직중",4,4e-06,0.999152,unemployed,무직/비경제활동,contains:구직중,
"전직 치과 일반 의사, 현재 구직중",4,4e-06,0.999156,unemployed,무직/비경제활동,contains:구직중,
"전직 출판물 기획자, 현재 구직중",4,4e-06,0.99916,unemployed,무직/비경제활동,contains:구직중,
"전직 대학교 총장 및 대학 학장, 현재 구직중",4,4e-06,0.999164,unemployed,무직/비경제활동,contains:구직중,
"전직 금융 관리자, 현재 구직중",4,4e-06,0.999168,unemployed,무직/비경제활동,contains:구직중,
"전직 공구 조립원, 현재 구직중",4,4e-06,0.999172,unemployed,무직/비경제활동,contains:구직중,
"전직 외장 목공, 현재 구직중",4,4e-06,0.999176,unemployed,무직/비경제활동,contains:구직중,
"전직 장례 상담원, 현재 구직중",4,4e-06,0.99918,unemployed,무직/비경제활동,contains:구직중,
"전직 광원, 현재 구직중",4,4e-06,0.999184,unemployed,무직/비경제활동,contains:구직중,
"전직 공작기계 설치 및 정비원, 현재 구직중",4,4e-06,0.999188,unemployed,무직/비경제활동,contains:구직중,
"전직 고속철 기관차 정비원, 현재 구직중",4,4e-06,0.999192,unemployed,무직/비경제활동,contains:구직중,
"전직 비행기 정비원, 현재 구직중",4,4e-06,0.999196,unemployed,무직/비경제활동,contains:구직중,
"전직 전통 건물 건축원, 현재 구직중",4,4e-06,0.9992,unemployed,무직/비경제활동,contains:구직중,
"전직 전기 및 전자 장비 제도사, 현재 구직중",4,4e-06,0.999204,unemployed,무직/비경제활동,contains:구직중,
"전직 합판생산기 조작원, 현재 구직중",4,4e-06,0.999208,unemployed,무직/비경제활동,contains:구직중,
"전직 철로 보수원, 현재 구직중",4,4e-06,0.999212,unemployed,무직/비경제활동,contains:구직중,
"전직 그 외 사회복지 관련 종사원, 현재 구직중",4,4e-06,0.999216,unemployed,무직/비경제활동,contains:구직중,
"전직 항공기·철도 차량 공학 기술자 및 연구원, 현재 구직중",4,4e-06,0.99922,unemployed,무직/비경제활동,contains:구직중,
"전직 광학기구 수리원, 현재 구직중",4,4e-06,0.999224,unemployed,무직/비경제활동,contains:구직중,
"전직 카지노 딜러, 현재 구직중",4,4e-06,0.999228,unemployed,무직/비경제활동,contains:구직중,
"전직 손톱 관리사, 현재 구직중",4,4e-06,0.999232,unemployed,무직/비경제활동,contains:구직중,
"전직 축산 및 수의학 연구원, 현재 구직중",4,4e-06,0.999236,unemployed,무직/비경제활동,contains:구직중,
관세사,4,4e-06,0.99924,other,기타/검토,no_rule,yes
"전직 보건 위생 검사원, 현재 구직중",4,4e-06,0.999244,unemployed,무직/비경제활동,contains:구직중,
"전직 자동차 도장 정비원, 현재 구직중",4,4e-06,0.999248,unemployed,무직/비경제활동,contains:구직중,
"전직 육상운송 관련 관리자, 현재 구직중",4,4e-06,0.999252,unemployed,무직/비경제활동,contains:구직중,
"전직 음식 서비스 관련 관리자, 현재 구직중",4,4e-06,0.999256,unemployed,무직/비경제활동,contains:구직중,
"전직 방역원, 현재 구직중",4,4e-06,0.99926,unemployed,무직/비경제활동,contains:구직중,
"전직 가정용 전기 및 전자제품 조립원, 현재 구직중",4,4e-06,0.999264,unemployed,무직/비경제활동,contains:구직중,
"전직 헬리콥터 정비원, 현재 구직중",4,4e-06,0.999268,unemployed,무직/비경제활동,contains:구직중,
"전직 그 외 경영 및 진단 전문가, 현재 구직중",4,4e-06,0.999272,unemployed,무직/비경제활동,contains:구직중,
"전직 해병대 장교, 현재 구직중",4,4e-06,0.999276,unemployed,무직/비경제활동,contains:구직중,
"전직 대학 교육 조교, 현재 구직중",4,4e-06,0.99928,unemployed,무직/비경제활동,contains:구직중,
"전직 그라비어인쇄기 조작원, 현재 구직중",4,4e-06,0.999284,unemployed,무직/비경제활동,contains:구직중,
"전직 요업·세라믹공학 기술자 및 연구원, 현재 구직중",4,4e-06,0.999288,unemployed,무직/비경제활동,contains:구직중,
"전직 출납 창구 사무원, 현재 구직중",3,3e-06,0.999291,unemployed,무직/비경제활동,contains:구직중,
"전직 책 디자이너, 현재 구직중",3,3e-06,0.999294,unemployed,무직/비경제활동,contains:구직중,
"전직 수동 상표 부착원, 현재 구직중",3,3e-06,0.999297,unemployed,무직/비경제활동,contains:구직중,
"전직 자연과학·수학 및 통계학 시간강사, 현재 구직중",3,3e-06,0.9993,unemployed,무직/비경제활동,contains:구직중,
"전직 콘크리트제품 제조 관련 조작원, 현재 구직중",3,3e-06,0.999303,unemployed,무직/비경제활동,contains:구직중,
"전직 한약사, 현재 구직중",3,3e-06,0.999306,unemployed,무직/비경제활동,contains:구직중,
"전직 노무사, 현재 구직중",3,3e-06,0.999309,unemployed,무직/비경제활동,contains:구직중,
"전직 위성방송 안테나 설치 및 수리원, 현재 구직중",3,3e-06,0.999312,unemployed,무직/비경제활동,contains:구직중,
"전직 선박 조립원, 현재 구직중",3,3e-06,0.999315,unemployed,무직/비경제활동,contains:구직중,
"전직 신부, 현재 구직중",3,3e-06,0.999318,unemployed,무직/비경제활동,contains:구직중,
"전직 비상 발전기 설치 및 정비원, 현재 구직중",3,3e-06,0.999321,unemployed,무직/비경제활동,contains:구직중,
"전직 예술 및 인문학 시간강사, 현재 구직중",3,3e-06,0.999324,unemployed,무직/비경제활동,contains:구직중,
"전직 세제 생산기 조작원, 현재 구직중",3,3e-06,0.999327,unemployed,무직/비경제활동,contains:구직중,
"전직 그 외 금속가공 관련 제어 장치 조작원, 현재 구직중",3,3e-06,0.99933,unemployed,무직/비경제활동,contains:구직중,
"전직 액세서리 디자이너, 현재 구직중",3,3e-06,0.999333,unemployed,무직/비경제활동,contains:구직중,
"전직 비료 생산기 조작원, 현재 구직중",3,3e-06,0.999336,unemployed,무직/비경제활동,contains:구직중,
"전직 도축원, 현재 구직중",3,3e-06,0.999339,unemployed,무직/비경제활동,contains:구직중,
모자 제조원,3,3e-06,0.999342,other,기타/검토,no_rule,yes
"전직 신발 및 구두 재단사, 현재 구직중",3,3e-06,0.999345,unemployed,무직/비경제활동,contains:구직중,
"전직 공조기설비 조작원, 현재 구직중",3,3e-06,0.999348,unemployed,무직/비경제활동,contains:구직중,
"전직 공동주택 관리자, 현재 구직중",3,3e-06,0.999351,unemployed,무직/비경제활동,contains:구직중,
"전직 여객차 및 화차 정비원, 현재 구직중",3,3e-06,0.999354,unemployed,무직/비경제활동,contains:구직중,
"전직 공학·제조 및 건설 분야 시간강사, 현재 구직중",3,3e-06,0.999357,unemployed,무직/비경제활동,contains:구직중,
"전직 그 외 종이제품 생산기 조작원, 현재 구직중",3,3e-06,0.99936,unemployed,무직/비경제활동,contains:구직중,
"전직 그 외 금속 및 재료 공학 시험원, 현재 구직중",3,3e-06,0.999363,unemployed,무직/비경제활동,contains:구직중,
"전직 청각장애인 특수교육 교사, 현재 구직중",3,3e-06,0.999366,unemployed,무직/비경제활동,contains:구직중,
"전직 그 외 종교 관련 종사원, 현재 구직중",3,3e-06,0.999369,unemployed,무직/비경제활동,contains:구직중,
사회과학 연구 관리자,3,3e-06,0.999372,1,관리자,contains:관리자,
"전직 증권 중개인, 현재 구직중",3,3e-06,0.999375,unemployed,무직/비경제활동,contains:구직중,
"전직 토목안전 기술자, 현재 구직중",3,3e-06,0.999378,unemployed,무직/비경제활동,contains:구직중,
"전직 의료 서비스 상담 종사원, 현재 구직중",3,3e-06,0.999381,unemployed,무직/비경제활동,contains:구직중,
"전직 도로정지기 운전원, 현재 구직중",3,3e-06,0.999384,unemployed,무직/비경제활동,contains:구직중,
"전직 손해 사정사, 현재 구직중",3,3e-06,0.999387,unemployed,무직/비경제활동,contains:구직중,
"전직 화장품·비누제품 기술자 및 연구원, 현재 구직중",3,3e-06,0.99939,unemployed,무직/비경제활동,contains:구직중,
"전직 보험 인수 심사원, 현재 구직중",3,3e-06,0.999393,unemployed,무직/비경제활동,contains:구직중,
"전직 과학 교사, 현재 구직중",3,3e-06,0.999396,unemployed,무직/비경제활동,contains:구직중,
"전직 사진 인화 및 현상기 조작원, 현재 구직중",3,3e-06,0.999399,unemployed,무직/비경제활동,contains:구직중,
"전직 그 외 목제품 제조 관련 종사원, 현재 구직중",3,3e-06,0.999402,unemployed,무직/비경제활동,contains:구직중,
"전직 수상운송 사무원, 현재 구직중",3,3e-06,0.999405,unemployed,무직/비경제활동,contains:구직중,
"전직 식품기계 설치 및 정비원, 현재 구직중",3,3e-06,0.999408,unemployed,무직/비경제활동,contains:구직중,
"전직 신용 추심원, 현재 구직중",3,3e-06,0.999411,unemployed,무직/비경제활동,contains:구직중,
"전직 그 외 자연과학 시험원, 현재 구직중",3,3e-06,0.999414,unemployed,무직/비경제활동,contains:구직중,
"전직 예술 및 인문학 교수, 현재 구직중",3,3e-06,0.999417,unemployed,무직/비경제활동,contains:구직중,
"전직 대기 환경 기술자 및 연구원, 현재 구직중",3,3e-06,0.99942,unemployed,무직/비경제활동,contains:구직중,
"전직 그 외 점토제품 생산기 조작원, 현재 구직중",3,3e-06,0.999423,unemployed,무직/비경제활동,contains:구직중,
"전직 위생용 종이제품 제조기 조작원, 현재 구직중",3,3e-06,0.999426,unemployed,무직/비경제활동,contains:구직중,
"전직 카펫 및 가발 제조원, 현재 구직중",3,3e-06,0.999429,unemployed,무직/비경제활동,contains:구직중,
"전직 그 외 표백 및 염색 관련 기계 조작원, 현재 구직중",3,3e-06,0.999432,unemployed,무직/비경제활동,contains:구직중,
"전직 과실 및 채소 가공 관련 기계 조작원, 현재 구직중",3,3e-06,0.999435,unemployed,무직/비경제활동,contains:구직중,
"전직 인화지 제조기 조작원, 현재 구직중",3,3e-06,0.999438,unemployed,무직/비경제활동,contains:구직중,
"전직 환경 감시원, 현재 구직중",3,3e-06,0.999441,unemployed,무직/비경제활동,contains:구직중,
"전직 농업용 기계 설치 및 정비원, 현재 구직중",3,3e-06,0.999444,unemployed,무직/비경제활동,contains:구직중,
"전직 제재기 조작원, 현재 구직중",3,3e-06,0.999447,unemployed,무직/비경제활동,contains:구직중,
"전직 그 외 시멘트 및 광물제품 제조기 조작원, 현재 구직중",3,3e-06,0.99945,unemployed,무직/비경제활동,contains:구직중,
국악 연주가,3,3e-06,0.999453,other,기타/검토,no_rule,yes
"전직 보험 심사원, 현재 구직중",3,3e-06,0.999456,unemployed,무직/비경제활동,contains:구직중,
"전직 그 외 언론 관련 전문가, 현재 구직중",3,3e-06,0.999459,unemployed,무직/비경제활동,contains:구직중,
"전직 개인 생활 서비스 종사원, 현재 구직중",3,3e-06,0.999462,unemployed,무직/비경제활동,contains:구직중,
"전직 문학작가, 현재 구직중",3,3e-06,0.999465,unemployed,무직/비경제활동,contains:구직중,
"전직 수의사 보조원, 현재 구직중",3,3e-06,0.999468,unemployed,무직/비경제활동,contains:구직중,
"전직 웹 디자이너, 현재 구직중",3,3e-06,0.999471,unemployed,무직/비경제활동,contains:구직중,
"전직 문화재 보존원, 현재 구직중",3,3e-06,0.999474,unemployed,무직/비경제활동,contains:구직중,
"전직 재활용 처리 기계 조작원, 현재 구직중",3,3e-06,0.999477,unemployed,무직/비경제활동,contains:구직중,
"전직 시계 및 카메라 수리원, 현재 구직중",3,3e-06,0.99948,unemployed,무직/비경제활동,contains:구직중,
"전직 보험 상품 개발자, 현재 구직중",3,3e-06,0.999483,unemployed,무직/비경제활동,contains:구직중,
"전직 그 외 수제 식품 제조 종사원, 현재 구직중",3,3e-06,0.999486,unemployed,무직/비경제활동,contains:구직중,
"전직 소음 진동 시험원, 현재 구직중",3,3e-06,0.999489,unemployed,무직/비경제활동,contains:구직중,
농림·수산업 및 수의학 시간강사,3,3e-06,0.999492,2,전문가 및 관련 종사자,suffix:강사,
그 외 사육 관련 종사원,3,3e-06,0.999495,other,기타/검토,no_rule,yes
"전직 구두 수선원, 현재 구직중",3,3e-06,0.999498,unemployed,무직/비경제활동,contains:구직중,
"전직 생물학 시험원, 현재 구직중",3,3e-06,0.999501,unemployed,무직/비경제활동,contains:구직중,
"전직 귀금속 세공원, 현재 구직중",3,3e-06,0.999504,unemployed,무직/비경제활동,contains:구직중,
그 외 자연과학 연구원,3,3e-06,0.999507,2,전문가 및 관련 종사자,suffix:연구원,
"전직 유지 제조기 조작원, 현재 구직중",3,3e-06,0.99951,unemployed,무직/비경제활동,contains:구직중,
"전직 콘크리트 타설원, 현재 구직중",3,3e-06,0.999513,unemployed,무직/비경제활동,contains:구직중,
"전직 그 외 직조기 및 편직기 조작원, 현재 구직중",3,3e-06,0.999516,unemployed,무직/비경제활동,contains:구직중,
"전직 플라스틱 압출기 조작원, 현재 구직중",3,3e-06,0.999519,unemployed,무직/비경제활동,contains:구직중,
도선사,3,3e-06,0.999522,other,기타/검토,no_rule,yes
"전직 그 외 전문 서비스 관리자, 현재 구직중",3,3e-06,0.999525,unemployed,무직/비경제활동,contains:구직중,
"전직 정보 통신기술 분야 교수, 현재 구직중",3,3e-06,0.999528,unemployed,무직/비경제활동,contains:구직중,
"전직 그 외 채굴 및 토목 관련 종사원, 현재 구직중",3,3e-06,0.999531,unemployed,무직/비경제활동,contains:구직중,
"전직 소음 진동 기술자 및 연구원, 현재 구직중",3,3e-06,0.999534,unemployed,무직/비경제활동,contains:구직중,
"전직 임업 단순 종사원, 현재 구직중",3,3e-06,0.999537,unemployed,무직/비경제활동,contains:구직중,
"전직 그 외 스포츠 및 레크리에이션 관련 전문가, 현재 구직중",3,3e-06,0.99954,unemployed,무직/비경제활동,contains:구직중,
"전직 영상·녹화 및 편집 기사, 현재 구직중",3,3e-06,0.999543,unemployed,무직/비경제활동,contains:구직중,
"전직 승려, 현재 구직중",3,3e-06,0.999546,unemployed,무직/비경제활동,contains:구직중,
"전직 임학 연구원, 현재 구직중",3,3e-06,0.999549,unemployed,무직/비경제활동,contains:구직중,
"전직 방사선사, 현재 구직중",3,3e-06,0.999552,unemployed,무직/비경제활동,contains:구직중,
"전직 가죽 및 모피 수선원, 현재 구직중",3,3e-06,0.999555,unemployed,무직/비경제활동,contains:구직중,
"전직 채석원, 현재 구직중",3,3e-06,0.999558,unemployed,무직/비경제활동,contains:구직중,
"전직 타이어 생산기 조작원, 현재 구직중",3,3e-06,0.999561,unemployed,무직/비경제활동,contains:구직중,
"전직 그 외 곡물가공 제품 기계 조작원, 현재 구직중",3,3e-06,0.999564,unemployed,무직/비경제활동,contains:구직중,
"전직 석 공예원, 현재 구직중",3,3e-06,0.999567,unemployed,무직/비경제활동,contains:구직중,
"전직 국수 및 면류 제품 기계 조작원, 현재 구직중",3,3e-06,0.99957,unemployed,무직/비경제활동,contains:구직중,
"전직 압연기 조작원, 현재 구직중",3,3e-06,0.999573,unemployed,무직/비경제활동,contains:구직중,
"전직 그 외 금융 사무원, 현재 구직중",3,3e-06,0.999576,unemployed,무직/비경제활동,contains:구직중,
"전직 유리 제조 및 제품 가공기 조작원, 현재 구직중",3,3e-06,0.999579,unemployed,무직/비경제활동,contains:구직중,
"전직 돼지 사육자, 현재 구직중",3,3e-06,0.999582,unemployed,무직/비경제활동,contains:구직중,
"전직 소방 공사 감리 기술자 및 연구원, 현재 구직중",3,3e-06,0.999585,unemployed,무직/비경제활동,contains:구직중,
"전직 압출기 조작원, 현재 구직중",3,3e-06,0.999588,unemployed,무직/비경제활동,contains:구직중,
"전직 방송 및 영화연출 보조원, 현재 구직중",3,3e-06,0.999591,unemployed,무직/비경제활동,contains:구직중,
사무용품 대여원,3,3e-06,0.999594,other,기타/검토,no_rule,yes
"전직 항해사, 현재 구직중",3,3e-06,0.999597,unemployed,무직/비경제활동,contains:구직중,
"전직 정당 및 특수 단체 임원, 현재 구직중",3,3e-06,0.9996,unemployed,무직/비경제활동,contains:구직중,
"전직 그 외 선박 관련 승무원, 현재 구직중",3,3e-06,0.999603,unemployed,무직/비경제활동,contains:구직중,
"전직 수질 환경 시험원, 현재 구직중",3,3e-06,0.999606,unemployed,무직/비경제활동,contains:구직중,
"전직 그 외 음료 제조 관련 기계 조작원, 현재 구직중",3,3e-06,0.999609,unemployed,무직/비경제활동,contains:구직중,
"전직 지구 및 기상 과학 연구원, 현재 구직중",3,3e-06,0.999612,unemployed,무직/비경제활동,contains:구직중,
"전직 송배전설비 전기원, 현재 구직중",3,3e-06,0.999615,unemployed,무직/비경제활동,contains:구직중,
"전직 섬유 및 펠트 관련 선별원, 현재 구직중",3,3e-06,0.999618,unemployed,무직/비경제활동,contains:구직중,
"전직 디지털인쇄기 조작원, 현재 구직중",3,3e-06,0.999621,unemployed,무직/비경제활동,contains:구직중,
"전직 필름 생산기 조작원, 현재 구직중",2,2e-06,0.999623,unemployed,무직/비경제활동,contains:구직중,
"전직 전통차 조리사, 현재 구직중",2,2e-06,0.999625,unemployed,무직/비경제활동,contains:구직중,
"전직 조미 식품 생산기 조작원, 현재 구직중",2,2e-06,0.999627,unemployed,무직/비경제활동,contains:구직중,
"전직 마루 설치원, 현재 구직중",2,2e-06,0.999629,unemployed,무직/비경제활동,contains:구직중,
"전직 금속 주입원, 현재 구직중",2,2e-06,0.999631,unemployed,무직/비경제활동,contains:구직중,
"전직 그 외 토목 관련 기술자, 현재 구직중",2,2e-06,0.999633,unemployed,무직/비경제활동,contains:구직중,
"전직 건강식품 가공기 조작원, 현재 구직중",2,2e-06,0.999635,unemployed,무직/비경제활동,contains:구직중,
원근해 어부,2,2e-06,0.999637,other,기타/검토,no_rule,yes
"전직 선박 기관사, 현재 구직중",2,2e-06,0.999639,unemployed,무직/비경제활동,contains:구직중,
"전직 식품 생산 관리자, 현재 구직중",2,2e-06,0.999641,unemployed,무직/비경제활동,contains:구직중,
"전직 그 외 비금속제품 관련 생산기 조작원, 현재 구직중",2,2e-06,0.999643,unemployed,무직/비경제활동,contains:구직중,
"전직 지휘자, 현재 구직중",2,2e-06,0.999645,unemployed,무직/비경제활동,contains:구직중,
"전직 그 외 아나운서 및 리포터, 현재 구직중",2,2e-06,0.999647,unemployed,무직/비경제활동,contains:구직중,
"전직 점술가, 현재 구직중",2,2e-06,0.999649,unemployed,무직/비경제활동,contains:구직중,
"전직 조경 계획 및 설계 기술자, 현재 구직중",2,2e-06,0.999651,unemployed,무직/비경제활동,contains:구직중,
"전직 그 외 사진 인화 및 현상기 조작원, 현재 구직중",2,2e-06,0.999653,unemployed,무직/비경제활동,contains:구직중,
"전직 이벤트 전문가, 현재 구직중",2,2e-06,0.999655,unemployed,무직/비경제활동,contains:구직중,
"전직 그 외 조적공 및 석재 부설원, 현재 구직중",2,2e-06,0.999657,unemployed,무직/비경제활동,contains:구직중,
"전직 천문 및 우주 과학 시험원, 현재 구직중",2,2e-06,0.999659,unemployed,무직/비경제활동,contains:구직중,
"전직 그 외 제품 생산 관련 관리자, 현재 구직중",2,2e-06,0.999661,unemployed,무직/비경제활동,contains:구직중,
"전직 그 외 작가, 현재 구직중",2,2e-06,0.999663,unemployed,무직/비경제활동,contains:구직중,
"전직 컴퓨터 운영 관리자, 현재 구직중",2,2e-06,0.999665,unemployed,무직/비경제활동,contains:구직중,
"전직 그 외 환경공학 관련 시험원, 현재 구직중",2,2e-06,0.999667,unemployed,무직/비경제활동,contains:구직중,
"전직 항공기 객실 승무원, 현재 구직중",2,2e-06,0.999669,unemployed,무직/비경제활동,contains:구직중,
"전직 민속신앙 관련 종사원, 현재 구직중",2,2e-06,0.999671,unemployed,무직/비경제활동,contains:구직중,
"전직 건설기계 조립원, 현재 구직중",2,2e-06,0.999673,unemployed,무직/비경제활동,contains:구직중,
"전직 펌프 장치 조작원, 현재 구직중",2,2e-06,0.999675,unemployed,무직/비경제활동,contains:구직중,
"전직 그 외 자산 운용가, 현재 구직중",2,2e-06,0.999677,unemployed,무직/비경제활동,contains:구직중,
"전직 하수 처리 장치 조작원, 현재 구직중",2,2e-06,0.999679,unemployed,무직/비경제활동,contains:구직중,
"전직 폐기물 처리 시험원, 현재 구직중",2,2e-06,0.999681,unemployed,무직/비경제활동,contains:구직중,
"전직 자동차 섀시 정비원, 현재 구직중",2,2e-06,0.999683,unemployed,무직/비경제활동,contains:구직중,
항공권 판매원,2,2e-06,0.999685,5,판매 종사자,contains:판매,
"전직 기술 감독, 현재 구직중",2,2e-06,0.999687,unemployed,무직/비경제활동,contains:구직중,
"전직 심리학 연구원, 현재 구직중",2,2e-06,0.999689,unemployed,무직/비경제활동,contains:구직중,
"전직 수산학 연구원, 현재 구직중",2,2e-06,0.999691,unemployed,무직/비경제활동,contains:구직중,
"전직 건물 수리원, 현재 구직중",2,2e-06,0.999693,unemployed,무직/비경제활동,contains:구직중,
"전직 피부 관리사, 현재 구직중",2,2e-06,0.999695,unemployed,무직/비경제활동,contains:구직중,
"전직 사용자 경험 및 인터페이스 디자이너, 현재 구직중",2,2e-06,0.999697,unemployed,무직/비경제활동,contains:구직중,
"전직 경인쇄기 조작원, 현재 구직중",2,2e-06,0.999699,unemployed,무직/비경제활동,contains:구직중,
"전직 어업 시험원, 현재 구직중",2,2e-06,0.999701,unemployed,무직/비경제활동,contains:구직중,
"전직 색채 전문가, 현재 구직중",2,2e-06,0.999703,unemployed,무직/비경제활동,contains:구직중,
"전직 그 외 식문화 관련 전문가, 현재 구직중",2,2e-06,0.999705,unemployed,무직/비경제활동,contains:구직중,
"전직 크레인 설치 및 정비원, 현재 구직중",2,2e-06,0.999707,unemployed,무직/비경제활동,contains:구직중,
"전직 행사 전시 기획자, 현재 구직중",2,2e-06,0.999709,unemployed,무직/비경제활동,contains:구직중,
"전직 가구 수리원, 현재 구직중",2,2e-06,0.999711,unemployed,무직/비경제활동,contains:구직중,
"전직 정치학 연구원, 현재 구직중",2,2e-06,0.999713,unemployed,무직/비경제활동,contains:구직중,
"전직 무역 관련 관리자, 현재 구직중",2,2e-06,0.999715,unemployed,무직/비경제활동,contains:구직중,
"전직 주방장, 현재 구직중",2,2e-06,0.999717,unemployed,무직/비경제활동,contains:구직중,
"전직 철도 기관차 정비원, 현재 구직중",2,2e-06,0.999719,unemployed,무직/비경제활동,contains:구직중,
"전직 기업 인수 및 합병 전문가, 현재 구직중",2,2e-06,0.999721,unemployed,무직/비경제활동,contains:구직중,
"전직 목 공예원, 현재 구직중",2,2e-06,0.999723,unemployed,무직/비경제활동,contains:구직중,
육우 사육자,2,2e-06,0.999725,other,기타/검토,no_rule,yes
"전직 보석 세공원, 현재 구직중",2,2e-06,0.999727,unemployed,무직/비경제활동,contains:구직중,
"전직 중앙정부 고위 공무원, 현재 구직중",2,2e-06,0.999729,unemployed,무직/비경제활동,contains:구직중,
"전직 그 외 연극·영화 및 영상 관련 종사원, 현재 구직중",2,2e-06,0.999731,unemployed,무직/비경제활동,contains:구직중,
"전직 젖소 사육자, 현재 구직중",2,2e-06,0.999733,unemployed,무직/비경제활동,contains:구직중,
"전직 수력발전장치 운전원, 현재 구직중",2,2e-06,0.999735,unemployed,무직/비경제활동,contains:구직중,
"전직 내과 전문 의사, 현재 구직중",2,2e-06,0.999737,unemployed,무직/비경제활동,contains:구직중,
"전직 그 외 금융 및 보험 관련 전문가, 현재 구직중",2,2e-06,0.999739,unemployed,무직/비경제활동,contains:구직중,
"전직 조경원, 현재 구직중",2,2e-06,0.999741,unemployed,무직/비경제활동,contains:구직중,
"전직 노래방 서비스원, 현재 구직중",2,2e-06,0.999743,unemployed,무직/비경제활동,contains:구직중,
"전직 그 외 공예원, 현재 구직중",2,2e-06,0.999745,unemployed,무직/비경제활동,contains:구직중,
"전직 항공기 전기 설치원, 현재 구직중",2,2e-06,0.999747,unemployed,무직/비경제활동,contains:구직중,
"전직 도자기제품 생산기 조작원, 현재 구직중",2,2e-06,0.999749,unemployed,무직/비경제활동,contains:구직중,
"전직 종이상자 및 봉투 제조기 조작원, 현재 구직중",2,2e-06,0.999751,unemployed,무직/비경제활동,contains:구직중,
"전직 개그맨 및 코미디언, 현재 구직중",2,2e-06,0.999753,unemployed,무직/비경제활동,contains:구직중,
"전직 촬영기사, 현재 구직중",2,2e-06,0.999755,unemployed,무직/비경제활동,contains:구직중,
"전직 그 외 감독 및 연출가, 현재 구직중",2,2e-06,0.999757,unemployed,무직/비경제활동,contains:구직중,
"전직 디자인 관련 관리자, 현재 구직중",2,2e-06,0.999759,unemployed,무직/비경제활동,contains:구직중,
"전직 식품공학 시험원, 현재 구직중",2,2e-06,0.999761,unemployed,무직/비경제활동,contains:구직중,
"전직 피부과 및 비뇨기과 전문 의사, 현재 구직중",2,2e-06,0.999763,unemployed,무직/비경제활동,contains:구직중,
"전직 체육 및 그 외 분야 시간강사, 현재 구직중",2,2e-06,0.999765,unemployed,무직/비경제활동,contains:구직중,
"전직 의료기기 설치 및 수리원, 현재 구직중",2,2e-06,0.999767,unemployed,무직/비경제활동,contains:구직중,
"전직 오락 및 스포츠용품 대여원, 현재 구직중",2,2e-06,0.999769,unemployed,무직/비경제활동,contains:구직중,
"전직 그 외 석유 및 화학물 가공 장치 조작원, 현재 구직중",2,2e-06,0.999771,unemployed,무직/비경제활동,contains:구직중,
"전직 체형 관리사, 현재 구직중",2,2e-06,0.999773,unemployed,무직/비경제활동,contains:구직중,
"전직 그 외 인문과학 연구원, 현재 구직중",2,2e-06,0.999775,unemployed,무직/비경제활동,contains:구직중,
그 외 가축 사육 종사원,2,2e-06,0.999777,other,기타/검토,no_rule,yes
"전직 그 외 생명과학 연구원, 현재 구직중",2,2e-06,0.999779,unemployed,무직/비경제활동,contains:구직중,
"전직 그 외 화학공학 시험원, 현재 구직중",2,2e-06,0.999781,unemployed,무직/비경제활동,contains:구직중,
"전직 렌터카 운전원, 현재 구직중",2,2e-06,0.999783,unemployed,무직/비경제활동,contains:구직중,
"전직 통신 관리자, 현재 구직중",2,2e-06,0.999785,unemployed,무직/비경제활동,contains:구직중,
"전직 호이스트 설치 및 정비원, 현재 구직중",2,2e-06,0.999787,unemployed,무직/비경제활동,contains:구직중,
"전직 스포츠 코치, 현재 구직중",2,2e-06,0.999789,unemployed,무직/비경제활동,contains:구직중,
"전직 체육 및 그 외 분야 교수, 현재 구직중",2,2e-06,0.999791,unemployed,무직/비경제활동,contains:구직중,
"전직 음향 및 녹음 기사, 현재 구직중",2,2e-06,0.999793,unemployed,무직/비경제활동,contains:구직중,
"전직 호이스트 운전원, 현재 구직중",2,2e-06,0.999795,unemployed,무직/비경제활동,contains:구직중,
"전직 화장품 및 비누제품 시험원, 현재 구직중",2,2e-06,0.999797,unemployed,무직/비경제활동,contains:구직중,
"전직 보건 및 복지 교수, 현재 구직중",2,2e-06,0.999799,unemployed,무직/비경제활동,contains:구직중,
"전직 인발기 조작원, 현재 구직중",2,2e-06,0.999801,unemployed,무직/비경제활동,contains:구직중,
"전직 석제품 가공기 조작원, 현재 구직중",2,2e-06,0.999803,unemployed,무직/비경제활동,contains:구직중,
"전직 소각로 조작원, 현재 구직중",2,2e-06,0.999805,unemployed,무직/비경제활동,contains:구직중,
"전직 가구 디자이너, 현재 구직중",2,2e-06,0.999807,unemployed,무직/비경제활동,contains:구직중,
"전직 제책 및 재단용 기계 조작원, 현재 구직중",2,2e-06,0.999809,unemployed,무직/비경제활동,contains:구직중,
"전직 플라스틱제품 조립원, 현재 구직중",2,2e-06,0.999811,unemployed,무직/비경제활동,contains:구직중,
"전직 항공교통 관제사, 현재 구직중",2,2e-06,0.999813,unemployed,무직/비경제활동,contains:구직중,
"전직 그 외 귀금속 및 보석 세공원, 현재 구직중",2,2e-06,0.999815,unemployed,무직/비경제활동,contains:구직중,
내수면 어부,2,2e-06,0.999817,other,기타/검토,no_rule,yes
"전직 인력 공급 및 알선 서비스 관리자, 현재 구직중",2,2e-06,0.999819,unemployed,무직/비경제활동,contains:구직중,
"전직 사회과학·경영 및 법학 시간강사, 현재 구직중",2,2e-06,0.999821,unemployed,무직/비경제활동,contains:구직중,
"전직 가구 판매원, 현재 구직중",2,2e-06,0.999823,unemployed,무직/비경제활동,contains:구직중,
"전직 그 외 전기 및 전자설비 조작원, 현재 구직중",2,2e-06,0.999825,unemployed,무직/비경제활동,contains:구직중,
"전직 전자 및 정밀 기구 조립원, 현재 구직중",2,2e-06,0.999827,unemployed,무직/비경제활동,contains:구직중,
"전직 가스 관련 관리자, 현재 구직중",2,2e-06,0.999829,unemployed,무직/비경제활동,contains:구직중,
"전직 외환 딜러, 현재 구직중",2,2e-06,0.999831,unemployed,무직/비경제활동,contains:구직중,
"전직 악기 제조 및 수리원, 현재 구직중",2,2e-06,0.999833,unemployed,무직/비경제활동,contains:구직중,
"전직 수리 및 정비 관련 관리자, 현재 구직중",2,2e-06,0.999835,unemployed,무직/비경제활동,contains:구직중,
"전직 자동차 전기 및 전자 정비원, 현재 구직중",2,2e-06,0.999837,unemployed,무직/비경제활동,contains:구직중,
국회의원,2,2e-06,0.999839,other,기타/검토,no_rule,yes
어패류 양식원,2,2e-06,0.999841,other,기타/검토,no_rule,yes
"전직 소년원 학교 교사, 현재 구직중",2,2e-06,0.999843,unemployed,무직/비경제활동,contains:구직중,
"전직 자동차 조립원, 현재 구직중",2,2e-06,0.999845,unemployed,무직/비경제활동,contains:구직중,
"전직 항타기 운전원, 현재 구직중",2,2e-06,0.999847,unemployed,무직/비경제활동,contains:구직중,
"전직 대학 행정조교, 현재 구직중",2,2e-06,0.999849,unemployed,무직/비경제활동,contains:구직중,
"전직 디스플레이 디자이너, 현재 구직중",2,2e-06,0.999851,unemployed,무직/비경제활동,contains:구직중,
"전직 방문 판매원, 현재 구직중",2,2e-06,0.999853,unemployed,무직/비경제활동,contains:구직중,
숙박 관련 관리자,2,2e-06,0.999855,1,관리자,contains:관리자,
"전직 치과 전문 의사, 현재 구직중",2,2e-06,0.999857,unemployed,무직/비경제활동,contains:구직중,
"전직 메이크업 아티스트, 현재 구직중",2,2e-06,0.999859,unemployed,무직/비경제활동,contains:구직중,
"전직 컴퓨터 하드웨어 개발 관리자, 현재 구직중",2,2e-06,0.999861,unemployed,무직/비경제활동,contains:구직중,
"전직 법률 관리자, 현재 구직중",2,2e-06,0.999863,unemployed,무직/비경제활동,contains:구직중,
"전직 생물학 연구원, 현재 구직중",2,2e-06,0.999865,unemployed,무직/비경제활동,contains:구직중,
"전직 요업 및 세라믹 공학 시험원, 현재 구직중",2,2e-06,0.999867,unemployed,무직/비경제활동,contains:구직중,
"전직 단조기 조작원, 현재 구직중",2,2e-06,0.999869,unemployed,무직/비경제활동,contains:구직중,
"전직 편직기 조작원, 현재 구직중",2,2e-06,0.999871,unemployed,무직/비경제활동,contains:구직중,
"전직 주차 단속원, 현재 구직중",1,1e-06,0.999872,unemployed,무직/비경제활동,contains:구직중,
"전직 건설기계공학 기술자 및 연구원, 현재 구직중",1,1e-06,0.999873,unemployed,무직/비경제활동,contains:구직중,
"전직 방재 기술자 및 연구원, 현재 구직중",1,1e-06,0.999874,unemployed,무직/비경제활동,contains:구직중,
"전직 신용 분석가, 현재 구직중",1,1e-06,0.999875,unemployed,무직/비경제활동,contains:구직중,
"전직 교통영향 평가원, 현재 구직중",1,1e-06,0.999876,unemployed,무직/비경제활동,contains:구직중,
"전직 천일염 생산 종사원, 현재 구직중",1,1e-06,0.999877,unemployed,무직/비경제활동,contains:구직중,
젖소 사육자,1,1e-06,0.999878,other,기타/검토,no_rule,yes
"전직 전자공학 시험원, 현재 구직중",1,1e-06,0.999879,unemployed,무직/비경제활동,contains:구직중,
"전직 토양 환경 시험원, 현재 구직중",1,1e-06,0.99988,unemployed,무직/비경제활동,contains:구직중,
"전직 임상심리사, 현재 구직중",1,1e-06,0.999881,unemployed,무직/비경제활동,contains:구직중,
"전직 공학 연구 관리자, 현재 구직중",1,1e-06,0.999882,unemployed,무직/비경제활동,contains:구직중,
"전직 동물 부화원, 현재 구직중",1,1e-06,0.999883,unemployed,무직/비경제활동,contains:구직중,
"전직 결혼상담원, 현재 구직중",1,1e-06,0.999884,unemployed,무직/비경제활동,contains:구직중,
"전직 원자력발전장치 운전원, 현재 구직중",1,1e-06,0.999885,unemployed,무직/비경제활동,contains:구직중,
"전직 경찰 관리자, 현재 구직중",1,1e-06,0.999886,unemployed,무직/비경제활동,contains:구직중,
"전직 그 외 시각 및 공연 예술가, 현재 구직중",1,1e-06,0.999887,unemployed,무직/비경제활동,contains:구직중,
"전직 배우, 현재 구직중",1,1e-06,0.999888,unemployed,무직/비경제활동,contains:구직중,
"전직 외과 전문 의사, 현재 구직중",1,1e-06,0.999889,unemployed,무직/비경제활동,contains:구직중,
"전직 광석 및 석재 가공장치 조작원, 현재 구직중",1,1e-06,0.99989,unemployed,무직/비경제활동,contains:구직중,
해조류 양식원,1,1e-06,0.999891,other,기타/검토,no_rule,yes
"전직 포장 디자이너, 현재 구직중",1,1e-06,0.999892,unemployed,무직/비경제활동,contains:구직중,
"전직 소아청소년과 전문 의사, 현재 구직중",1,1e-06,0.999893,unemployed,무직/비경제활동,contains:구직중,
"전직 조명 기구 설치 및 수리원, 현재 구직중",1,1e-06,0.999894,unemployed,무직/비경제활동,contains:구직중,
"전직 인류학 연구원, 현재 구직중",1,1e-06,0.999895,unemployed,무직/비경제활동,contains:구직중,
"전직 방송·출판 및 영상 관련 관리자, 현재 구직중",1,1e-06,0.999896,unemployed,무직/비경제활동,contains:구직중,
"전직 소방 관리자, 현재 구직중",1,1e-06,0.999897,unemployed,무직/비경제활동,contains:구직중,
복권 및 마권 판매원,1,1e-06,0.999898,5,판매 종사자,contains:판매,
"전직 사무용품 대여원, 현재 구직중",1,1e-06,0.999899,unemployed,무직/비경제활동,contains:구직중,
"전직 방송케이블 설치 및 수리원, 현재 구직중",1,1e-06,0.9999,unemployed,무직/비경제활동,contains:구직중,
"전직 지리 정보 시스템 전문가, 현재 구직중",1,1e-06,0.999901,unemployed,무직/비경제활동,contains:구직중,
"전직 그 외 도장기 조작원, 현재 구직중",1,1e-06,0.999902,unemployed,무직/비경제활동,contains:구직중,
"전직 양장 제조원, 현재 구직중",1,1e-06,0.999903,unemployed,무직/비경제활동,contains:구직중,
"전직 고무 및 플라스틱 시험원, 현재 구직중",1,1e-06,0.999904,unemployed,무직/비경제활동,contains:구직중,
"전직 판사, 현재 구직중",1,1e-06,0.999905,unemployed,무직/비경제활동,contains:구직중,
"전직 도시 계획 및 설계가, 현재 구직중",1,1e-06,0.999906,unemployed,무직/비경제활동,contains:구직중,
"전직 그 외 오락시설 서비스원, 현재 구직중",1,1e-06,0.999907,unemployed,무직/비경제활동,contains:구직중,
"전직 지중 전력설비 전기원, 현재 구직중",1,1e-06,0.999908,unemployed,무직/비경제활동,contains:구직중,
"전직 오프셋인쇄기 조작원, 현재 구직중",1,1e-06,0.999909,unemployed,무직/비경제활동,contains:구직중,
"전직 공공 기관 임원, 현재 구직중",1,1e-06,0.99991,unemployed,무직/비경제활동,contains:구직중,
리포터,1,1e-06,0.999911,other,기타/검토,no_rule,yes
"전직 주차 안내원, 현재 구직중",1,1e-06,0.999912,unemployed,무직/비경제활동,contains:구직중,
"전직 고무제품 조립원, 현재 구직중",1,1e-06,0.999913,unemployed,무직/비경제활동,contains:구직중,
"전직 보도블록 설치원, 현재 구직중",1,1e-06,0.999914,unemployed,무직/비경제활동,contains:구직중,
"전직 반려동물 훈련사, 현재 구직중",1,1e-06,0.999915,unemployed,무직/비경제활동,contains:구직중,
"전직 가죽 패턴사, 현재 구직중",1,1e-06,0.999916,unemployed,무직/비경제활동,contains:구직중,
"전직 토목구조 설계 기술자, 현재 구직중",1,1e-06,0.999917,unemployed,무직/비경제활동,contains:구직중,
"전직 중·고등학교 교장 및 교감, 현재 구직중",1,1e-06,0.999918,unemployed,무직/비경제활동,contains:구직중,
"전직 여행 상품 개발자, 현재 구직중",1,1e-06,0.999919,unemployed,무직/비경제활동,contains:구직중,
"전직 해상운송 관련 관리자, 현재 구직중",1,1e-06,0.99992,unemployed,무직/비경제활동,contains:구직중,
"전직 활자 디자이너, 현재 구직중",1,1e-06,0.999921,unemployed,무직/비경제활동,contains:구직중,
"전직 의학 연구원, 현재 구직중",1,1e-06,0.999922,unemployed,무직/비경제활동,contains:구직중,
"전직 로봇공학 시험원, 현재 구직중",1,1e-06,0.999923,unemployed,무직/비경제활동,contains:구직중,
"전직 화력발전장치 운전원, 현재 구직중",1,1e-06,0.999924,unemployed,무직/비경제활동,contains:구직중,
판촉원,1,1e-06,0.999925,other,기타/검토,no_rule,yes
"전직 농업기계 조립원, 현재 구직중",1,1e-06,0.999926,unemployed,무직/비경제활동,contains:구직중,
"전직 직물 디자이너, 현재 구직중",1,1e-06,0.999927,unemployed,무직/비경제활동,contains:구직중,
"전직 광업용 기계 설치 및 정비원, 현재 구직중",1,1e-06,0.999928,unemployed,무직/비경제활동,contains:구직중,
"전직 산부인과 전문 의사, 현재 구직중",1,1e-06,0.999929,unemployed,무직/비경제활동,contains:구직중,
"전직 무대의상 관리원, 현재 구직중",1,1e-06,0.99993,unemployed,무직/비경제활동,contains:구직중,
"전직 토양 환경 기술자 및 연구원, 현재 구직중",1,1e-06,0.999931,unemployed,무직/비경제활동,contains:구직중,
"전직 한복 제조원, 현재 구직중",1,1e-06,0.999932,unemployed,무직/비경제활동,contains:구직중,
"전직 삽화가, 현재 구직중",1,1e-06,0.999933,unemployed,무직/비경제활동,contains:구직중,
"전직 사회복지 관련 관리자, 현재 구직중",1,1e-06,0.999934,unemployed,무직/비경제활동,contains:구직중,
"전직 그 외 수선원, 현재 구직중",1,1e-06,0.999935,unemployed,무직/비경제활동,contains:구직중,
"전직 낙농품가공 기계 조작원, 현재 구직중",1,1e-06,0.999936,unemployed,무직/비경제활동,contains:구직중,
"전직 조경 관련 관리자, 현재 구직중",1,1e-06,0.999937,unemployed,무직/비경제활동,contains:구직중,
"전직 공장 전기 및 전자설비 조작원, 현재 구직중",1,1e-06,0.999938,unemployed,무직/비경제활동,contains:구직중,
"전직 신발 제조기 조작원 및 조립원, 현재 구직중",1,1e-06,0.999939,unemployed,무직/비경제활동,contains:구직중,
"전직 콘크리트 믹서 트럭 운전원, 현재 구직중",1,1e-06,0.99994,unemployed,무직/비경제활동,contains:구직중,
"전직 자동차 판금 정비원, 현재 구직중",1,1e-06,0.999941,unemployed,무직/비경제활동,contains:구직중,
"전직 집행관, 현재 구직중",1,1e-06,0.999942,unemployed,무직/비경제활동,contains:구직중,
"전직 선박 배관공, 현재 구직중",1,1e-06,0.999943,unemployed,무직/비경제활동,contains:구직중,
"전직 건설자재 시험원, 현재 구직중",1,1e-06,0.999944,unemployed,무직/비경제활동,contains:구직중,
"전직 판지 라이닝기 조작원, 현재 구직중",1,1e-06,0.999945,unemployed,무직/비경제활동,contains:구직중,
"전직 목형원, 현재 구직중",1,1e-06,0.999946,unemployed,무직/비경제활동,contains:구직중,
"전직 그 외 숙박시설 서비스원, 현재 구직중",1,1e-06,0.999947,unemployed,무직/비경제활동,contains:구직중,
"전직 그 외 재단사, 현재 구직중",1,1e-06,0.999948,unemployed,무직/비경제활동,contains:구직중,
"전직 화훼작물 재배원, 현재 구직중",1,1e-06,0.999949,unemployed,무직/비경제활동,contains:구직중,
"전직 섬유기계 설치 및 정비원, 현재 구직중",1,1e-06,0.99995,unemployed,무직/비경제활동,contains:구직중,
"전직 그 외 정보 통신 관련 관리자, 현재 구직중",1,1e-06,0.999951,unemployed,무직/비경제활동,contains:구직중,
"전직 선장, 현재 구직중",1,1e-06,0.999952,unemployed,무직/비경제활동,contains:구직중,
"전직 비알코올성 음료 제조기 조작원, 현재 구직중",1,1e-06,0.999953,unemployed,무직/비경제활동,contains:구직중,
"전직 건축가, 현재 구직중",1,1e-06,0.999954,unemployed,무직/비경제활동,contains:구직중,
"전직 학예사, 현재 구직중",1,1e-06,0.999955,unemployed,무직/비경제활동,contains:구직중,
"전직 정수 처리 장치 조작원, 현재 구직중",1,1e-06,0.999956,unemployed,무직/비경제활동,contains:구직중,
"전직 지게차 정비원, 현재 구직중",1,1e-06,0.999957,unemployed,무직/비경제활동,contains:구직중,
"전직 수도 관련 관리자, 현재 구직중",1,1e-06,0.999958,unemployed,무직/비경제활동,contains:구직중,
"전직 자재 및 구매 관리자, 현재 구직중",1,1e-06,0.999959,unemployed,무직/비경제활동,contains:구직중,
"전직 일반 한의사, 현재 구직중",1,1e-06,0.99996,unemployed,무직/비경제활동,contains:구직중,
"전직 혼례 종사원, 현재 구직중",1,1e-06,0.999961,unemployed,무직/비경제활동,contains:구직중,
"전직 내수면 어부, 현재 구직중",1,1e-06,0.999962,unemployed,무직/비경제활동,contains:구직중,
"전직 언론학 연구원, 현재 구직중",1,1e-06,0.999963,unemployed,무직/비경제활동,contains:구직중,
"전직 그 외 배관공, 현재 구직중",1,1e-06,0.999964,unemployed,무직/비경제활동,contains:구직중,
동물 부화원,1,1e-06,0.999965,other,기타/검토,no_rule,yes
"전직 점화·발파 및 화약 관리원, 현재 구직중",1,1e-06,0.999966,unemployed,무직/비경제활동,contains:구직중,
"전직 벽돌 및 타일 생산기 조작원, 현재 구직중",1,1e-06,0.999967,unemployed,무직/비경제활동,contains:구직중,
"전직 기계제품 생산 관리자, 현재 구직중",1,1e-06,0.999968,unemployed,무직/비경제활동,contains:구직중,
"전직 전동차 정비원, 현재 구직중",1,1e-06,0.999969,unemployed,무직/비경제활동,contains:구직중,
"전직 섬유 제조 기계 조작원, 현재 구직중",1,1e-06,0.99997,unemployed,무직/비경제활동,contains:구직중,
"전직 목재처리기 조작원, 현재 구직중",1,1e-06,0.999971,unemployed,무직/비경제활동,contains:구직중,
"전직 비파괴 검사원, 현재 구직중",1,1e-06,0.999972,unemployed,무직/비경제활동,contains:구직중,
"전직 전문 한의사, 현재 구직중",1,1e-06,0.999973,unemployed,무직/비경제활동,contains:구직중,
"전직 종이 제조 장치 조작원, 현재 구직중",1,1e-06,0.999974,unemployed,무직/비경제활동,contains:구직중,
"전직 광석 및 금속용광로 조작원, 현재 구직중",1,1e-06,0.999975,unemployed,무직/비경제활동,contains:구직중,
"전직 물리학 연구원, 현재 구직중",1,1e-06,0.999976,unemployed,무직/비경제활동,contains:구직중,
"전직 임상병리사, 현재 구직중",1,1e-06,0.999977,unemployed,무직/비경제활동,contains:구직중,
"전직 건축구조 기술자, 현재 구직중",1,1e-06,0.999978,unemployed,무직/비경제활동,contains:구직중,
"전직 교육학 연구원, 현재 구직중",1,1e-06,0.999979,unemployed,무직/비경제활동,contains:구직중,
"전직 영상의학과 및 병리과 전문 의사, 현재 구직중",1,1e-06,0.99998,unemployed,무직/비경제활동,contains:구직중,
"전직 자동차 튜닝원, 현재 구직중",1,1e-06,0.999981,unemployed,무직/비경제활동,contains:구직중,
"전직 조선공학 기술자 및 연구원, 현재 구직중",1,1e-06,0.999982,unemployed,무직/비경제활동,contains:구직중,
"전직 환경 영향 평가원, 현재 구직중",1,1e-06,0.999983,unemployed,무직/비경제활동,contains:구직중,
"전직 지도 제작 기술자, 현재 구직중",1,1e-06,0.999984,unemployed,무직/비경제활동,contains:구직중,
"전직 선박 객실 승무원, 현재 구직중",1,1e-06,0.999985,unemployed,무직/비경제활동,contains:구직중,
"전직 지구 및 기상 과학 시험원, 현재 구직중",1,1e-06,0.999986,unemployed,무직/비경제활동,contains:구직중,
"전직 여행 관련 관리자, 현재 구직중",1,1e-06,0.999987,unemployed,무직/비경제활동,contains:구직중,
"전직 원유 처리 장치 조작원, 현재 구직중",1,1e-06,0.999988,unemployed,무직/비경제활동,contains:구직중,
"전직 수학 교사, 현재 구직중",1,1e-06,0.999989,unemployed,무직/비경제활동,contains:구직중,
"전직 자연과학·수학 및 통계학 교수, 현재 구직중",1,1e-06,0.99999,unemployed,무직/비경제활동,contains:구직중,
"전직 정부행정 전문가, 현재 구직중",1,1e-06,0.999991,unemployed,무직/비경제활동,contains:구직중,
"전직 전도사, 현재 구직중",1,1e-06,0.999992,unemployed,무직/비경제활동,contains:구직중,
"전직 그 외 매표원 및 복권 판매원, 현재 구직중",1,1e-06,0.999993,unemployed,무직/비경제활동,contains:구직중,
"전직 만화가, 현재 구직중",1,1e-06,0.999994,unemployed,무직/비경제활동,contains:구직중,
"전직 그 외 연구 관리자, 현재 구직중",1,1e-06,0.999995,unemployed,무직/비경제활동,contains:구직중,
"전직 국악 연주가, 현재 구직중",1,1e-06,0.999996,unemployed,무직/비경제활동,contains:구직중,
"전직 모피 및 가죽 의복 제조원, 현재 구직중",1,1e-06,0.999997,unemployed,무직/비경제활동,contains:구직중,
"전직 기록물 관리사, 현재 구직중",1,1e-06,0.999998,unemployed,무직/비경제활동,contains:구직중,
"전직 공업기계 조립원, 현재 구직중",1,1e-06,0.999999,unemployed,무직/비경제활동,contains:구직중,
"전직 부동산 및 임대업 관리자, 현재 구직중",1,1e-06,1.0,unemployed,무직/비경제활동,contains:구직중,
