occupation,count,share,cumulative_share,ksco_major_code,ksco_major_label,rule_hit,confidence,needs_review,previous_code,previous_rule_hit,rationale
무직,367349,0.367349,0.367349,unemployed,??/?????,kept:exact,high,no,unemployed,exact,employment-status bucket is immutable
건물 청소원,18253,0.018253,0.385602,9,???? ???,kept:contains:청소,medium,yes,9,contains:청소,kept from draft; no stronger correction rule
건물 경비원,17473,0.017473,0.403075,9,???? ???,kept:contains:경비원,medium,yes,9,contains:경비원,kept from draft; no stronger correction rule
경리 사무원,16146,0.016146,0.419221,3,?? ???,kept:suffix:사무원,high,no,3,suffix:사무원,kept from draft; no stronger correction rule
사무 보조원,13630,0.01363,0.432851,3,?? ???,kept:exact,medium,yes,3,exact,kept from draft; no stronger correction rule
전화 상담원,11211,0.011211,0.444062,4,??? ???,kept:contains:상담원,high,no,4,contains:상담원,kept from draft; no stronger correction rule
시설 경비원,10897,0.010897,0.454959,9,???? ???,kept:contains:경비원,medium,yes,9,contains:경비원,kept from draft; no stronger correction rule
일반 비서,10895,0.010895,0.465854,3,?? ???,kept:suffix:비서,high,no,3,suffix:비서,kept from draft; no stronger correction rule
하역 및 적재 관련 단순 종사원,9160,0.00916,0.475014,9,???? ???,kept:contains:단순,medium,yes,9,contains:단순,kept from draft; no stronger correction rule
한식 조리사,8566,0.008566,0.48358,4,??? ???,kept:contains:조리사,high,no,4,contains:조리사,kept from draft; no stronger correction rule
그 외 일반 영업원,8199,0.008199,0.491779,5,?? ???,kept:contains:영업,high,no,5,contains:영업,kept from draft; no stronger correction rule
주방 보조원,7542,0.007542,0.499321,4,??? ???,exact:?? ???,high,yes,3,suffix:보조원,kitchen/service assistant
지게차 운전원,7382,0.007382,0.506703,8,????? ?? ? ?? ???,kept:contains:운전원,high,no,8,contains:운전원,kept from draft; no stronger correction rule
회계 사무원,7250,0.00725,0.513953,3,?? ???,kept:suffix:사무원,high,no,3,suffix:사무원,kept from draft; no stronger correction rule
마케팅 전문가,7226,0.007226,0.521179,2,??? ? ?? ???,kept:suffix:전문가,high,no,2,suffix:전문가,kept from draft; no stronger correction rule
산업 안전원,6607,0.006607,0.527786,2,??? ? ?? ???,kept:exact,high,no,2,exact,kept from draft; no stronger correction rule
교육 및 훈련 사무원,6138,0.006138,0.533924,3,?? ???,kept:suffix:사무원,high,no,3,suffix:사무원,kept from draft; no stronger correction rule
그 외 서비스 관련 단순 종사원,5947,0.005947,0.539871,9,???? ???,exact:??? ?? ???,high,yes,4,contains:서비스,explicit simple labor
경영 기획 사무원,5940,0.00594,0.545811,3,?? ???,kept:suffix:사무원,high,no,3,suffix:사무원,kept from draft; no stronger correction rule
그 외 상점 판매원,5702,0.005702,0.551513,5,?? ???,kept:contains:판매,high,no,5,contains:판매,kept from draft; no stronger correction rule
보육교사,5529,0.005529,0.557042,2,??? ? ?? ???,kept:suffix:교사,high,no,2,suffix:교사,kept from draft; no stronger correction rule
음식 서비스 종사원,5332,0.005332,0.562374,4,??? ???,kept:contains:서비스,medium,yes,4,contains:서비스,kept from draft; no stronger correction rule
철도운송 관련 종사원,5259,0.005259,0.567633,8,????? ?? ? ?? ???,kept:contains:철도,high,no,8,contains:철도,kept from draft; no stronger correction rule
온라인 쇼핑 판매원,4998,0.004998,0.572631,5,?? ???,kept:contains:판매,high,no,5,contains:판매,kept from draft; no stronger correction rule
그 외 법률 관련 사무원,4700,0.0047,0.577331,3,?? ???,kept:suffix:사무원,high,no,3,suffix:사무원,kept from draft; no stronger correction rule
소규모 상점 경영자,4694,0.004694,0.582025,1,???,kept:contains:경영자,high,no,1,contains:경영자,kept from draft; no stronger correction rule
그 외 기능 관련 종사원,4618,0.004618,0.586643,7,??? ? ?? ?? ???,kept:exact,high,no,7,exact,kept from draft; no stronger correction rule
유치원 교사,4550,0.00455,0.591193,2,??? ? ?? ???,kept:suffix:교사,high,no,2,suffix:교사,kept from draft; no stronger correction rule
노점 및 이동 판매원,4501,0.004501,0.595694,5,?? ???,kept:contains:판매,high,no,5,contains:판매,kept from draft; no stronger correction rule
경·소형 화물차 운전원,4401,0.004401,0.600095,8,????? ?? ? ?? ???,kept:contains:운전원,high,no,8,contains:운전원,kept from draft; no stronger correction rule
기업 고위 임원,4326,0.004326,0.604421,1,???,kept:exact,high,no,1,exact,kept from draft; no stronger correction rule
승용차 및 승합차 운전원,4113,0.004113,0.608534,8,????? ?? ? ?? ???,kept:contains:운전원,high,no,8,contains:운전원,kept from draft; no stronger correction rule
경영 컨설턴트,3853,0.003853,0.612387,2,??? ? ?? ???,kept:contains:컨설턴트,high,no,2,contains:컨설턴트,kept from draft; no stronger correction rule
생산관리 사무원,3745,0.003745,0.616132,3,?? ???,kept:suffix:사무원,high,no,3,suffix:사무원,kept from draft; no stronger correction rule
그 외 하역 및 적재 단순 종사원,3657,0.003657,0.619789,9,???? ???,kept:contains:단순,medium,yes,9,contains:단순,kept from draft; no stronger correction rule
자재 관리 사무원,3605,0.003605,0.623394,3,?? ???,kept:suffix:사무원,high,no,3,suffix:사무원,kept from draft; no stronger correction rule
영업 관리 사무원,3509,0.003509,0.626903,3,?? ???,kept:suffix:사무원,high,no,3,suffix:사무원,kept from draft; no stronger correction rule
관리 비서,3466,0.003466,0.630369,3,?? ???,kept:suffix:비서,high,no,3,suffix:비서,kept from draft; no stronger correction rule
조사 전문가,3387,0.003387,0.633756,2,??? ? ?? ???,kept:suffix:전문가,high,no,2,suffix:전문가,kept from draft; no stronger correction rule
품질 관리 사무원,3342,0.003342,0.637098,3,?? ???,kept:suffix:사무원,high,no,3,suffix:사무원,kept from draft; no stronger correction rule
국가행정 사무원,3261,0.003261,0.640359,3,?? ???,kept:suffix:사무원,high,no,3,suffix:사무원,kept from draft; no stronger correction rule
전기 용접원,3236,0.003236,0.643595,7,??? ? ?? ?? ???,kept:contains:용접,high,no,7,contains:용접,kept from draft; no stronger correction rule
식품 영업원,2999,0.002999,0.646594,5,?? ???,kept:contains:영업,high,no,5,contains:영업,kept from draft; no stronger correction rule
범용 소프트웨어 프로그래머,2929,0.002929,0.649523,2,??? ? ?? ???,kept:exact,high,no,2,exact,kept from draft; no stronger correction rule
지방행정 사무원,2882,0.002882,0.652405,3,?? ???,kept:suffix:사무원,high,no,3,suffix:사무원,kept from draft; no stronger correction rule
상담 전문가,2786,0.002786,0.655191,2,??? ? ?? ???,kept:suffix:전문가,high,no,2,suffix:전문가,kept from draft; no stronger correction rule
상품 기획자,2732,0.002732,0.657923,2,??? ? ?? ???,kept:exact,high,no,2,exact,kept from draft; no stronger correction rule
공공행정 사무원,2679,0.002679,0.660602,3,?? ???,kept:suffix:사무원,high,no,3,suffix:사무원,kept from draft; no stronger correction rule
총무 사무원,2656,0.002656,0.663258,3,?? ???,kept:suffix:사무원,high,no,3,suffix:사무원,kept from draft; no stronger correction rule
음료 서비스 종사원,2572,0.002572,0.66583,4,??? ???,kept:contains:서비스,medium,yes,4,contains:서비스,kept from draft; no stronger correction rule
건물 내 전기 설치 및 정비원,2548,0.002548,0.668378,7,??? ? ?? ?? ???,kept:contains:설치,high,no,7,contains:설치,kept from draft; no stronger correction rule
그 외 돌봄 및 보건 서비스 종사원,2538,0.002538,0.670916,4,??? ???,kept:contains:서비스,medium,yes,4,contains:서비스,kept from draft; no stronger correction rule
일반 간호사,2483,0.002483,0.673399,2,??? ? ?? ???,kept:suffix:간호사,high,no,2,suffix:간호사,kept from draft; no stronger correction rule
일식 조리사,2429,0.002429,0.675828,4,??? ???,kept:contains:조리사,high,no,4,contains:조리사,kept from draft; no stronger correction rule
학습지 방문강사,2389,0.002389,0.678217,2,??? ? ?? ???,kept:suffix:강사,high,no,2,suffix:강사,kept from draft; no stronger correction rule
금형원,2344,0.002344,0.680561,7,??? ? ?? ?? ???,kept:contains:금형,high,no,7,contains:금형,kept from draft; no stronger correction rule
단말기 및 통신 서비스 판매원,2268,0.002268,0.682829,5,?? ???,exact:??? ???,high,yes,4,contains:서비스,sales beats service
간호조무사,2261,0.002261,0.68509,2,??? ? ?? ???,kept:exact,high,no,2,exact,kept from draft; no stronger correction rule
그 외 물품 이동 장비 조작원,2202,0.002202,0.687292,8,????? ?? ? ?? ???,kept:contains:물품 이동 장비,high,no,8,contains:물품 이동 장비,kept from draft; no stronger correction rule
건설 단순 종사원,2171,0.002171,0.689463,9,???? ???,exact:?? ?? ???,high,yes,7,contains:건설,explicit simple labor
강구조물 건립원,2154,0.002154,0.691617,7,??? ? ?? ?? ???,kept:contains:건립,high,no,7,contains:건립,kept from draft; no stronger correction rule
중식 조리사,2112,0.002112,0.693729,4,??? ???,kept:contains:조리사,high,no,4,contains:조리사,kept from draft; no stronger correction rule
정보 시스템 운영자,2097,0.002097,0.695826,2,??? ? ?? ???,kept:exact,high,no,2,exact,kept from draft; no stronger correction rule
병무행정 사무원,2035,0.002035,0.697861,3,?? ???,kept:suffix:사무원,high,no,3,suffix:사무원,kept from draft; no stronger correction rule
출판 및 자료편집 사무원,2010,0.00201,0.699871,3,?? ???,kept:suffix:사무원,high,no,3,suffix:사무원,kept from draft; no stronger correction rule
광고 전문가,1985,0.001985,0.701856,2,??? ? ?? ???,kept:suffix:전문가,high,no,2,suffix:전문가,kept from draft; no stronger correction rule
그 외 택배원,1984,0.001984,0.70384,9,???? ???,exact:???,medium,yes,8,contains:택배,delivery worker; review exact KSCO
상·하수 배관공,1968,0.001968,0.705808,7,??? ? ?? ?? ???,kept:contains:배관,high,no,7,contains:배관,kept from draft; no stronger correction rule
육군 부사관,1915,0.001915,0.707723,A,??,kept:exact,high,no,A,exact,kept from draft; no stronger correction rule
우편집배원,1915,0.001915,0.709638,9,???? ???,exact:?????,medium,yes,8,exact,postal delivery worker; review exact KSCO
관세행정 사무원,1911,0.001911,0.711549,3,?? ???,kept:suffix:사무원,high,no,3,suffix:사무원,kept from draft; no stronger correction rule
가사 도우미,1909,0.001909,0.713458,4,??? ???,kept:exact,high,no,4,exact,kept from draft; no stronger correction rule
노인 및 장애인 돌봄 서비스 종사원,1906,0.001906,0.715364,4,??? ???,kept:contains:서비스,medium,yes,4,contains:서비스,kept from draft; no stronger correction rule
보육 관련 시설 서비스 종사원,1863,0.001863,0.717227,4,??? ???,kept:contains:서비스,medium,yes,4,contains:서비스,kept from draft; no stronger correction rule
데이터 분석가,1817,0.001817,0.719044,2,??? ? ?? ???,kept:contains:분석가,high,no,2,contains:분석가,kept from draft; no stronger correction rule
수동 포장원,1779,0.001779,0.720823,9,???? ???,kept:contains:포장,high,no,9,contains:포장,kept from draft; no stronger correction rule
텔레마케터,1736,0.001736,0.722559,5,?? ???,kept:exact,high,no,5,exact,kept from draft; no stronger correction rule
전기 감리 기술자 및 연구원,1699,0.001699,0.724258,2,??? ? ?? ???,kept:suffix:연구원,high,no,2,suffix:연구원,kept from draft; no stronger correction rule
운송장비 청소원,1691,0.001691,0.725949,9,???? ???,kept:contains:청소,medium,yes,9,contains:청소,kept from draft; no stronger correction rule
119 구조대원,1661,0.001661,0.72761,4,??? ???,kept:contains:구조대원,high,no,4,contains:구조대원,kept from draft; no stronger correction rule
그 외 기획 및 마케팅 사무원,1635,0.001635,0.729245,3,?? ???,kept:suffix:사무원,high,no,3,suffix:사무원,kept from draft; no stronger correction rule
사회복지사,1634,0.001634,0.730879,4,??? ???,kept:contains:사회복지,high,no,4,contains:사회복지,kept from draft; no stronger correction rule
플랜트공학 기술자 및 연구원,1569,0.001569,0.732448,2,??? ? ?? ???,kept:suffix:연구원,high,no,2,suffix:연구원,kept from draft; no stronger correction rule
그 외 조리사,1565,0.001565,0.734013,4,??? ???,kept:contains:조리사,high,no,4,contains:조리사,kept from draft; no stronger correction rule
그 외 전기·전자기기 설치 및 수리원,1517,0.001517,0.73553,7,??? ? ?? ?? ???,kept:contains:설치,high,no,7,contains:설치,kept from draft; no stronger correction rule
조세행정 사무원,1500,0.0015,0.73703,3,?? ???,kept:suffix:사무원,high,no,3,suffix:사무원,kept from draft; no stronger correction rule
바텐더,1485,0.001485,0.738515,4,??? ???,kept:exact,high,no,4,exact,kept from draft; no stronger correction rule
인사 및 노무 사무원,1478,0.001478,0.739993,3,?? ???,kept:suffix:사무원,high,no,3,suffix:사무원,kept from draft; no stronger correction rule
통계 사무원,1474,0.001474,0.741467,3,?? ???,kept:suffix:사무원,high,no,3,suffix:사무원,kept from draft; no stronger correction rule
육군 장교,1461,0.001461,0.742928,A,??,kept:exact,high,no,A,exact,kept from draft; no stronger correction rule
대형 화물차 운전원,1451,0.001451,0.744379,8,????? ?? ? ?? ???,kept:contains:운전원,high,no,8,contains:운전원,kept from draft; no stronger correction rule
법무 사무원,1442,0.001442,0.745821,3,?? ???,kept:suffix:사무원,high,no,3,suffix:사무원,kept from draft; no stronger correction rule
화장품 판매원,1407,0.001407,0.747228,5,?? ???,kept:contains:판매,high,no,5,contains:판매,kept from draft; no stronger correction rule
용접기 조작원,1406,0.001406,0.748634,8,????? ?? ? ?? ???,kept:contains:조작원,high,no,8,contains:조작원,kept from draft; no stronger correction rule
그 외 기계 조작원,1356,0.001356,0.74999,8,????? ?? ? ?? ???,kept:contains:조작원,high,no,8,contains:조작원,kept from draft; no stronger correction rule
치과위생사,1355,0.001355,0.751345,2,??? ? ?? ???,kept:exact,high,no,2,exact,kept from draft; no stronger correction rule
시내버스 운전원,1335,0.001335,0.75268,8,????? ?? ? ?? ???,kept:contains:운전원,high,no,8,contains:운전원,kept from draft; no stronger correction rule
특허 사무원,1324,0.001324,0.754004,3,?? ???,kept:suffix:사무원,high,no,3,suffix:사무원,kept from draft; no stronger correction rule
영업 관련 관리자,1316,0.001316,0.75532,1,???,kept:contains:관리자,high,no,1,contains:관리자,kept from draft; no stronger correction rule
산업용로봇 조작원,1308,0.001308,0.756628,8,????? ?? ? ?? ???,kept:contains:조작원,high,no,8,contains:조작원,kept from draft; no stronger correction rule
냉난방·공조공학 기술자 및 연구원,1290,0.00129,0.757918,2,??? ? ?? ???,kept:suffix:연구원,high,no,2,suffix:연구원,kept from draft; no stronger correction rule
요양 보호사,1287,0.001287,0.759205,4,??? ???,kept:contains:요양,high,no,4,contains:요양,kept from draft; no stronger correction rule
그 외 기계공학 기술자 및 연구원,1251,0.001251,0.760456,2,??? ? ?? ???,kept:suffix:연구원,high,no,2,suffix:연구원,kept from draft; no stronger correction rule
그 외 제품 디자이너,1213,0.001213,0.761669,2,??? ? ?? ???,kept:exact,high,no,2,exact,kept from draft; no stronger correction rule
정보 보안 전문가,1212,0.001212,0.762881,2,??? ? ?? ???,kept:suffix:전문가,high,no,2,suffix:전문가,kept from draft; no stronger correction rule
철도운송 사무원,1205,0.001205,0.764086,3,?? ???,kept:suffix:사무원,high,no,3,suffix:사무원,kept from draft; no stronger correction rule
통신장비 기사,1200,0.0012,0.765286,2,??? ? ?? ???,kept:suffix:기사,high,no,2,suffix:기사,kept from draft; no stronger correction rule
그 외 금융 사무원,1198,0.001198,0.766484,3,?? ???,kept:suffix:사무원,high,no,3,suffix:사무원,kept from draft; no stronger correction rule
변호사,1197,0.001197,0.767681,2,??? ? ?? ???,kept:suffix:변호사,high,no,2,suffix:변호사,kept from draft; no stronger correction rule
그 외 제조 관련 단순 종사원,1192,0.001192,0.768873,9,???? ???,kept:contains:단순,medium,yes,9,contains:단순,kept from draft; no stronger correction rule
위험 관리원,1179,0.001179,0.770052,2,??? ? ?? ???,kept:exact,medium,yes,2,exact,kept from draft; no stronger correction rule
그 외 자동차 운전원,1176,0.001176,0.771228,8,????? ?? ? ?? ???,kept:contains:운전원,high,no,8,contains:운전원,kept from draft; no stronger correction rule
농업 단순 종사원,1173,0.001173,0.772401,6,????? ?? ???,kept:contains:농업,medium,yes,6,contains:농업,kept from draft; no stronger correction rule
주차 관리원,1163,0.001163,0.773564,2,??? ? ?? ???,kept:suffix:관리원,medium,yes,2,suffix:관리원,kept from draft; no stronger correction rule
매장 정리원,1157,0.001157,0.774721,5,?? ???,kept:exact,high,no,5,exact,kept from draft; no stronger correction rule
자동 조립라인 조작원,1151,0.001151,0.775872,8,????? ?? ? ?? ???,kept:contains:조작원,high,no,8,contains:조작원,kept from draft; no stronger correction rule
중형 화물차 운전원,1146,0.001146,0.777018,8,????? ?? ? ?? ???,kept:contains:운전원,high,no,8,contains:운전원,kept from draft; no stronger correction rule
일반 경찰관 및 수사관,1124,0.001124,0.778142,4,??? ???,kept:contains:경찰,high,no,4,contains:경찰,kept from draft; no stronger correction rule
해외 영업원,1117,0.001117,0.779259,5,?? ???,kept:contains:영업,high,no,5,contains:영업,kept from draft; no stronger correction rule
가스 배관공,1110,0.00111,0.780369,7,??? ? ?? ?? ???,kept:contains:배관,high,no,7,contains:배관,kept from draft; no stronger correction rule
전자제품 개발 기술자 및 연구원,1108,0.001108,0.781477,2,??? ? ?? ???,kept:suffix:연구원,high,no,2,suffix:연구원,kept from draft; no stronger correction rule
그 외 전기공학 기술자 및 연구원,1090,0.00109,0.782567,2,??? ? ?? ???,kept:suffix:연구원,high,no,2,suffix:연구원,kept from draft; no stronger correction rule
공공행정 전문가,1073,0.001073,0.78364,2,??? ? ?? ???,kept:suffix:전문가,high,no,2,suffix:전문가,kept from draft; no stronger correction rule
철도교통 관제사,1059,0.001059,0.784699,8,????? ?? ? ?? ???,kept:contains:철도,high,no,8,contains:철도,kept from draft; no stronger correction rule
농수산물 중개인 및 경매사,1057,0.001057,0.785756,5,?? ???,kept:contains:중개인,high,no,5,contains:중개인,kept from draft; no stronger correction rule
판금원,1045,0.001045,0.786801,7,??? ? ?? ?? ???,kept:exact,high,no,7,exact,kept from draft; no stronger correction rule
예약 및 접수 사무원,1043,0.001043,0.787844,3,?? ???,kept:suffix:사무원,high,no,3,suffix:사무원,kept from draft; no stronger correction rule
철로 설치원,1039,0.001039,0.788883,7,??? ? ?? ?? ???,kept:contains:설치,high,no,7,contains:설치,kept from draft; no stronger correction rule
데이터 설계 및 프로그래머,1033,0.001033,0.789916,2,??? ? ?? ???,kept:suffix:프로그래머,high,no,2,suffix:프로그래머,kept from draft; no stronger correction rule
산불 감시원,995,0.000995,0.790911,4,??? ???,exact:?? ???,medium,yes,other,no_rule,protective monitoring service
냉난방기 관련 설비 조작원,994,0.000994,0.791905,8,????? ?? ? ?? ???,kept:contains:조작원,high,no,8,contains:조작원,kept from draft; no stronger correction rule
프레스기 및 절단기 조작원,990,0.00099,0.792895,8,????? ?? ? ?? ???,kept:contains:조작원,high,no,8,contains:조작원,kept from draft; no stronger correction rule
가스 점검원,984,0.000984,0.793879,7,??? ? ?? ?? ???,kept:exact,high,no,7,exact,kept from draft; no stronger correction rule
그 외 음식 서비스 종사원,970,0.00097,0.794849,4,??? ???,kept:contains:서비스,medium,yes,4,contains:서비스,kept from draft; no stronger correction rule
검표원,969,0.000969,0.795818,4,??? ???,kept:exact,high,no,4,exact,kept from draft; no stronger correction rule
토목 제도사,964,0.000964,0.796782,7,??? ? ?? ?? ???,kept:contains:제도사,high,no,7,contains:제도사,kept from draft; no stronger correction rule
도로운송 사무원,955,0.000955,0.797737,3,?? ???,kept:suffix:사무원,high,no,3,suffix:사무원,kept from draft; no stronger correction rule
회계사,949,0.000949,0.798686,2,??? ? ?? ???,kept:suffix:회계사,high,no,2,suffix:회계사,kept from draft; no stronger correction rule
고속철 기관사,947,0.000947,0.799633,8,????? ?? ? ?? ???,kept:exact,high,no,8,exact,kept from draft; no stronger correction rule
웹 운영자,936,0.000936,0.800569,2,??? ? ?? ???,kept:suffix:운영자,high,no,2,suffix:운영자,kept from draft; no stronger correction rule
모바일 애플리케이션 프로그래머,928,0.000928,0.801497,2,??? ? ?? ???,kept:exact,high,no,2,exact,kept from draft; no stronger correction rule
양식 조리사,926,0.000926,0.802423,4,??? ???,kept:contains:조리사,high,no,4,contains:조리사,kept from draft; no stronger correction rule
철도 기관사,872,0.000872,0.803295,8,????? ?? ? ?? ???,kept:contains:기관사,high,no,8,contains:기관사,kept from draft; no stronger correction rule
방문 고객 상담원,851,0.000851,0.804146,4,??? ???,kept:contains:상담원,high,no,4,contains:상담원,kept from draft; no stronger correction rule
컴퓨터 설치 및 수리원,850,0.00085,0.804996,7,??? ? ?? ?? ???,kept:contains:설치,high,no,7,contains:설치,kept from draft; no stronger correction rule
택배원,848,0.000848,0.805844,9,???? ???,exact:???,medium,yes,8,contains:택배,delivery worker; review exact KSCO
전문 간호사,843,0.000843,0.806687,2,??? ? ?? ???,kept:suffix:간호사,high,no,2,suffix:간호사,kept from draft; no stronger correction rule
보험 사무원,823,0.000823,0.80751,3,?? ???,kept:suffix:사무원,high,no,3,suffix:사무원,kept from draft; no stronger correction rule
약사,810,0.00081,0.80832,2,??? ? ?? ???,kept:suffix:약사,high,no,2,suffix:약사,kept from draft; no stronger correction rule
데이터 관리 및 운영자,809,0.000809,0.809129,2,??? ? ?? ???,kept:suffix:운영자,high,no,2,suffix:운영자,kept from draft; no stronger correction rule
그 외 철도 및 전동차 기관사,808,0.000808,0.809937,8,????? ?? ? ?? ???,kept:contains:기관사,high,no,8,contains:기관사,kept from draft; no stronger correction rule
휠체어 리프트 설치 및 정비원,808,0.000808,0.810745,7,??? ? ?? ?? ???,kept:contains:설치,high,no,7,contains:설치,kept from draft; no stronger correction rule
배전반 조작원,807,0.000807,0.811552,8,????? ?? ? ?? ???,kept:contains:조작원,high,no,8,contains:조작원,kept from draft; no stronger correction rule
기업 대표이사,799,0.000799,0.812351,1,???,kept:contains:대표,high,no,1,contains:대표,kept from draft; no stronger correction rule
의류 판매원,790,0.00079,0.813141,5,?? ???,kept:contains:판매,high,no,5,contains:판매,kept from draft; no stronger correction rule
관광버스 운전원,787,0.000787,0.813928,8,????? ?? ? ?? ???,kept:contains:운전원,high,no,8,contains:운전원,kept from draft; no stronger correction rule
석유화학 기술자 및 연구원,782,0.000782,0.81471,2,??? ? ?? ???,kept:suffix:연구원,high,no,2,suffix:연구원,kept from draft; no stronger correction rule
행사 및 홍보 도우미,778,0.000778,0.815488,4,??? ???,kept:exact,high,no,4,exact,kept from draft; no stronger correction rule
웹 프로그래머,778,0.000778,0.816266,2,??? ? ?? ???,kept:exact,high,no,2,exact,kept from draft; no stronger correction rule
음식료품 판매원,776,0.000776,0.817042,5,?? ???,kept:contains:판매,high,no,5,contains:판매,kept from draft; no stronger correction rule
대출 모집인,776,0.000776,0.817818,5,?? ???,kept:contains:모집인,high,no,5,contains:모집인,kept from draft; no stronger correction rule
시스템 소프트웨어 설계 및 분석가,770,0.00077,0.818588,2,??? ? ?? ???,kept:contains:설계,high,no,2,contains:설계,kept from draft; no stronger correction rule
그 외 화물차 및 특수차 운전원,766,0.000766,0.819354,8,????? ?? ? ?? ???,kept:contains:운전원,high,no,8,contains:운전원,kept from draft; no stronger correction rule
소규모 상점 일선 관리 종사원,760,0.00076,0.820114,1,???,exact:?? ??,medium,yes,other,no_rule,front-line manager
여행 사무원,759,0.000759,0.820873,3,?? ???,kept:suffix:사무원,high,no,3,suffix:사무원,kept from draft; no stronger correction rule
"전직 건물 경비원, 현재 구직중",758,0.000758,0.821631,unemployed,??/?????,kept:contains:구직중,high,no,unemployed,contains:구직중,employment-status bucket is immutable
그 외 교육 전문가,753,0.000753,0.822384,2,??? ? ?? ???,kept:suffix:전문가,high,no,2,suffix:전문가,kept from draft; no stronger correction rule
정육가공원,753,0.000753,0.823137,7,??? ? ?? ?? ???,kept:contains:가공,high,no,7,contains:가공,kept from draft; no stronger correction rule
출납 창구 사무원,753,0.000753,0.82389,3,?? ???,kept:suffix:사무원,high,no,3,suffix:사무원,kept from draft; no stronger correction rule
그 외 배달원,742,0.000742,0.824632,9,???? ???,exact:???,medium,yes,8,contains:배달,delivery worker; review exact KSCO
"전직 건물 청소원, 현재 구직중",732,0.000732,0.825364,unemployed,??/?????,kept:contains:구직중,high,no,unemployed,contains:구직중,employment-status bucket is immutable
전동차 기관사,723,0.000723,0.826087,8,????? ?? ? ?? ???,kept:exact,high,no,8,exact,kept from draft; no stronger correction rule
부동산 중개사,714,0.000714,0.826801,5,?? ???,kept:contains:중개사,high,no,5,contains:중개사,kept from draft; no stronger correction rule
그 외 판매 관련 단순 종사원,702,0.000702,0.827503,5,?? ???,kept:contains:판매,medium,yes,5,contains:판매,kept from draft; no stronger correction rule
머시닝센터 조작원,701,0.000701,0.828204,8,????? ?? ? ?? ???,kept:contains:조작원,high,no,8,contains:조작원,kept from draft; no stronger correction rule
자동차공학 기술자 및 연구원,700,0.0007,0.828904,2,??? ? ?? ???,kept:suffix:연구원,high,no,2,suffix:연구원,kept from draft; no stronger correction rule
그 외 화학제품 생산기 조작원,698,0.000698,0.829602,8,????? ?? ? ?? ???,kept:contains:조작원,high,no,8,contains:조작원,kept from draft; no stronger correction rule
그 외 건설·전기 및 생산 관련 관리자,698,0.000698,0.8303,1,???,kept:contains:관리자,high,no,1,contains:관리자,kept from draft; no stronger correction rule
음식 배달원,689,0.000689,0.830989,9,???? ???,exact:???,medium,yes,8,contains:배달,delivery worker; review exact KSCO
금속 세척기 조작원,685,0.000685,0.831674,8,????? ?? ? ?? ???,kept:contains:조작원,high,no,8,contains:조작원,kept from draft; no stronger correction rule
부동산 감정 전문가,680,0.00068,0.832354,2,??? ? ?? ???,kept:suffix:전문가,high,no,2,suffix:전문가,kept from draft; no stronger correction rule
크레인 운전원,674,0.000674,0.833028,8,????? ?? ? ?? ???,kept:contains:운전원,high,no,8,contains:운전원,kept from draft; no stronger correction rule
간병인,662,0.000662,0.83369,4,??? ???,kept:contains:간병,high,no,4,contains:간병,kept from draft; no stronger correction rule
금속공학 기술자 및 연구원,661,0.000661,0.834351,2,??? ? ?? ???,kept:suffix:연구원,high,no,2,suffix:연구원,kept from draft; no stronger correction rule
청소년 지도사,655,0.000655,0.835006,2,??? ? ?? ???,exact:??? ???,high,yes,9,contains:청소,"youth counselor/instructor, not cleaner"
금속제품 도장기 조작원,651,0.000651,0.835657,8,????? ?? ? ?? ???,kept:contains:조작원,high,no,8,contains:조작원,kept from draft; no stronger correction rule
그 외 건축 마감 관련 기능 종사원,647,0.000647,0.836304,7,??? ? ?? ?? ???,kept:exact,high,no,7,exact,kept from draft; no stronger correction rule
그 외 시설 및 특수 경비원,642,0.000642,0.836946,9,???? ???,kept:contains:경비원,medium,yes,9,contains:경비원,kept from draft; no stronger correction rule
실업 교사,636,0.000636,0.837582,2,??? ? ?? ???,kept:suffix:교사,high,no,2,suffix:교사,kept from draft; no stronger correction rule
네트워크 시스템 개발자,629,0.000629,0.838211,2,??? ? ?? ???,kept:contains:개발,high,no,2,contains:개발,kept from draft; no stronger correction rule
"전직 경리 사무원, 현재 구직중",626,0.000626,0.838837,unemployed,??/?????,kept:contains:구직중,high,no,unemployed,contains:구직중,employment-status bucket is immutable
입학 사정관,622,0.000622,0.839459,2,??? ? ?? ???,kept:exact,high,no,2,exact,kept from draft; no stronger correction rule
소방시설 공사 기술자 및 연구원,621,0.000621,0.84008,2,??? ? ?? ???,kept:suffix:연구원,high,no,2,suffix:연구원,kept from draft; no stronger correction rule
가스 용접원,620,0.00062,0.8407,7,??? ? ?? ?? ???,kept:contains:용접,high,no,7,contains:용접,kept from draft; no stronger correction rule
로봇공학 기술자 및 연구원,618,0.000618,0.841318,2,??? ? ?? ???,kept:suffix:연구원,high,no,2,suffix:연구원,kept from draft; no stronger correction rule
커피 조리사,610,0.00061,0.841928,4,??? ???,kept:contains:조리사,high,no,4,contains:조리사,kept from draft; no stronger correction rule
미디어 콘텐츠 창작자,608,0.000608,0.842536,2,??? ? ?? ???,kept:contains:미디어 콘텐츠 창작자,high,no,2,contains:미디어 콘텐츠 창작자,kept from draft; no stronger correction rule
매장 계산원,607,0.000607,0.843143,5,?? ???,kept:exact,high,no,5,exact,kept from draft; no stronger correction rule
농업용 기계장비 기술 영업원,600,0.0006,0.843743,5,?? ???,kept:contains:영업,high,no,5,contains:영업,kept from draft; no stronger correction rule
데스크 안내원,600,0.0006,0.844343,4,??? ???,kept:contains:안내원,high,no,4,contains:안내원,kept from draft; no stronger correction rule
판매 사무원,599,0.000599,0.844942,3,?? ???,kept:suffix:사무원,high,no,3,suffix:사무원,kept from draft; no stronger correction rule
그 외 기계장비 설치 및 정비원,599,0.000599,0.845541,7,??? ? ?? ?? ???,kept:contains:설치,high,no,7,contains:설치,kept from draft; no stronger correction rule
총무 및 인사 관리자,595,0.000595,0.846136,1,???,kept:contains:관리자,high,no,1,contains:관리자,kept from draft; no stronger correction rule
엘리베이터 설치 및 정비원,595,0.000595,0.846731,7,??? ? ?? ?? ???,kept:contains:설치,high,no,7,contains:설치,kept from draft; no stronger correction rule
반도체공학 기술자 및 연구원,586,0.000586,0.847317,2,??? ? ?? ???,kept:suffix:연구원,high,no,2,suffix:연구원,kept from draft; no stronger correction rule
화학물 가열 처리 장치 조작원,585,0.000585,0.847902,8,????? ?? ? ?? ???,kept:contains:조작원,high,no,8,contains:조작원,kept from draft; no stronger correction rule
자동차 부품 기술 영업원,575,0.000575,0.848477,5,?? ???,kept:contains:영업,high,no,5,contains:영업,kept from draft; no stronger correction rule
그 외 의복 제조 관련 기능 종사원,575,0.000575,0.849052,7,??? ? ?? ?? ???,kept:contains:기능,high,no,7,contains:기능,kept from draft; no stronger correction rule
보험 중개인,574,0.000574,0.849626,5,?? ???,kept:contains:중개인,high,no,5,contains:중개인,kept from draft; no stronger correction rule
농약·비료 기술자 및 연구원,570,0.00057,0.850196,2,??? ? ?? ???,kept:suffix:연구원,high,no,2,suffix:연구원,kept from draft; no stronger correction rule
그 외 금속·재료 공학 기술자 및 연구원,566,0.000566,0.850762,2,??? ? ?? ???,kept:suffix:연구원,high,no,2,suffix:연구원,kept from draft; no stronger correction rule
제품 단순 선별원,563,0.000563,0.851325,9,???? ???,kept:contains:단순,medium,yes,9,contains:단순,kept from draft; no stronger correction rule
화학물 증류기 및 반응기 조작원,560,0.00056,0.851885,8,????? ?? ? ?? ???,kept:contains:조작원,high,no,8,contains:조작원,kept from draft; no stronger correction rule
가죽 및 모피 가공원,559,0.000559,0.852444,7,??? ? ?? ?? ???,kept:contains:가공,high,no,7,contains:가공,kept from draft; no stronger correction rule
시외 및 고속 버스 운전원,558,0.000558,0.853002,8,????? ?? ? ?? ???,kept:contains:운전원,high,no,8,contains:운전원,kept from draft; no stronger correction rule
자동 재봉설비 조작원,558,0.000558,0.85356,8,????? ?? ? ?? ???,kept:contains:조작원,high,no,8,contains:조작원,kept from draft; no stronger correction rule
교사 교육 보조원,557,0.000557,0.854117,3,?? ???,kept:suffix:보조원,medium,yes,3,suffix:보조원,kept from draft; no stronger correction rule
그 외 경호 및 보안 관련 종사원,550,0.00055,0.854667,4,??? ???,kept:contains:경호,high,no,4,contains:경호,kept from draft; no stronger correction rule
전산 자료 입력원,540,0.00054,0.855207,3,?? ???,kept:exact,high,no,3,exact,kept from draft; no stronger correction rule
투자 권유 대행인,540,0.00054,0.855747,5,?? ???,kept:contains:투자 권유,high,no,5,contains:투자 권유,kept from draft; no stronger correction rule
그 외 산업 안전 및 위험 관리원,539,0.000539,0.856286,2,??? ? ?? ???,kept:exact,medium,yes,2,exact,kept from draft; no stronger correction rule
산업 특화 소프트웨어 프로그래머,539,0.000539,0.856825,2,??? ? ?? ???,kept:suffix:프로그래머,high,no,2,suffix:프로그래머,kept from draft; no stronger correction rule
그 외 바닥재 시공원,536,0.000536,0.857361,7,??? ? ?? ?? ???,kept:exact,high,no,7,exact,kept from draft; no stronger correction rule
그 외 냉동·냉장·공조기 설치 및 정비원,533,0.000533,0.857894,7,??? ? ?? ?? ???,kept:contains:설치,high,no,7,contains:설치,kept from draft; no stronger correction rule
건축 제도사,531,0.000531,0.858425,7,??? ? ?? ?? ???,kept:exact,high,no,7,exact,kept from draft; no stronger correction rule
금속 열처리로 조작원,528,0.000528,0.858953,8,????? ?? ? ?? ???,kept:contains:조작원,high,no,8,contains:조작원,kept from draft; no stronger correction rule
광고 및 홍보 사무원,525,0.000525,0.859478,3,?? ???,kept:suffix:사무원,high,no,3,suffix:사무원,kept from draft; no stronger correction rule
육군 병사,523,0.000523,0.860001,A,??,kept:exact,high,no,A,exact,kept from draft; no stronger correction rule
인조석 설치원,521,0.000521,0.860522,7,??? ? ?? ?? ???,kept:contains:설치,high,no,7,contains:설치,kept from draft; no stronger correction rule
시스템 소프트웨어 프로그래머,517,0.000517,0.861039,2,??? ? ?? ???,kept:suffix:프로그래머,high,no,2,suffix:프로그래머,kept from draft; no stronger correction rule
육아 도우미,513,0.000513,0.861552,4,??? ???,kept:exact,high,no,4,exact,kept from draft; no stronger correction rule
인쇄 관련 기능 종사원,512,0.000512,0.862064,7,??? ? ?? ?? ???,kept:exact,high,no,7,exact,kept from draft; no stronger correction rule
초등학교 교사,510,0.00051,0.862574,2,??? ? ?? ???,kept:suffix:교사,high,no,2,suffix:교사,kept from draft; no stronger correction rule
"전직 사무 보조원, 현재 구직중",507,0.000507,0.863081,unemployed,??/?????,kept:contains:구직중,high,no,unemployed,contains:구직중,employment-status bucket is immutable
그 외 금속가공 기계 조작원,506,0.000506,0.863587,8,????? ?? ? ?? ???,kept:contains:조작원,high,no,8,contains:조작원,kept from draft; no stronger correction rule
건물 전기 및 전자설비 조작원,499,0.000499,0.864086,8,????? ?? ? ?? ???,kept:contains:조작원,high,no,8,contains:조작원,kept from draft; no stronger correction rule
무역 사무원,498,0.000498,0.864584,3,?? ???,kept:suffix:사무원,high,no,3,suffix:사무원,kept from draft; no stronger correction rule
제빵사 및 제과원,491,0.000491,0.865075,7,??? ? ?? ?? ???,kept:contains:제빵,high,no,7,contains:제빵,kept from draft; no stronger correction rule
마케팅 관리자,487,0.000487,0.865562,1,???,kept:contains:관리자,high,no,1,contains:관리자,kept from draft; no stronger correction rule
시각장애인 특수교육 교사,485,0.000485,0.866047,2,??? ? ?? ???,kept:suffix:교사,high,no,2,suffix:교사,kept from draft; no stronger correction rule
택시 운전원,483,0.000483,0.86653,8,????? ?? ? ?? ???,kept:contains:운전원,high,no,8,contains:운전원,kept from draft; no stronger correction rule
화학 연구원,483,0.000483,0.867013,2,??? ? ?? ???,kept:suffix:연구원,high,no,2,suffix:연구원,kept from draft; no stronger correction rule
호송 경비원,482,0.000482,0.867495,9,???? ???,kept:contains:경비원,medium,yes,9,contains:경비원,kept from draft; no stronger correction rule
주입·포장 및 봉함기 조작원,480,0.00048,0.867975,8,????? ?? ? ?? ???,kept:contains:조작원,high,no,8,contains:조작원,kept from draft; no stronger correction rule
그 외 고객 상담 사무원,479,0.000479,0.868454,3,?? ???,kept:suffix:사무원,high,no,3,suffix:사무원,kept from draft; no stronger correction rule
재무 관리자,479,0.000479,0.868933,1,???,kept:contains:관리자,high,no,1,contains:관리자,kept from draft; no stronger correction rule
그 외 용접원,478,0.000478,0.869411,7,??? ? ?? ?? ???,kept:contains:용접,high,no,7,contains:용접,kept from draft; no stronger correction rule
화학물 여과기 및 분리기 조작원,476,0.000476,0.869887,8,????? ?? ? ?? ???,kept:contains:조작원,high,no,8,contains:조작원,kept from draft; no stronger correction rule
전기제어장치 설치 및 정비원,476,0.000476,0.870363,8,????? ?? ? ?? ???,kept:contains:장치,high,no,8,contains:장치,kept from draft; no stronger correction rule
컴퓨터 시스템 설계 및 분석가,473,0.000473,0.870836,2,??? ? ?? ???,kept:contains:설계,high,no,2,contains:설계,kept from draft; no stronger correction rule
구급 요원,470,0.00047,0.871306,4,??? ???,exact:?? ??,medium,yes,other,no_rule,emergency service worker
그 외 공업기계 설치 및 정비원,466,0.000466,0.871772,7,??? ? ?? ?? ???,kept:contains:설치,high,no,7,contains:설치,kept from draft; no stronger correction rule
특수 경비원,459,0.000459,0.872231,9,???? ???,kept:contains:경비원,medium,yes,9,contains:경비원,kept from draft; no stronger correction rule
선반기 조작원,451,0.000451,0.872682,8,????? ?? ? ?? ???,kept:contains:조작원,high,no,8,contains:조작원,kept from draft; no stronger correction rule
대리 주차원,447,0.000447,0.873129,4,??? ???,kept:exact,high,no,4,exact,kept from draft; no stronger correction rule
보험 설계사,444,0.000444,0.873573,2,??? ? ?? ???,kept:contains:설계,high,no,2,contains:설계,kept from draft; no stronger correction rule
이삿짐 운반원,444,0.000444,0.874017,9,???? ???,kept:exact,high,no,9,exact,kept from draft; no stronger correction rule
중고차 영업원,443,0.000443,0.87446,5,?? ???,kept:contains:영업,high,no,5,contains:영업,kept from draft; no stronger correction rule
공연·영화 및 음반 기획자,440,0.00044,0.8749,2,??? ? ?? ???,kept:suffix:기획자,high,no,2,suffix:기획자,kept from draft; no stronger correction rule
"전직 경영 기획 사무원, 현재 구직중",439,0.000439,0.875339,unemployed,??/?????,kept:contains:구직중,high,no,unemployed,contains:구직중,employment-status bucket is immutable
토목 관련 관리자,438,0.000438,0.875777,1,???,kept:contains:관리자,high,no,1,contains:관리자,kept from draft; no stronger correction rule
기계 경비원,438,0.000438,0.876215,9,???? ???,kept:contains:경비원,medium,yes,9,contains:경비원,kept from draft; no stronger correction rule
"전직 일반 비서, 현재 구직중",431,0.000431,0.876646,unemployed,??/?????,kept:contains:구직중,high,no,unemployed,contains:구직중,employment-status bucket is immutable
교통 계획 및 설계가,429,0.000429,0.877075,2,??? ? ?? ???,kept:contains:설계,high,no,2,contains:설계,kept from draft; no stronger correction rule
공학·제조 및 건설 분야 교수,427,0.000427,0.877502,2,??? ? ?? ???,kept:suffix:교수,high,no,2,suffix:교수,kept from draft; no stronger correction rule
"전직 시설 경비원, 현재 구직중",424,0.000424,0.877926,unemployed,??/?????,kept:contains:구직중,high,no,unemployed,contains:구직중,employment-status bucket is immutable
제관원,424,0.000424,0.87835,7,??? ? ?? ?? ???,kept:exact,high,no,7,exact,kept from draft; no stronger correction rule
건축감리 기술자,422,0.000422,0.878772,2,??? ? ?? ???,kept:suffix:기술자,high,no,2,suffix:기술자,kept from draft; no stronger correction rule
변리사,419,0.000419,0.879191,2,??? ? ?? ???,kept:suffix:변리사,high,no,2,suffix:변리사,kept from draft; no stronger correction rule
쓰레기 수거원,419,0.000419,0.87961,9,???? ???,kept:exact,high,no,9,exact,kept from draft; no stronger correction rule
그 외 운송장비 조립원,418,0.000418,0.880028,8,????? ?? ? ?? ???,kept:contains:조립,high,no,8,contains:조립,kept from draft; no stronger correction rule
주류 서비스 종사원,418,0.000418,0.880446,4,??? ???,kept:contains:서비스,medium,yes,4,contains:서비스,kept from draft; no stronger correction rule
"전직 전화 상담원, 현재 구직중",415,0.000415,0.880861,unemployed,??/?????,kept:contains:구직중,high,no,unemployed,contains:구직중,employment-status bucket is immutable
잠수 기능원,412,0.000412,0.881273,7,??? ? ?? ?? ???,kept:exact,high,no,7,exact,kept from draft; no stronger correction rule
그 외 미용 관련 서비스 종사원,410,0.00041,0.881683,4,??? ???,kept:contains:서비스,medium,yes,4,contains:서비스,kept from draft; no stronger correction rule
언어재활사,406,0.000406,0.882089,2,??? ? ?? ???,v2:재활사,high,yes,other,no_rule,professional/associate professional
식품공학 기술자 및 연구원,405,0.000405,0.882494,2,??? ? ?? ???,kept:suffix:연구원,high,no,2,suffix:연구원,kept from draft; no stronger correction rule
"전직 하역 및 적재 관련 단순 종사원, 현재 구직중",402,0.000402,0.882896,unemployed,??/?????,kept:contains:구직중,high,no,unemployed,contains:구직중,employment-status bucket is immutable
웨딩플래너,401,0.000401,0.883297,2,??? ? ?? ???,kept:suffix:플래너,high,no,2,suffix:플래너,kept from draft; no stronger correction rule
방수공,400,0.0004,0.883697,7,??? ? ?? ?? ???,kept:exact,high,no,7,exact,kept from draft; no stronger correction rule
그 외 환경미화원 및 재활용품 수거원,398,0.000398,0.884095,9,???? ???,kept:exact,high,no,9,exact,kept from draft; no stronger correction rule
농약 및 비료 시험원,388,0.000388,0.884483,2,??? ? ?? ???,v2:시험원,high,yes,other,no_rule,professional/associate professional
체인점 모집 및 관리 영업원,386,0.000386,0.884869,5,?? ???,kept:contains:영업,high,no,5,contains:영업,kept from draft; no stronger correction rule
신차 영업원,385,0.000385,0.885254,5,?? ???,kept:contains:영업,high,no,5,contains:영업,kept from draft; no stronger correction rule
소방설계 기술자 및 연구원,384,0.000384,0.885638,2,??? ? ?? ???,kept:suffix:연구원,high,no,2,suffix:연구원,kept from draft; no stronger correction rule
아파트 경비원,384,0.000384,0.886022,9,???? ???,kept:contains:경비원,medium,yes,9,contains:경비원,kept from draft; no stronger correction rule
수의사,382,0.000382,0.886404,2,??? ? ?? ???,kept:suffix:의사,high,no,2,suffix:의사,kept from draft; no stronger correction rule
음료 배달원,379,0.000379,0.886783,4,??? ???,kept:contains:음료,medium,yes,4,contains:음료,kept from draft; no stronger correction rule
산후조리 종사원,379,0.000379,0.887162,4,??? ???,kept:exact,high,no,4,exact,kept from draft; no stronger correction rule
사진가,378,0.000378,0.88754,2,??? ? ?? ???,kept:suffix:사진가,high,no,2,suffix:사진가,kept from draft; no stronger correction rule
철도 고가 전선 가설원,376,0.000376,0.887916,8,????? ?? ? ?? ???,kept:contains:철도,high,no,8,contains:철도,kept from draft; no stronger correction rule
"전직 보육교사, 현재 구직중",375,0.000375,0.888291,unemployed,??/?????,kept:contains:구직중,high,no,unemployed,contains:구직중,employment-status bucket is immutable
게임 프로그래머,374,0.000374,0.888665,2,??? ? ?? ???,kept:suffix:프로그래머,high,no,2,suffix:프로그래머,kept from draft; no stronger correction rule
신용카드 모집인,372,0.000372,0.889037,5,?? ???,kept:contains:모집인,high,no,5,contains:모집인,kept from draft; no stronger correction rule
사회 교사,370,0.00037,0.889407,2,??? ? ?? ???,kept:suffix:교사,high,no,2,suffix:교사,kept from draft; no stronger correction rule
금형공학 기술자 및 연구원,370,0.00037,0.889777,2,??? ? ?? ???,kept:suffix:연구원,high,no,2,suffix:연구원,kept from draft; no stronger correction rule
자동 재단기 조작원,369,0.000369,0.890146,8,????? ?? ? ?? ???,kept:contains:조작원,high,no,8,contains:조작원,kept from draft; no stronger correction rule
일반영양사,367,0.000367,0.890513,2,??? ? ?? ???,kept:suffix:영양사,high,no,2,suffix:영양사,kept from draft; no stronger correction rule
분식 조리사,367,0.000367,0.89088,4,??? ???,kept:contains:조리사,high,no,4,contains:조리사,kept from draft; no stronger correction rule
품질 인증 심사 전문가,366,0.000366,0.891246,2,??? ? ?? ???,kept:suffix:전문가,high,no,2,suffix:전문가,kept from draft; no stronger correction rule
금속절곡기 조작원,366,0.000366,0.891612,8,????? ?? ? ?? ???,kept:contains:조작원,high,no,8,contains:조작원,kept from draft; no stronger correction rule
기계 제도사,366,0.000366,0.891978,7,??? ? ?? ?? ???,kept:contains:제도사,high,no,7,contains:제도사,kept from draft; no stronger correction rule
판매 관련 관리자,360,0.00036,0.892338,1,???,kept:contains:관리자,high,no,1,contains:관리자,kept from draft; no stronger correction rule
섬유 공정 개발 기술자 및 연구원,360,0.00036,0.892698,2,??? ? ?? ???,kept:suffix:연구원,high,no,2,suffix:연구원,kept from draft; no stronger correction rule
그 외 정보 통신기기 설치 및 수리원,358,0.000358,0.893056,7,??? ? ?? ?? ???,kept:contains:설치,high,no,7,contains:설치,kept from draft; no stronger correction rule
렌즈 및 프리즘 가공기 조작원,358,0.000358,0.893414,8,????? ?? ? ?? ???,kept:contains:조작원,high,no,8,contains:조작원,kept from draft; no stronger correction rule
교도관,357,0.000357,0.893771,4,??? ???,kept:contains:교도관,high,no,4,contains:교도관,kept from draft; no stronger correction rule
플랜트 배관공,353,0.000353,0.894124,7,??? ? ?? ?? ???,kept:contains:배관,high,no,7,contains:배관,kept from draft; no stronger correction rule
"전직 한식 조리사, 현재 구직중",352,0.000352,0.894476,unemployed,??/?????,kept:contains:구직중,high,no,unemployed,contains:구직중,employment-status bucket is immutable
보안 관제원,351,0.000351,0.894827,4,??? ???,kept:contains:보안,high,no,4,contains:보안,kept from draft; no stronger correction rule
자동차 경정비원,351,0.000351,0.895178,7,??? ? ?? ?? ???,kept:contains:정비,high,no,7,contains:정비,kept from draft; no stronger correction rule
그 외 화학공학 기술자 및 연구원,351,0.000351,0.895529,2,??? ? ?? ???,kept:suffix:연구원,high,no,2,suffix:연구원,kept from draft; no stronger correction rule
일반 의사,348,0.000348,0.895877,2,??? ? ?? ???,kept:suffix:의사,high,no,2,suffix:의사,kept from draft; no stronger correction rule
컴퓨터 소프트웨어 개발 관리자,348,0.000348,0.896225,1,???,kept:contains:관리자,high,no,1,contains:관리자,kept from draft; no stronger correction rule
전기 관련 관리자,347,0.000347,0.896572,1,???,kept:contains:관리자,high,no,1,contains:관리자,kept from draft; no stronger correction rule
패스트푸드 준비원,345,0.000345,0.896917,4,??? ???,kept:contains:준비원,high,no,4,contains:준비원,kept from draft; no stronger correction rule
무대 및 세트 디자이너,345,0.000345,0.897262,2,??? ? ?? ???,kept:suffix:디자이너,high,no,2,suffix:디자이너,kept from draft; no stronger correction rule
금속기계 부품 조립원,345,0.000345,0.897607,8,????? ?? ? ?? ???,kept:contains:조립,high,no,8,contains:조립,kept from draft; no stronger correction rule
"전직 주방 보조원, 현재 구직중",344,0.000344,0.897951,unemployed,??/?????,kept:contains:구직중,high,no,unemployed,contains:구직중,employment-status bucket is immutable
그 외 버스 운전원,343,0.000343,0.898294,8,????? ?? ? ?? ???,kept:contains:운전원,high,no,8,contains:운전원,kept from draft; no stronger correction rule
그 외 건축 도장공,340,0.00034,0.898634,7,??? ? ?? ?? ???,kept:contains:도장,high,no,7,contains:도장,kept from draft; no stronger correction rule
내과 전문 의사,339,0.000339,0.898973,2,??? ? ?? ???,kept:suffix:의사,high,no,2,suffix:의사,kept from draft; no stronger correction rule
"전직 회계 사무원, 현재 구직중",337,0.000337,0.89931,unemployed,??/?????,kept:contains:구직중,high,no,unemployed,contains:구직중,employment-status bucket is immutable
방송장비 설치 및 수리원,336,0.000336,0.899646,7,??? ? ?? ?? ???,kept:contains:설치,high,no,7,contains:설치,kept from draft; no stronger correction rule
공군 부사관,334,0.000334,0.89998,A,??,kept:contains:부사관,high,no,A,contains:부사관,kept from draft; no stronger correction rule
의무 기록사,334,0.000334,0.900314,2,??? ? ?? ???,kept:suffix:기록사,high,no,2,suffix:기록사,kept from draft; no stronger correction rule
의상 디자이너,332,0.000332,0.900646,2,??? ? ?? ???,kept:suffix:디자이너,high,no,2,suffix:디자이너,kept from draft; no stronger correction rule
국어 교사,331,0.000331,0.900977,2,??? ? ?? ???,kept:suffix:교사,high,no,2,suffix:교사,kept from draft; no stronger correction rule
유통 및 매장 감시원,331,0.000331,0.901308,4,??? ???,exact:?? ???,medium,yes,other,no_rule,protective/store monitoring
고무·플라스틱 기술자 및 연구원,330,0.00033,0.901638,2,??? ? ?? ???,kept:suffix:연구원,high,no,2,suffix:연구원,kept from draft; no stronger correction rule
그 외 중·고등학교 교사,329,0.000329,0.901967,2,??? ? ?? ???,kept:suffix:교사,high,no,2,suffix:교사,kept from draft; no stronger correction rule
외국어 교사,322,0.000322,0.902289,2,??? ? ?? ???,kept:suffix:교사,high,no,2,suffix:교사,kept from draft; no stronger correction rule
법무사,322,0.000322,0.902611,2,??? ? ?? ???,kept:suffix:법무사,high,no,2,suffix:법무사,kept from draft; no stronger correction rule
가스 생산기 조작원,319,0.000319,0.90293,8,????? ?? ? ?? ???,kept:contains:조작원,high,no,8,contains:조작원,kept from draft; no stronger correction rule
화학기계 설치 및 정비원,319,0.000319,0.903249,7,??? ? ?? ?? ???,kept:contains:설치,high,no,7,contains:설치,kept from draft; no stronger correction rule
염색기 조작원,318,0.000318,0.903567,8,????? ?? ? ?? ???,kept:contains:조작원,high,no,8,contains:조작원,kept from draft; no stronger correction rule
설탕 제조 관련 기계 조작원,318,0.000318,0.903885,8,????? ?? ? ?? ???,kept:contains:조작원,high,no,8,contains:조작원,kept from draft; no stronger correction rule
전자 부품 제조 기계 조작원,316,0.000316,0.904201,8,????? ?? ? ?? ???,kept:contains:조작원,high,no,8,contains:조작원,kept from draft; no stronger correction rule
발전설비 기술자 및 연구원,315,0.000315,0.904516,2,??? ? ?? ???,kept:suffix:연구원,high,no,2,suffix:연구원,kept from draft; no stronger correction rule
재활용품 수거원,314,0.000314,0.90483,9,???? ???,kept:exact,high,no,9,exact,kept from draft; no stronger correction rule
통신기기 기술자 및 연구원,310,0.00031,0.90514,2,??? ? ?? ???,kept:suffix:연구원,high,no,2,suffix:연구원,kept from draft; no stronger correction rule
정보 통신 컨설턴트,310,0.00031,0.90545,2,??? ? ?? ???,kept:contains:컨설턴트,high,no,2,contains:컨설턴트,kept from draft; no stronger correction rule
수금원,308,0.000308,0.905758,5,?? ???,kept:contains:수금원,high,no,5,contains:수금원,kept from draft; no stronger correction rule
그 외 건설 관련 기능 종사원,304,0.000304,0.906062,7,??? ? ?? ?? ???,kept:contains:기능,high,no,7,contains:기능,kept from draft; no stronger correction rule
건물 칸막이 설치원,303,0.000303,0.906365,7,??? ? ?? ?? ???,kept:contains:설치,high,no,7,contains:설치,kept from draft; no stronger correction rule
화학 시험원,301,0.000301,0.906666,2,??? ? ?? ???,v2:시험원,high,yes,other,no_rule,professional/associate professional
수학 교사,301,0.000301,0.906967,2,??? ? ?? ???,kept:suffix:교사,high,no,2,suffix:교사,kept from draft; no stronger correction rule
새시 조립 및 설치원,299,0.000299,0.907266,8,????? ?? ? ?? ???,kept:contains:조립,high,no,8,contains:조립,kept from draft; no stronger correction rule
그 외 전기·전자 부품 및 제품 조립원,297,0.000297,0.907563,8,????? ?? ? ?? ???,kept:contains:조립,high,no,8,contains:조립,kept from draft; no stronger correction rule
장학관 및 장학사,295,0.000295,0.907858,2,??? ? ?? ???,kept:suffix:장학사,high,no,2,suffix:장학사,kept from draft; no stronger correction rule
용융 도금기 조작원,294,0.000294,0.908152,8,????? ?? ? ?? ???,kept:contains:조작원,high,no,8,contains:조작원,kept from draft; no stronger correction rule
식품학 연구원,293,0.000293,0.908445,2,??? ? ?? ???,kept:suffix:연구원,high,no,2,suffix:연구원,kept from draft; no stronger correction rule
사무용 전자기기 설치 및 수리원,293,0.000293,0.908738,7,??? ? ?? ?? ???,kept:contains:설치,high,no,7,contains:설치,kept from draft; no stronger correction rule
철근공,292,0.000292,0.90903,7,??? ? ?? ?? ???,kept:exact,high,no,7,exact,kept from draft; no stronger correction rule
그 외 상품 중개인 및 경매사,289,0.000289,0.909319,5,?? ???,kept:contains:중개인,high,no,5,contains:중개인,kept from draft; no stronger correction rule
폐기물 처리 기술자 및 연구원,287,0.000287,0.909606,2,??? ? ?? ???,kept:suffix:연구원,high,no,2,suffix:연구원,kept from draft; no stronger correction rule
그 외 건물 관리원,286,0.000286,0.909892,2,??? ? ?? ???,kept:suffix:관리원,medium,yes,2,suffix:관리원,kept from draft; no stronger correction rule
산업용 기계장비 기술 영업원,283,0.000283,0.910175,5,?? ???,kept:contains:영업,high,no,5,contains:영업,kept from draft; no stronger correction rule
예체능 교사,282,0.000282,0.910457,2,??? ? ?? ???,kept:suffix:교사,high,no,2,suffix:교사,kept from draft; no stronger correction rule
"전직 산업 안전원, 현재 구직중",281,0.000281,0.910738,unemployed,??/?????,kept:contains:구직중,high,no,unemployed,contains:구직중,employment-status bucket is immutable
방송 송출 장비 기사,281,0.000281,0.911019,2,??? ? ?? ???,kept:suffix:기사,high,no,2,suffix:기사,kept from draft; no stronger correction rule
전기장비 조립원,280,0.00028,0.911299,8,????? ?? ? ?? ???,kept:contains:조립,high,no,8,contains:조립,kept from draft; no stronger correction rule
상표 부착기 조작원,280,0.00028,0.911579,8,????? ?? ? ?? ???,kept:contains:조작원,high,no,8,contains:조작원,kept from draft; no stronger correction rule
가전제품 설치 및 수리원,277,0.000277,0.911856,7,??? ? ?? ?? ???,kept:contains:설치,high,no,7,contains:설치,kept from draft; no stronger correction rule
그 외 금속 공작 기계 조작원,276,0.000276,0.912132,8,????? ?? ? ?? ???,kept:contains:조작원,high,no,8,contains:조작원,kept from draft; no stronger correction rule
건축시공 기술자,276,0.000276,0.912408,2,??? ? ?? ???,kept:suffix:기술자,high,no,2,suffix:기술자,kept from draft; no stronger correction rule
치과 일반 의사,275,0.000275,0.912683,2,??? ? ?? ???,kept:suffix:의사,high,no,2,suffix:의사,kept from draft; no stronger correction rule
골프장 캐디,275,0.000275,0.912958,4,??? ???,kept:contains:캐디,high,no,4,contains:캐디,kept from draft; no stronger correction rule
직업상담사,273,0.000273,0.913231,2,??? ? ?? ???,kept:suffix:상담사,high,no,2,suffix:상담사,kept from draft; no stronger correction rule
그 외 음료 조리사,273,0.000273,0.913504,4,??? ???,kept:contains:조리사,high,no,4,contains:조리사,kept from draft; no stronger correction rule
호텔 서비스원,269,0.000269,0.913773,4,??? ???,kept:contains:서비스,medium,yes,4,contains:서비스,kept from draft; no stronger correction rule
부동산 컨설턴트,267,0.000267,0.91404,2,??? ? ?? ???,kept:contains:컨설턴트,high,no,2,contains:컨설턴트,kept from draft; no stronger correction rule
과학 교사,267,0.000267,0.914307,2,??? ? ?? ???,kept:suffix:교사,high,no,2,suffix:교사,kept from draft; no stronger correction rule
건축 관련 관리자,267,0.000267,0.914574,1,???,kept:contains:관리자,high,no,1,contains:관리자,kept from draft; no stronger correction rule
청원경찰,267,0.000267,0.914841,4,??? ???,kept:contains:경찰,high,no,4,contains:경찰,kept from draft; no stronger correction rule
"전직 그 외 서비스 관련 단순 종사원, 현재 구직중",266,0.000266,0.915107,unemployed,??/?????,kept:contains:구직중,high,no,unemployed,contains:구직중,employment-status bucket is immutable
섬유 소재 개발 기술자 및 연구원,266,0.000266,0.915373,2,??? ? ?? ???,kept:suffix:연구원,high,no,2,suffix:연구원,kept from draft; no stronger correction rule
판금기 조작원,264,0.000264,0.915637,8,????? ?? ? ?? ???,kept:contains:조작원,high,no,8,contains:조작원,kept from draft; no stronger correction rule
해양 경찰관 및 수사관,263,0.000263,0.9159,4,??? ???,kept:contains:경찰,high,no,4,contains:경찰,kept from draft; no stronger correction rule
양복 제조원,263,0.000263,0.916163,7,??? ? ?? ?? ???,v2:제조원,high,yes,other,no_rule,craft/construction/manufacturing skilled
그 외 피부 및 체형 관리 종사원,263,0.000263,0.916426,4,??? ???,v2:피부,medium,yes,other,no_rule,personal/protective service
그 외 타이어 및 고무제품 생산기 조작원,262,0.000262,0.916688,8,????? ?? ? ?? ???,kept:contains:조작원,high,no,8,contains:조작원,kept from draft; no stronger correction rule
"전직 마케팅 전문가, 현재 구직중",262,0.000262,0.91695,unemployed,??/?????,kept:contains:구직중,high,no,unemployed,contains:구직중,employment-status bucket is immutable
건물용 냉동·냉장·공조기 설치 및 정비원,261,0.000261,0.917211,7,??? ? ?? ?? ???,kept:contains:설치,high,no,7,contains:설치,kept from draft; no stronger correction rule
가전제품 판매원,261,0.000261,0.917472,5,?? ???,kept:contains:판매,high,no,5,contains:판매,kept from draft; no stronger correction rule
"전직 노점 및 이동 판매원, 현재 구직중",260,0.00026,0.917732,unemployed,??/?????,kept:contains:구직중,high,no,unemployed,contains:구직중,employment-status bucket is immutable
공군 장교,257,0.000257,0.917989,A,??,kept:contains:장교,high,no,A,contains:장교,kept from draft; no stronger correction rule
그 외 화학물 가공 장치 조작원,257,0.000257,0.918246,8,????? ?? ? ?? ???,kept:contains:조작원,high,no,8,contains:조작원,kept from draft; no stronger correction rule
토목시공 기술자,257,0.000257,0.918503,2,??? ? ?? ???,kept:suffix:기술자,high,no,2,suffix:기술자,kept from draft; no stronger correction rule
기획 관리자,256,0.000256,0.918759,1,???,kept:contains:관리자,high,no,1,contains:관리자,kept from draft; no stronger correction rule
신발 및 액세서리 판매원,256,0.000256,0.919015,5,?? ???,kept:contains:판매,high,no,5,contains:판매,kept from draft; no stronger correction rule
교통안전 연구원,255,0.000255,0.91927,2,??? ? ?? ???,kept:suffix:연구원,high,no,2,suffix:연구원,kept from draft; no stronger correction rule
전자계측 제어 기술자 및 연구원,254,0.000254,0.919524,2,??? ? ?? ???,kept:suffix:연구원,high,no,2,suffix:연구원,kept from draft; no stronger correction rule
"전직 지게차 운전원, 현재 구직중",253,0.000253,0.919777,unemployed,??/?????,kept:contains:구직중,high,no,unemployed,contains:구직중,employment-status bucket is immutable
"전직 그 외 일반 영업원, 현재 구직중",253,0.000253,0.92003,unemployed,??/?????,kept:contains:구직중,high,no,unemployed,contains:구직중,employment-status bucket is immutable
조명기사,252,0.000252,0.920282,2,??? ? ?? ???,kept:suffix:기사,high,no,2,suffix:기사,kept from draft; no stronger correction rule
플랜트 전기 설치원,252,0.000252,0.920534,7,??? ? ?? ?? ???,kept:contains:설치,high,no,7,contains:설치,kept from draft; no stronger correction rule
어업 단순 종사원,250,0.00025,0.920784,6,????? ?? ???,kept:contains:어업,medium,yes,6,contains:어업,kept from draft; no stronger correction rule
건물 도장공,250,0.00025,0.921034,7,??? ? ?? ?? ???,kept:contains:도장,high,no,7,contains:도장,kept from draft; no stronger correction rule
그 외 특수교육 교사,249,0.000249,0.921283,2,??? ? ?? ???,kept:suffix:교사,high,no,2,suffix:교사,kept from draft; no stronger correction rule
측량 및 지리 정보 기술자,249,0.000249,0.921532,2,??? ? ?? ???,kept:suffix:기술자,high,no,2,suffix:기술자,kept from draft; no stronger correction rule
미술관·박물관 해설 및 안내원,248,0.000248,0.92178,4,??? ???,kept:contains:안내원,high,no,4,contains:안내원,kept from draft; no stronger correction rule
그 외 교사,247,0.000247,0.922027,2,??? ? ?? ???,kept:suffix:교사,high,no,2,suffix:교사,kept from draft; no stronger correction rule
건축설비 기술자,245,0.000245,0.922272,2,??? ? ?? ???,kept:suffix:기술자,high,no,2,suffix:기술자,kept from draft; no stronger correction rule
컴퓨터 시스템 감리 전문가,245,0.000245,0.922517,2,??? ? ?? ???,kept:suffix:전문가,high,no,2,suffix:전문가,kept from draft; no stronger correction rule
밑반찬 제조 종사원,245,0.000245,0.922762,7,??? ? ?? ?? ???,v2:제조 종사원,high,yes,other,no_rule,craft/construction/manufacturing skilled
단열공,244,0.000244,0.923006,7,??? ? ?? ?? ???,kept:exact,high,no,7,exact,kept from draft; no stronger correction rule
내장 목공,243,0.000243,0.923249,7,??? ? ?? ?? ???,kept:exact,high,no,7,exact,kept from draft; no stronger correction rule
차량 도장기 조작원,243,0.000243,0.923492,8,????? ?? ? ?? ???,kept:contains:조작원,high,no,8,contains:조작원,kept from draft; no stronger correction rule
금융 관리자,243,0.000243,0.923735,1,???,kept:contains:관리자,high,no,1,contains:관리자,kept from draft; no stronger correction rule
세무사,242,0.000242,0.923977,2,??? ? ?? ???,kept:suffix:세무사,high,no,2,suffix:세무사,kept from draft; no stronger correction rule
강구조물 가공원,241,0.000241,0.924218,7,??? ? ?? ?? ???,kept:contains:가공,high,no,7,contains:가공,kept from draft; no stronger correction rule
건축안전 기술자,241,0.000241,0.924459,2,??? ? ?? ???,kept:suffix:기술자,high,no,2,suffix:기술자,kept from draft; no stronger correction rule
"전직 그 외 상점 판매원, 현재 구직중",241,0.000241,0.9247,unemployed,??/?????,kept:contains:구직중,high,no,unemployed,contains:구직중,employment-status bucket is immutable
네트워크 프로그래머,240,0.00024,0.92494,2,??? ? ?? ???,kept:suffix:프로그래머,high,no,2,suffix:프로그래머,kept from draft; no stronger correction rule
그 외 도시 및 교통 관련 전문가,240,0.00024,0.92518,2,??? ? ?? ???,kept:suffix:전문가,high,no,2,suffix:전문가,kept from draft; no stronger correction rule
"전직 음식 서비스 종사원, 현재 구직중",240,0.00024,0.92542,unemployed,??/?????,kept:contains:구직중,high,no,unemployed,contains:구직중,employment-status bucket is immutable
유리 관련 기능 종사원,239,0.000239,0.925659,7,??? ? ?? ?? ???,kept:exact,high,no,7,exact,kept from draft; no stronger correction rule
원예작물 판매원,237,0.000237,0.925896,5,?? ???,kept:contains:판매,high,no,5,contains:판매,kept from draft; no stronger correction rule
사서,236,0.000236,0.926132,2,??? ? ?? ???,kept:suffix:사서,high,no,2,suffix:사서,kept from draft; no stronger correction rule
전기 안전 기술자 및 연구원,236,0.000236,0.926368,2,??? ? ?? ???,kept:suffix:연구원,high,no,2,suffix:연구원,kept from draft; no stronger correction rule
그 외 스포츠 및 레크리에이션 관련 전문가,236,0.000236,0.926604,2,??? ? ?? ???,kept:suffix:전문가,high,no,2,suffix:전문가,kept from draft; no stronger correction rule
안과 및 이비인후과 전문 의사,236,0.000236,0.92684,2,??? ? ?? ???,kept:suffix:의사,high,no,2,suffix:의사,kept from draft; no stronger correction rule
환경 검사원,235,0.000235,0.927075,2,??? ? ?? ???,v2:검사원,high,yes,other,no_rule,professional/associate professional
시민 단체 활동가,235,0.000235,0.92731,2,??? ? ?? ???,kept:suffix:활동가,high,no,2,suffix:활동가,kept from draft; no stronger correction rule
간판 제작 및 설치원,234,0.000234,0.927544,7,??? ? ?? ?? ???,kept:contains:설치,high,no,7,contains:설치,kept from draft; no stronger correction rule
장례 지도사,234,0.000234,0.927778,4,??? ???,exact:?? ???,high,yes,other,no_rule,personal service
그 외 발전 및 배전장치 조작원,234,0.000234,0.928012,8,????? ?? ? ?? ???,kept:contains:조작원,high,no,8,contains:조작원,kept from draft; no stronger correction rule
전기계측 제어 기술자 및 연구원,233,0.000233,0.928245,2,??? ? ?? ???,kept:suffix:연구원,high,no,2,suffix:연구원,kept from draft; no stronger correction rule
농학 연구원,232,0.000232,0.928477,2,??? ? ?? ???,kept:suffix:연구원,high,no,2,suffix:연구원,kept from draft; no stronger correction rule
의복 수선원,232,0.000232,0.928709,7,??? ? ?? ?? ???,v2:수선원,high,yes,other,no_rule,craft/construction/manufacturing skilled
그 외 공학 관련 기술자 및 시험원,231,0.000231,0.92894,2,??? ? ?? ???,v2:기술자,high,yes,other,no_rule,professional/associate professional
그 외 인사 및 노사 관련 전문가,230,0.00023,0.92917,2,??? ? ?? ???,kept:suffix:전문가,high,no,2,suffix:전문가,kept from draft; no stronger correction rule
"전직 생산관리 사무원, 현재 구직중",230,0.00023,0.9294,unemployed,??/?????,kept:contains:구직중,high,no,unemployed,contains:구직중,employment-status bucket is immutable
산업기계공학 기술자 및 연구원,229,0.000229,0.929629,2,??? ? ?? ???,kept:suffix:연구원,high,no,2,suffix:연구원,kept from draft; no stronger correction rule
그 외 자동차 부품 조립원,229,0.000229,0.929858,8,????? ?? ? ?? ???,kept:contains:조립,high,no,8,contains:조립,kept from draft; no stronger correction rule
그 외 경영 지원 관리자,228,0.000228,0.930086,1,???,kept:contains:관리자,high,no,1,contains:관리자,kept from draft; no stronger correction rule
가구 판매원,226,0.000226,0.930312,5,?? ???,kept:contains:판매,high,no,5,contains:판매,kept from draft; no stronger correction rule
콘크리트패널 조립원,226,0.000226,0.930538,8,????? ?? ? ?? ???,kept:contains:조립,high,no,8,contains:조립,kept from draft; no stronger correction rule
그 외 전자공학 기술자 및 연구원,223,0.000223,0.930761,2,??? ? ?? ???,kept:suffix:연구원,high,no,2,suffix:연구원,kept from draft; no stronger correction rule
스포츠 감독,223,0.000223,0.930984,2,??? ? ?? ???,v3:스포츠 감독,medium,yes,other,no_rule,professional/sports/arts/religion/social guidance
그 외 컴퓨터 시스템 및 소프트웨어 전문가,220,0.00022,0.931204,2,??? ? ?? ???,kept:suffix:전문가,high,no,2,suffix:전문가,kept from draft; no stronger correction rule
"전직 유치원 교사, 현재 구직중",220,0.00022,0.931424,unemployed,??/?????,kept:contains:구직중,high,no,unemployed,contains:구직중,employment-status bucket is immutable
선박교통 관제사,219,0.000219,0.931643,8,????? ?? ? ?? ???,kept:contains:선박,high,no,8,contains:선박,kept from draft; no stronger correction rule
그 외 데이터 및 네트워크 관련 전문가,218,0.000218,0.931861,2,??? ? ?? ???,kept:suffix:전문가,high,no,2,suffix:전문가,kept from draft; no stronger correction rule
육류가공 기계 조작원,217,0.000217,0.932078,8,????? ?? ? ?? ???,kept:contains:조작원,high,no,8,contains:조작원,kept from draft; no stronger correction rule
영상·전자음향기기 설치 및 수리원,214,0.000214,0.932292,7,??? ? ?? ?? ???,kept:contains:설치,high,no,7,contains:설치,kept from draft; no stronger correction rule
화학제품 생산 관리자,214,0.000214,0.932506,1,???,kept:contains:관리자,high,no,1,contains:관리자,kept from draft; no stronger correction rule
그 외 제도사,213,0.000213,0.932719,7,??? ? ?? ?? ???,kept:contains:제도사,high,no,7,contains:제도사,kept from draft; no stronger correction rule
"전직 온라인 쇼핑 판매원, 현재 구직중",213,0.000213,0.932932,unemployed,??/?????,kept:contains:구직중,high,no,unemployed,contains:구직중,employment-status bucket is immutable
손톱 관리사,212,0.000212,0.933144,4,??? ???,v2:손톱,medium,yes,other,no_rule,personal/protective service
출판물 편집자,212,0.000212,0.933356,2,??? ? ?? ???,v2:편집자,high,yes,other,no_rule,professional/associate professional
"전직 학습지 방문강사, 현재 구직중",212,0.000212,0.933568,unemployed,??/?????,kept:contains:구직중,high,no,unemployed,contains:구직중,employment-status bucket is immutable
자동차 엔진 조립원,210,0.00021,0.933778,8,????? ?? ? ?? ???,kept:contains:조립,high,no,8,contains:조립,kept from draft; no stronger correction rule
홍보 전문가,210,0.00021,0.933988,2,??? ? ?? ???,kept:suffix:전문가,high,no,2,suffix:전문가,kept from draft; no stronger correction rule
가스·에너지 기술자 및 연구원,209,0.000209,0.934197,2,??? ? ?? ???,kept:suffix:연구원,high,no,2,suffix:연구원,kept from draft; no stronger correction rule
계기 검침원,209,0.000209,0.934406,9,???? ???,exact:?? ???,medium,yes,other,no_rule,field manual meter reader
그 외 직물·신발 관련 기계 조작원 및 조립원,209,0.000209,0.934615,8,????? ?? ? ?? ???,kept:contains:조작원,high,no,8,contains:조작원,kept from draft; no stronger correction rule
물리치료사,209,0.000209,0.934824,2,??? ? ?? ???,kept:contains:치료사,high,no,2,contains:치료사,kept from draft; no stronger correction rule
리프트 조작원,207,0.000207,0.935031,8,????? ?? ? ?? ???,kept:contains:조작원,high,no,8,contains:조작원,kept from draft; no stronger correction rule
공작기계 설치 및 정비원,206,0.000206,0.935237,7,??? ? ?? ?? ???,kept:contains:설치,high,no,7,contains:설치,kept from draft; no stronger correction rule
금속코팅·광택 및 래미네이팅기 조작원,206,0.000206,0.935443,8,????? ?? ? ?? ???,kept:contains:조작원,high,no,8,contains:조작원,kept from draft; no stronger correction rule
기지국 설치 및 수리원,206,0.000206,0.935649,7,??? ? ?? ?? ???,kept:contains:설치,high,no,7,contains:설치,kept from draft; no stronger correction rule
도자기제품 생산기 조작원,206,0.000206,0.935855,8,????? ?? ? ?? ???,kept:contains:조작원,high,no,8,contains:조작원,kept from draft; no stronger correction rule
웹 기획자,206,0.000206,0.936061,2,??? ? ?? ???,kept:suffix:기획자,high,no,2,suffix:기획자,kept from draft; no stronger correction rule
건축 석공,205,0.000205,0.936266,7,??? ? ?? ?? ???,v2:석공,high,yes,other,no_rule,craft/construction/manufacturing skilled
해군 부사관,204,0.000204,0.93647,A,??,kept:contains:부사관,high,no,A,contains:부사관,kept from draft; no stronger correction rule
그 외 시각 디자이너,204,0.000204,0.936674,2,??? ? ?? ???,kept:suffix:디자이너,high,no,2,suffix:디자이너,kept from draft; no stronger correction rule
체육 및 그 외 분야 교수,204,0.000204,0.936878,2,??? ? ?? ???,kept:suffix:교수,high,no,2,suffix:교수,kept from draft; no stronger correction rule
통신장비 설치 및 수리원,202,0.000202,0.93708,7,??? ? ?? ?? ???,kept:contains:설치,high,no,7,contains:설치,kept from draft; no stronger correction rule
그 외 청소원,202,0.000202,0.937282,9,???? ???,kept:contains:청소,medium,yes,9,contains:청소,kept from draft; no stronger correction rule
송배전설비 기술자 및 연구원,202,0.000202,0.937484,2,??? ? ?? ???,kept:suffix:연구원,high,no,2,suffix:연구원,kept from draft; no stronger correction rule
미용사,202,0.000202,0.937686,4,??? ???,kept:contains:미용,high,no,4,contains:미용,kept from draft; no stronger correction rule
이동전화기 수리원,201,0.000201,0.937887,7,??? ? ?? ?? ???,kept:contains:수리,high,no,7,contains:수리,kept from draft; no stronger correction rule
전기제품 개발 기술자 및 연구원,200,0.0002,0.938087,2,??? ? ?? ???,kept:suffix:연구원,high,no,2,suffix:연구원,kept from draft; no stronger correction rule
인쇄판 출력원,200,0.0002,0.938287,7,??? ? ?? ?? ???,kept:contains:인쇄,high,no,7,contains:인쇄,kept from draft; no stronger correction rule
통신망 운영 기술자 및 연구원,200,0.0002,0.938487,2,??? ? ?? ???,kept:suffix:연구원,high,no,2,suffix:연구원,kept from draft; no stronger correction rule
은행 사무원,200,0.0002,0.938687,3,?? ???,kept:suffix:사무원,high,no,3,suffix:사무원,kept from draft; no stronger correction rule
농업 시험원,200,0.0002,0.938887,6,????? ?? ???,kept:contains:농업,medium,yes,6,contains:농업,kept from draft; no stronger correction rule
김치 제조 종사원,199,0.000199,0.939086,7,??? ? ?? ?? ???,v2:제조 종사원,high,yes,other,no_rule,craft/construction/manufacturing skilled
"전직 일반 간호사, 현재 구직중",199,0.000199,0.939285,unemployed,??/?????,kept:contains:구직중,high,no,unemployed,contains:구직중,employment-status bucket is immutable
그 외 일반기계 조립원,197,0.000197,0.939482,8,????? ?? ? ?? ???,kept:contains:조립,high,no,8,contains:조립,kept from draft; no stronger correction rule
표백기 조작원,196,0.000196,0.939678,8,????? ?? ? ?? ???,kept:contains:조작원,high,no,8,contains:조작원,kept from draft; no stronger correction rule
에스컬레이터 설치 및 정비원,195,0.000195,0.939873,7,??? ? ?? ?? ???,kept:contains:설치,high,no,7,contains:설치,kept from draft; no stronger correction rule
그 외 생명과학 시험원,195,0.000195,0.940068,2,??? ? ?? ???,v2:시험원,high,yes,other,no_rule,professional/associate professional
연선기 조작원,195,0.000195,0.940263,8,????? ?? ? ?? ???,kept:contains:조작원,high,no,8,contains:조작원,kept from draft; no stronger correction rule
직물 패턴사,194,0.000194,0.940457,7,??? ? ?? ?? ???,v2:패턴사,high,yes,other,no_rule,craft/construction/manufacturing skilled
통신기술 기술자 및 연구원,193,0.000193,0.94065,2,??? ? ?? ???,kept:suffix:연구원,high,no,2,suffix:연구원,kept from draft; no stronger correction rule
연삭기 및 연마기 조작원,192,0.000192,0.940842,8,????? ?? ? ?? ???,kept:contains:조작원,high,no,8,contains:조작원,kept from draft; no stronger correction rule
염색 조색 및 배합기 조작원,192,0.000192,0.941034,8,????? ?? ? ?? ???,kept:contains:조작원,high,no,8,contains:조작원,kept from draft; no stronger correction rule
석유 및 천연가스 정제 장치 조작원,192,0.000192,0.941226,8,????? ?? ? ?? ???,kept:contains:조작원,high,no,8,contains:조작원,kept from draft; no stronger correction rule
외장 목공,192,0.000192,0.941418,7,??? ? ?? ?? ???,kept:contains:목공,high,no,7,contains:목공,kept from draft; no stronger correction rule
덤프트럭 운전원,192,0.000192,0.94161,8,????? ?? ? ?? ???,kept:contains:운전원,high,no,8,contains:운전원,kept from draft; no stronger correction rule
자연과학·수학 및 통계학 교수,192,0.000192,0.941802,2,??? ? ?? ???,kept:suffix:교수,high,no,2,suffix:교수,kept from draft; no stronger correction rule
"전직 그 외 기능 관련 종사원, 현재 구직중",192,0.000192,0.941994,unemployed,??/?????,kept:contains:구직중,high,no,unemployed,contains:구직중,employment-status bucket is immutable
게임 그래픽 디자이너,187,0.000187,0.942181,2,??? ? ?? ???,kept:suffix:디자이너,high,no,2,suffix:디자이너,kept from draft; no stronger correction rule
번역가,185,0.000185,0.942366,2,??? ? ?? ???,v2:번역가,high,yes,other,no_rule,professional/associate professional
방송 및 시나리오 작가,185,0.000185,0.942551,2,??? ? ?? ???,v2:작가,high,yes,other,no_rule,professional/associate professional
인사 컨설턴트,184,0.000184,0.942735,2,??? ? ?? ???,kept:contains:컨설턴트,high,no,2,contains:컨설턴트,kept from draft; no stronger correction rule
그 외 인쇄기 조작원,183,0.000183,0.942918,8,????? ?? ? ?? ???,kept:contains:조작원,high,no,8,contains:조작원,kept from draft; no stronger correction rule
해병대 부사관,183,0.000183,0.943101,A,??,kept:contains:부사관,high,no,A,contains:부사관,kept from draft; no stronger correction rule
석재 부설원,183,0.000183,0.943284,7,??? ? ?? ?? ???,v2:부설원,high,yes,other,no_rule,craft/construction/manufacturing skilled
연예인 매니저,182,0.000182,0.943466,2,??? ? ?? ???,v3fix:arts/media/education professional,medium,yes,other,no_rule,manual cleanup of low-confidence fallback
그 외 도장기 조작원,182,0.000182,0.943648,8,????? ?? ? ?? ???,kept:contains:조작원,high,no,8,contains:조작원,kept from draft; no stronger correction rule
항타기 운전원,181,0.000181,0.943829,8,????? ?? ? ?? ???,kept:contains:운전원,high,no,8,contains:운전원,kept from draft; no stronger correction rule
금속공학 시험원,181,0.000181,0.94401,2,??? ? ?? ???,v2:시험원,high,yes,other,no_rule,professional/associate professional
"전직 기업 고위 임원, 현재 구직중",180,0.00018,0.94419,unemployed,??/?????,kept:contains:구직중,high,no,unemployed,contains:구직중,employment-status bucket is immutable
밀링기 조작원,180,0.00018,0.94437,8,????? ?? ? ?? ???,kept:contains:조작원,high,no,8,contains:조작원,kept from draft; no stronger correction rule
떡 제조원,180,0.00018,0.94455,7,??? ? ?? ?? ???,v2:제조원,high,yes,other,no_rule,craft/construction/manufacturing skilled
"전직 자재 관리 사무원, 현재 구직중",177,0.000177,0.944727,unemployed,??/?????,kept:contains:구직중,high,no,unemployed,contains:구직중,employment-status bucket is immutable
예술 및 인문학 교수,176,0.000176,0.944903,2,??? ? ?? ???,kept:suffix:교수,high,no,2,suffix:교수,kept from draft; no stronger correction rule
화학물 분쇄기·마쇄기 및 혼합기 조작원,176,0.000176,0.945079,8,????? ?? ? ?? ???,kept:contains:조작원,high,no,8,contains:조작원,kept from draft; no stronger correction rule
구두 미화원,175,0.000175,0.945254,9,???? ???,exact:?? ???,medium,yes,other,no_rule,manual personal service/labor
"전직 그 외 하역 및 적재 단순 종사원, 현재 구직중",175,0.000175,0.945429,unemployed,??/?????,kept:contains:구직중,high,no,unemployed,contains:구직중,employment-status bucket is immutable
교육 연구관 및 교육 연구사,175,0.000175,0.945604,2,??? ? ?? ???,kept:contains:연구,high,no,2,contains:연구,kept from draft; no stronger correction rule
그 외 제분 및 도정 관련 기계 조작원,174,0.000174,0.945778,8,????? ?? ? ?? ???,kept:contains:조작원,high,no,8,contains:조작원,kept from draft; no stronger correction rule
기자,173,0.000173,0.945951,2,??? ? ?? ???,v2:기자,high,yes,other,no_rule,professional/associate professional
"전직 품질 관리 사무원, 현재 구직중",173,0.000173,0.946124,unemployed,??/?????,kept:contains:구직중,high,no,unemployed,contains:구직중,employment-status bucket is immutable
시멘트공학 기술자 및 연구원,172,0.000172,0.946296,2,??? ? ?? ???,kept:suffix:연구원,high,no,2,suffix:연구원,kept from draft; no stronger correction rule
건물용 보일러 설치 및 정비원,171,0.000171,0.946467,7,??? ? ?? ?? ???,kept:contains:설치,high,no,7,contains:설치,kept from draft; no stronger correction rule
그 외 법률 전문가,170,0.00017,0.946637,2,??? ? ?? ???,kept:suffix:전문가,high,no,2,suffix:전문가,kept from draft; no stronger correction rule
"전직 철도운송 관련 종사원, 현재 구직중",169,0.000169,0.946806,unemployed,??/?????,kept:contains:구직중,high,no,unemployed,contains:구직중,employment-status bucket is immutable
전기기기 설치 및 정비원,169,0.000169,0.946975,7,??? ? ?? ?? ???,kept:contains:설치,high,no,7,contains:설치,kept from draft; no stronger correction rule
호이스트 운전원,167,0.000167,0.947142,8,????? ?? ? ?? ???,kept:contains:운전원,high,no,8,contains:운전원,kept from draft; no stronger correction rule
압출기 조작원,165,0.000165,0.947307,8,????? ?? ? ?? ???,kept:contains:조작원,high,no,8,contains:조작원,kept from draft; no stronger correction rule
염색 개발 공학 기술자 및 연구원,165,0.000165,0.947472,2,??? ? ?? ???,kept:suffix:연구원,high,no,2,suffix:연구원,kept from draft; no stronger correction rule
세탁원 및 다림질원,164,0.000164,0.947636,9,???? ???,kept:contains:세탁원,high,no,9,contains:세탁원,kept from draft; no stronger correction rule
임상영양사,163,0.000163,0.947799,2,??? ? ?? ???,kept:suffix:영양사,high,no,2,suffix:영양사,kept from draft; no stronger correction rule
건축자재 영업원,162,0.000162,0.947961,5,?? ???,kept:contains:영업,high,no,5,contains:영업,kept from draft; no stronger correction rule
"전직 경·소형 화물차 운전원, 현재 구직중",162,0.000162,0.948123,unemployed,??/?????,kept:contains:구직중,high,no,unemployed,contains:구직중,employment-status bucket is immutable
전자제품 제조 기계 조작원,162,0.000162,0.948285,8,????? ?? ? ?? ???,kept:contains:조작원,high,no,8,contains:조작원,kept from draft; no stronger correction rule
스포츠 매니저,162,0.000162,0.948447,2,??? ? ?? ???,v3:스포츠 매니저,medium,yes,other,no_rule,professional/sports/arts/religion/social guidance
그 외 산업 전기 설치원,161,0.000161,0.948608,7,??? ? ?? ?? ???,kept:contains:설치,high,no,7,contains:설치,kept from draft; no stronger correction rule
의료 서비스 상담 종사원,161,0.000161,0.948769,4,??? ???,kept:contains:서비스,medium,yes,4,contains:서비스,kept from draft; no stronger correction rule
미장공,160,0.00016,0.948929,7,??? ? ?? ?? ???,v2:미장공,high,yes,other,no_rule,craft/construction/manufacturing skilled
그 외 상하수도 처리 장치 조작원,160,0.00016,0.949089,8,????? ?? ? ?? ???,kept:contains:조작원,high,no,8,contains:조작원,kept from draft; no stronger correction rule
소각로 조작원,160,0.00016,0.949249,8,????? ?? ? ?? ???,kept:contains:조작원,high,no,8,contains:조작원,kept from draft; no stronger correction rule
전기 및 전자 제품 생산 관리자,159,0.000159,0.949408,1,???,kept:contains:관리자,high,no,1,contains:관리자,kept from draft; no stronger correction rule
그 외 마케팅 및 광고·홍보 관리자,159,0.000159,0.949567,1,???,kept:contains:관리자,high,no,1,contains:관리자,kept from draft; no stronger correction rule
"전직 식품 영업원, 현재 구직중",159,0.000159,0.949726,unemployed,??/?????,kept:contains:구직중,high,no,unemployed,contains:구직중,employment-status bucket is immutable
보도블록 설치원,158,0.000158,0.949884,7,??? ? ?? ?? ???,kept:contains:설치,high,no,7,contains:설치,kept from draft; no stronger correction rule
그 외 금속 및 재료 공학 시험원,158,0.000158,0.950042,2,??? ? ?? ???,v2:시험원,high,yes,other,no_rule,professional/associate professional
금속 분무기 조작원,156,0.000156,0.950198,8,????? ?? ? ?? ???,kept:contains:조작원,high,no,8,contains:조작원,kept from draft; no stronger correction rule
광고 디자이너,154,0.000154,0.950352,2,??? ? ?? ???,kept:suffix:디자이너,high,no,2,suffix:디자이너,kept from draft; no stronger correction rule
조미료 제분기 조작원,152,0.000152,0.950504,8,????? ?? ? ?? ???,kept:contains:조작원,high,no,8,contains:조작원,kept from draft; no stronger correction rule
"전직 승용차 및 승합차 운전원, 현재 구직중",151,0.000151,0.950655,unemployed,??/?????,kept:contains:구직중,high,no,unemployed,contains:구직중,employment-status bucket is immutable
복지시설 생활 지도원,151,0.000151,0.950806,2,??? ? ?? ???,v3:지도원,medium,yes,other,no_rule,professional/sports/arts/religion/social guidance
그 외 귀금속 및 보석 세공원,151,0.000151,0.950957,7,??? ? ?? ?? ???,v2:세공원,high,yes,other,no_rule,craft/construction/manufacturing skilled
통역가,151,0.000151,0.951108,2,??? ? ?? ???,v2:통역가,high,yes,other,no_rule,professional/associate professional
조경원,150,0.00015,0.951258,6,????? ?? ???,v2:조경원,medium,yes,other,no_rule,agriculture/forestry/fishery skilled
유원시설 및 테마파크 서비스원,150,0.00015,0.951408,4,??? ???,kept:contains:서비스,medium,yes,4,contains:서비스,kept from draft; no stronger correction rule
교육 분야 교수,150,0.00015,0.951558,2,??? ? ?? ???,kept:suffix:교수,high,no,2,suffix:교수,kept from draft; no stronger correction rule
조경감리 기술자,149,0.000149,0.951707,2,??? ? ?? ???,kept:suffix:기술자,high,no,2,suffix:기술자,kept from draft; no stronger correction rule
거리 미화원,149,0.000149,0.951856,9,???? ???,exact:?? ???,high,yes,other,no_rule,street cleaner
전시 및 시설 견학 안내원,148,0.000148,0.952004,4,??? ???,kept:contains:안내원,high,no,4,contains:안내원,kept from draft; no stronger correction rule
재활용 처리 기계 조작원,148,0.000148,0.952152,8,????? ?? ? ?? ???,kept:contains:조작원,high,no,8,contains:조작원,kept from draft; no stronger correction rule
컴퓨터 하드웨어 기술자 및 연구원,148,0.000148,0.9523,2,??? ? ?? ???,kept:suffix:연구원,high,no,2,suffix:연구원,kept from draft; no stronger correction rule
유지 제조기 조작원,148,0.000148,0.952448,8,????? ?? ? ?? ???,kept:contains:조작원,high,no,8,contains:조작원,kept from draft; no stronger correction rule
자동차 차체 부품 조립원,147,0.000147,0.952595,8,????? ?? ? ?? ???,kept:contains:조립,high,no,8,contains:조립,kept from draft; no stronger correction rule
경량 철골공,146,0.000146,0.952741,7,??? ? ?? ?? ???,v2:철골공,high,yes,other,no_rule,craft/construction/manufacturing skilled
그 외 정육가공 및 도축 관련 종사원,146,0.000146,0.952887,7,??? ? ?? ?? ???,kept:contains:가공,high,no,7,contains:가공,kept from draft; no stronger correction rule
수상운송 사무원,145,0.000145,0.953032,3,?? ???,kept:suffix:사무원,high,no,3,suffix:사무원,kept from draft; no stronger correction rule
전기제품 제조 기계 조작원,145,0.000145,0.953177,8,????? ?? ? ?? ???,kept:contains:조작원,high,no,8,contains:조작원,kept from draft; no stronger correction rule
기계공학 시험원,145,0.000145,0.953322,2,??? ? ?? ???,v2:시험원,high,yes,other,no_rule,professional/associate professional
위성방송 안테나 설치 및 수리원,144,0.000144,0.953466,7,??? ? ?? ?? ???,kept:contains:설치,high,no,7,contains:설치,kept from draft; no stronger correction rule
"전직 총무 사무원, 현재 구직중",144,0.000144,0.95361,unemployed,??/?????,kept:contains:구직중,high,no,unemployed,contains:구직중,employment-status bucket is immutable
"전직 조사 전문가, 현재 구직중",144,0.000144,0.953754,unemployed,??/?????,kept:contains:구직중,high,no,unemployed,contains:구직중,employment-status bucket is immutable
서적·문구 및 음반 판매원,144,0.000144,0.953898,5,?? ???,kept:contains:판매,high,no,5,contains:판매,kept from draft; no stronger correction rule
"전직 경영 컨설턴트, 현재 구직중",143,0.000143,0.954041,unemployed,??/?????,kept:contains:구직중,high,no,unemployed,contains:구직중,employment-status bucket is immutable
"전직 영업 관리 사무원, 현재 구직중",143,0.000143,0.954184,unemployed,??/?????,kept:contains:구직중,high,no,unemployed,contains:구직중,employment-status bucket is immutable
그 외 응용 소프트웨어 프로그래머,142,0.000142,0.954326,2,??? ? ?? ???,kept:suffix:프로그래머,high,no,2,suffix:프로그래머,kept from draft; no stronger correction rule
시장 및 여론 조사 관리자,142,0.000142,0.954468,1,???,kept:contains:관리자,high,no,1,contains:관리자,kept from draft; no stronger correction rule
분양 및 임대 사무원,142,0.000142,0.95461,3,?? ???,kept:suffix:사무원,high,no,3,suffix:사무원,kept from draft; no stronger correction rule
그 외 미디어 콘텐츠 디자이너,142,0.000142,0.954752,2,??? ? ?? ???,kept:suffix:디자이너,high,no,2,suffix:디자이너,kept from draft; no stronger correction rule
그 외 자동차 정비원,142,0.000142,0.954894,7,??? ? ?? ?? ???,kept:contains:정비,high,no,7,contains:정비,kept from draft; no stronger correction rule
콘크리트 타설원,140,0.00014,0.955034,7,??? ? ?? ?? ???,v2:타설원,high,yes,other,no_rule,craft/construction/manufacturing skilled
해군 장교,140,0.00014,0.955174,A,??,kept:contains:장교,high,no,A,contains:장교,kept from draft; no stronger correction rule
광고 및 홍보 관리자,140,0.00014,0.955314,1,???,kept:contains:관리자,high,no,1,contains:관리자,kept from draft; no stronger correction rule
형틀 목공,140,0.00014,0.955454,7,??? ? ?? ?? ???,kept:contains:목공,high,no,7,contains:목공,kept from draft; no stronger correction rule
시계 및 카메라 수리원,140,0.00014,0.955594,7,??? ? ?? ?? ???,kept:contains:수리,high,no,7,contains:수리,kept from draft; no stronger correction rule
"전직 국가행정 사무원, 현재 구직중",139,0.000139,0.955733,unemployed,??/?????,kept:contains:구직중,high,no,unemployed,contains:구직중,employment-status bucket is immutable
전기 부품 제조 기계 조작원,138,0.000138,0.955871,8,????? ?? ? ?? ???,kept:contains:조작원,high,no,8,contains:조작원,kept from draft; no stronger correction rule
전기 및 전자 장비 제도사,138,0.000138,0.956009,7,??? ? ?? ?? ???,kept:contains:제도사,high,no,7,contains:제도사,kept from draft; no stronger correction rule
기계제품 생산 관리자,138,0.000138,0.956147,1,???,kept:contains:관리자,high,no,1,contains:관리자,kept from draft; no stronger correction rule
통신장비 기술자 및 연구원,138,0.000138,0.956285,2,??? ? ?? ???,kept:suffix:연구원,high,no,2,suffix:연구원,kept from draft; no stronger correction rule
항공기·철도 차량 공학 기술자 및 연구원,137,0.000137,0.956422,2,??? ? ?? ???,kept:suffix:연구원,high,no,2,suffix:연구원,kept from draft; no stronger correction rule
직업 운동선수,137,0.000137,0.956559,2,??? ? ?? ???,v3:운동선수,medium,yes,other,no_rule,professional/sports/arts/religion/social guidance
그 외 판매 및 고객 서비스 관리자,136,0.000136,0.956695,1,???,kept:contains:관리자,medium,yes,1,contains:관리자,kept from draft; no stronger correction rule
치료사 보조원,136,0.000136,0.956831,2,??? ? ?? ???,kept:contains:치료사,medium,yes,2,contains:치료사,kept from draft; no stronger correction rule
건물 해체원,136,0.000136,0.956967,7,??? ? ?? ?? ???,v2:해체원,high,yes,other,no_rule,craft/construction/manufacturing skilled
윤전인쇄기 조작원,135,0.000135,0.957102,8,????? ?? ? ?? ???,kept:contains:조작원,high,no,8,contains:조작원,kept from draft; no stronger correction rule
타일 부착원,135,0.000135,0.957237,7,??? ? ?? ?? ???,v2:부착원,high,yes,other,no_rule,craft/construction/manufacturing skilled
"전직 단말기 및 통신 서비스 판매원, 현재 구직중",134,0.000134,0.957371,unemployed,??/?????,kept:contains:구직중,high,no,unemployed,contains:구직중,employment-status bucket is immutable
그 외 목재가공 관련 기계 조작원,134,0.000134,0.957505,8,????? ?? ? ?? ???,kept:contains:조작원,high,no,8,contains:조작원,kept from draft; no stronger correction rule
인쇄 필름 출력원,133,0.000133,0.957638,7,??? ? ?? ?? ???,kept:contains:인쇄,high,no,7,contains:인쇄,kept from draft; no stronger correction rule
목형원,133,0.000133,0.957771,7,??? ? ?? ?? ???,v2:목형원,high,yes,other,no_rule,craft/construction/manufacturing skilled
기업 인수 및 합병 전문가,133,0.000133,0.957904,2,??? ? ?? ???,kept:suffix:전문가,high,no,2,suffix:전문가,kept from draft; no stronger correction rule
제관기 조작원,133,0.000133,0.958037,8,????? ?? ? ?? ???,kept:contains:조작원,high,no,8,contains:조작원,kept from draft; no stronger correction rule
방역원,132,0.000132,0.958169,4,??? ???,v2:방역원,medium,yes,other,no_rule,personal/protective service
조적공,131,0.000131,0.9583,7,??? ? ?? ?? ???,v2:조적공,high,yes,other,no_rule,craft/construction/manufacturing skilled
그 외 플라스틱제품 생산기 조작원,131,0.000131,0.958431,8,????? ?? ? ?? ???,kept:contains:조작원,high,no,8,contains:조작원,kept from draft; no stronger correction rule
그라비어인쇄기 조작원,131,0.000131,0.958562,8,????? ?? ? ?? ???,kept:contains:조작원,high,no,8,contains:조작원,kept from draft; no stronger correction rule
사회과학·경영 및 법학 교수,130,0.00013,0.958692,2,??? ? ?? ???,kept:suffix:교수,high,no,2,suffix:교수,kept from draft; no stronger correction rule
플라스틱 사출기 조작원,130,0.00013,0.958822,8,????? ?? ? ?? ???,kept:contains:조작원,high,no,8,contains:조작원,kept from draft; no stronger correction rule
그 외 운송장비 정비원,130,0.00013,0.958952,7,??? ? ?? ?? ???,kept:contains:정비,high,no,7,contains:정비,kept from draft; no stronger correction rule
경호원,130,0.00013,0.959082,4,??? ???,kept:contains:경호,high,no,4,contains:경호,kept from draft; no stronger correction rule
마루 설치원,130,0.00013,0.959212,7,??? ? ?? ?? ???,kept:contains:설치,high,no,7,contains:설치,kept from draft; no stronger correction rule
곡물 및 사료 제분기 조작원,129,0.000129,0.959341,8,????? ?? ? ?? ???,kept:contains:조작원,high,no,8,contains:조작원,kept from draft; no stronger correction rule
"전직 지방행정 사무원, 현재 구직중",128,0.000128,0.959469,unemployed,??/?????,kept:contains:구직중,high,no,unemployed,contains:구직중,employment-status bucket is immutable
그 외 사회복지 관련 종사원,128,0.000128,0.959597,4,??? ???,kept:contains:사회복지,high,no,4,contains:사회복지,kept from draft; no stronger correction rule
철로 보수원,128,0.000128,0.959725,7,??? ? ?? ?? ???,v3:보수원,medium,yes,other,no_rule,craft/construction/manufacturing skilled
그 외 세탁 관련 기계 조작원,127,0.000127,0.959852,8,????? ?? ? ?? ???,kept:contains:조작원,high,no,8,contains:조작원,kept from draft; no stronger correction rule
"전직 관리 비서, 현재 구직중",127,0.000127,0.959979,unemployed,??/?????,kept:contains:구직중,high,no,unemployed,contains:구직중,employment-status bucket is immutable
드라이클리닝기 조작원,126,0.000126,0.960105,8,????? ?? ? ?? ???,kept:contains:조작원,high,no,8,contains:조작원,kept from draft; no stronger correction rule
유리 부착원,126,0.000126,0.960231,7,??? ? ?? ?? ???,kept:contains:유리,high,no,7,contains:유리,kept from draft; no stronger correction rule
금속제품 생산 관리자,125,0.000125,0.960356,1,???,kept:contains:관리자,high,no,1,contains:관리자,kept from draft; no stronger correction rule
국수 및 면류 제품 기계 조작원,125,0.000125,0.960481,8,????? ?? ? ?? ???,kept:contains:조작원,high,no,8,contains:조작원,kept from draft; no stronger correction rule
전기 도금기 조작원,125,0.000125,0.960606,8,????? ?? ? ?? ???,kept:contains:조작원,high,no,8,contains:조작원,kept from draft; no stronger correction rule
그 외 제품 생산 관련 관리자,124,0.000124,0.96073,1,???,kept:contains:관리자,high,no,1,contains:관리자,kept from draft; no stronger correction rule
치과기공사,124,0.000124,0.960854,2,??? ? ?? ???,v2:기공사,high,yes,other,no_rule,professional/associate professional
전통 건물 건축원,124,0.000124,0.960978,7,??? ? ?? ?? ???,v3:건축원,medium,yes,other,no_rule,craft/construction/manufacturing skilled
감시카메라 설치 및 수리원,123,0.000123,0.961101,7,??? ? ?? ?? ???,kept:contains:설치,high,no,7,contains:설치,kept from draft; no stronger correction rule
발전터빈 조작원,122,0.000122,0.961223,8,????? ?? ? ?? ???,kept:contains:조작원,high,no,8,contains:조작원,kept from draft; no stronger correction rule
"전직 음료 서비스 종사원, 현재 구직중",122,0.000122,0.961345,unemployed,??/?????,kept:contains:구직중,high,no,unemployed,contains:구직중,employment-status bucket is immutable
편직기 조작원,122,0.000122,0.961467,8,????? ?? ? ?? ???,kept:contains:조작원,high,no,8,contains:조작원,kept from draft; no stronger correction rule
카지노 딜러,122,0.000122,0.961589,4,??? ???,exact:??? ??,high,yes,other,no_rule,recreation service
"전직 전기 용접원, 현재 구직중",121,0.000121,0.96171,unemployed,??/?????,kept:contains:구직중,high,no,unemployed,contains:구직중,employment-status bucket is immutable
비계공,121,0.000121,0.961831,7,??? ? ?? ?? ???,v2:비계공,high,yes,other,no_rule,craft/construction/manufacturing skilled
"전직 간호조무사, 현재 구직중",121,0.000121,0.961952,unemployed,??/?????,kept:contains:구직중,high,no,unemployed,contains:구직중,employment-status bucket is immutable
열차 객실 승무원,121,0.000121,0.962073,4,??? ???,kept:contains:승무원,high,no,4,contains:승무원,kept from draft; no stronger correction rule
그 외 조경 관련 기술자,120,0.00012,0.962193,2,??? ? ?? ???,kept:suffix:기술자,high,no,2,suffix:기술자,kept from draft; no stronger correction rule
그 외 곡물가공 제품 기계 조작원,119,0.000119,0.962312,8,????? ?? ? ?? ???,kept:contains:조작원,high,no,8,contains:조작원,kept from draft; no stronger correction rule
그 외 환경공학 기술자 및 연구원,119,0.000119,0.962431,2,??? ? ?? ???,kept:suffix:연구원,high,no,2,suffix:연구원,kept from draft; no stronger correction rule
정보 통신기술 분야 교수,119,0.000119,0.96255,2,??? ? ?? ???,kept:suffix:교수,high,no,2,suffix:교수,kept from draft; no stronger correction rule
대리석 부착원,118,0.000118,0.962668,7,??? ? ?? ?? ???,v2:부착원,high,yes,other,no_rule,craft/construction/manufacturing skilled
스포츠 강사 및 트레이너,118,0.000118,0.962786,2,??? ? ?? ???,v3:트레이너,medium,yes,other,no_rule,professional/sports/arts/religion/social guidance
고무제품 생산기 조작원,117,0.000117,0.962903,8,????? ?? ? ?? ???,kept:contains:조작원,high,no,8,contains:조작원,kept from draft; no stronger correction rule
그 외 목재 및 종이 관련 기계 조작원,117,0.000117,0.96302,8,????? ?? ? ?? ???,kept:contains:조작원,high,no,8,contains:조작원,kept from draft; no stronger correction rule
가정용 전기 및 전자제품 조립원,117,0.000117,0.963137,8,????? ?? ? ?? ???,kept:contains:조립,high,no,8,contains:조립,kept from draft; no stronger correction rule
보험 관리자,116,0.000116,0.963253,1,???,kept:contains:관리자,high,no,1,contains:관리자,kept from draft; no stronger correction rule
청각장애인 특수교육 교사,116,0.000116,0.963369,2,??? ? ?? ???,kept:suffix:교사,high,no,2,suffix:교사,kept from draft; no stronger correction rule
건축구조 기술자,115,0.000115,0.963484,2,??? ? ?? ???,kept:suffix:기술자,high,no,2,suffix:기술자,kept from draft; no stronger correction rule
주조기 조작원,115,0.000115,0.963599,8,????? ?? ? ?? ???,kept:contains:조작원,high,no,8,contains:조작원,kept from draft; no stronger correction rule
유치원 원장,115,0.000115,0.963714,1,???,v3:원장,medium,yes,other,no_rule,manager/executive/institution head
그 외 물품 이동 장비 설치 및 정비원,114,0.000114,0.963828,8,????? ?? ? ?? ???,kept:contains:물품 이동 장비,high,no,8,contains:물품 이동 장비,kept from draft; no stronger correction rule
굴삭기 및 불도저 운전원,113,0.000113,0.963941,8,????? ?? ? ?? ???,kept:contains:운전원,high,no,8,contains:운전원,kept from draft; no stronger correction rule
"전직 건설 단순 종사원, 현재 구직중",113,0.000113,0.964054,unemployed,??/?????,kept:contains:구직중,high,no,unemployed,contains:구직중,employment-status bucket is immutable
도배공,112,0.000112,0.964166,7,??? ? ?? ?? ???,v2:도배공,high,yes,other,no_rule,craft/construction/manufacturing skilled
신용 추심원,111,0.000111,0.964277,3,?? ???,v3:신용 추심원,medium,yes,other,no_rule,administrative/clerical
육상운송 관련 관리자,111,0.000111,0.964388,1,???,kept:contains:관리자,high,no,1,contains:관리자,kept from draft; no stronger correction rule
섬유공학 시험원,111,0.000111,0.964499,2,??? ? ?? ???,v2:시험원,high,yes,other,no_rule,professional/associate professional
도정기 조작원,110,0.00011,0.964609,8,????? ?? ? ?? ???,kept:contains:조작원,high,no,8,contains:조작원,kept from draft; no stronger correction rule
감사 사무원,110,0.00011,0.964719,3,?? ???,kept:suffix:사무원,high,no,3,suffix:사무원,kept from draft; no stronger correction rule
"전직 건물 내 전기 설치 및 정비원, 현재 구직중",110,0.00011,0.964829,unemployed,??/?????,kept:contains:구직중,high,no,unemployed,contains:구직중,employment-status bucket is immutable
그 외 석유 및 화학물 가공 장치 조작원,110,0.00011,0.964939,8,????? ?? ? ?? ???,kept:contains:조작원,high,no,8,contains:조작원,kept from draft; no stronger correction rule
전자 의료기기 개발 기술자 및 연구원,109,0.000109,0.965048,2,??? ? ?? ???,kept:suffix:연구원,high,no,2,suffix:연구원,kept from draft; no stronger correction rule
"전직 상품 기획자, 현재 구직중",109,0.000109,0.965157,unemployed,??/?????,kept:contains:구직중,high,no,unemployed,contains:구직중,employment-status bucket is immutable
펄프 제조 장치 조작원,109,0.000109,0.965266,8,????? ?? ? ?? ???,kept:contains:조작원,high,no,8,contains:조작원,kept from draft; no stronger correction rule
일반 한의사,108,0.000108,0.965374,2,??? ? ?? ???,kept:suffix:의사,high,no,2,suffix:의사,kept from draft; no stronger correction rule
냉동 및 냉장기 설비 조작원,108,0.000108,0.965482,8,????? ?? ? ?? ???,kept:contains:조작원,high,no,8,contains:조작원,kept from draft; no stronger correction rule
비행기 조종사,108,0.000108,0.96559,8,????? ?? ? ?? ???,exact:??? ???,medium,yes,other,no_rule,transport operator
도축원,107,0.000107,0.965697,7,??? ? ?? ?? ???,v3:도축원,medium,yes,other,no_rule,craft/construction/manufacturing skilled
입장권 판매원,106,0.000106,0.965803,5,?? ???,kept:contains:판매,high,no,5,contains:판매,kept from draft; no stronger correction rule
사진작가,105,0.000105,0.965908,2,??? ? ?? ???,v2:작가,high,yes,other,no_rule,professional/associate professional
가구 수리원,105,0.000105,0.966013,7,??? ? ?? ?? ???,kept:contains:수리,high,no,7,contains:수리,kept from draft; no stronger correction rule
금속 주입원,105,0.000105,0.966118,7,??? ? ?? ?? ???,v2:금속 주입원,high,yes,other,no_rule,craft/construction/manufacturing skilled
가스 및 에너지 시험원,105,0.000105,0.966223,2,??? ? ?? ???,v2:시험원,high,yes,other,no_rule,professional/associate professional
대여 제품 방문 점검원,104,0.000104,0.966327,5,?? ???,v3:대여 제품,medium,yes,other,no_rule,rental/sales service
보건 위생 검사원,104,0.000104,0.966431,2,??? ? ?? ???,v2:검사원,high,yes,other,no_rule,professional/associate professional
단조원,103,0.000103,0.966534,7,??? ? ?? ?? ???,v2:단조원,high,yes,other,no_rule,craft/construction/manufacturing skilled
방문 판매원,103,0.000103,0.966637,5,?? ???,kept:contains:판매,high,no,5,contains:판매,kept from draft; no stronger correction rule
소방관,103,0.000103,0.96674,4,??? ???,kept:contains:소방,high,no,4,contains:소방,kept from draft; no stronger correction rule
플라스틱 압출기 조작원,102,0.000102,0.966842,8,????? ?? ? ?? ???,kept:contains:조작원,high,no,8,contains:조작원,kept from draft; no stronger correction rule
위생용 종이제품 제조기 조작원,102,0.000102,0.966944,8,????? ?? ? ?? ???,kept:contains:조작원,high,no,8,contains:조작원,kept from draft; no stronger correction rule
기술 감독,102,0.000102,0.967046,2,??? ? ?? ???,v3:감독,medium,yes,other,no_rule,professional/sports/arts/religion/social guidance
그 외 섬유 및 가죽 관련 기능 종사원,102,0.000102,0.967148,7,??? ? ?? ?? ???,kept:contains:기능,high,no,7,contains:기능,kept from draft; no stronger correction rule
제직기 조작원,101,0.000101,0.967249,8,????? ?? ? ?? ???,kept:contains:조작원,high,no,8,contains:조작원,kept from draft; no stronger correction rule
고무제품 조립원,101,0.000101,0.96735,8,????? ?? ? ?? ???,kept:contains:조립,high,no,8,contains:조립,kept from draft; no stronger correction rule
수리 및 정비 관련 관리자,101,0.000101,0.967451,1,???,kept:contains:관리자,high,no,1,contains:관리자,kept from draft; no stronger correction rule
비파괴 검사원,101,0.000101,0.967552,2,??? ? ?? ???,v2:검사원,high,yes,other,no_rule,professional/associate professional
구두 수선원,101,0.000101,0.967653,7,??? ? ?? ?? ???,v2:수선원,high,yes,other,no_rule,craft/construction/manufacturing skilled
영상 및 음향장비 조립원,101,0.000101,0.967754,8,????? ?? ? ?? ???,kept:contains:조립,high,no,8,contains:조립,kept from draft; no stronger correction rule
수동 상표 부착원,100,0.0001,0.967854,7,??? ? ?? ?? ???,v2:부착원,high,yes,other,no_rule,craft/construction/manufacturing skilled
해병대 장교,100,0.0001,0.967954,A,??,kept:contains:장교,high,no,A,contains:장교,kept from draft; no stronger correction rule
주차 안내원,100,0.0001,0.968054,4,??? ???,kept:contains:안내원,high,no,4,contains:안내원,kept from draft; no stronger correction rule
전통차 조리사,100,0.0001,0.968154,4,??? ???,kept:contains:조리사,high,no,4,contains:조리사,kept from draft; no stronger correction rule
토목감리 기술자,99,9.9e-05,0.968253,2,??? ? ?? ???,kept:suffix:기술자,high,no,2,suffix:기술자,kept from draft; no stronger correction rule
"전직 그 외 물품 이동 장비 조작원, 현재 구직중",99,9.9e-05,0.968352,unemployed,??/?????,kept:contains:구직중,high,no,unemployed,contains:구직중,employment-status bucket is immutable
이벤트 전문가,98,9.8e-05,0.96845,2,??? ? ?? ???,kept:suffix:전문가,high,no,2,suffix:전문가,kept from draft; no stronger correction rule
타이어 생산기 조작원,98,9.8e-05,0.968548,8,????? ?? ? ?? ???,kept:contains:조작원,high,no,8,contains:조작원,kept from draft; no stronger correction rule
한약사,98,9.8e-05,0.968646,2,??? ? ?? ???,kept:suffix:약사,high,no,2,suffix:약사,kept from draft; no stronger correction rule
도로포장기 및 롤러 운전원,97,9.7e-05,0.968743,8,????? ?? ? ?? ???,kept:contains:운전원,high,no,8,contains:운전원,kept from draft; no stronger correction rule
전동차 정비원,97,9.7e-05,0.96884,7,??? ? ?? ?? ???,kept:contains:정비,high,no,7,contains:정비,kept from draft; no stronger correction rule
치과 전문 의사,97,9.7e-05,0.968937,2,??? ? ?? ???,kept:suffix:의사,high,no,2,suffix:의사,kept from draft; no stronger correction rule
식품공학 시험원,96,9.6e-05,0.969033,2,??? ? ?? ???,v2:시험원,high,yes,other,no_rule,professional/associate professional
문화 관광 및 숲·자연환경 해설사,96,9.6e-05,0.969129,4,??? ???,v2:해설사,medium,yes,other,no_rule,personal/protective service
그 외 조적공 및 석재 부설원,95,9.5e-05,0.969224,7,??? ? ?? ?? ???,v2:부설원,high,yes,other,no_rule,craft/construction/manufacturing skilled
굴착기·착암기 및 채광기 조작원,95,9.5e-05,0.969319,8,????? ?? ? ?? ???,kept:contains:조작원,high,no,8,contains:조작원,kept from draft; no stronger correction rule
"전직 관세행정 사무원, 현재 구직중",95,9.5e-05,0.969414,unemployed,??/?????,kept:contains:구직중,high,no,unemployed,contains:구직중,employment-status bucket is immutable
보험 심사원,95,9.5e-05,0.969509,3,?? ???,v3:보험 심사원,medium,yes,other,no_rule,administrative/clerical
여객차 및 화차 정비원,94,9.4e-05,0.969603,7,??? ? ?? ?? ???,kept:contains:정비,high,no,7,contains:정비,kept from draft; no stronger correction rule
"전직 그 외 돌봄 및 보건 서비스 종사원, 현재 구직중",94,9.4e-05,0.969697,unemployed,??/?????,kept:contains:구직중,high,no,unemployed,contains:구직중,employment-status bucket is immutable
항해사,93,9.3e-05,0.96979,8,????? ?? ? ?? ???,exact:???,medium,yes,other,no_rule,ship/navigation operator
이용사,93,9.3e-05,0.969883,4,??? ???,kept:contains:이용사,high,no,4,contains:이용사,kept from draft; no stronger correction rule
전자공학 시험원,93,9.3e-05,0.969976,2,??? ? ?? ???,v2:시험원,high,yes,other,no_rule,professional/associate professional
압연기 조작원,93,9.3e-05,0.970069,8,????? ?? ? ?? ???,kept:contains:조작원,high,no,8,contains:조작원,kept from draft; no stronger correction rule
"전직 일식 조리사, 현재 구직중",93,9.3e-05,0.970162,unemployed,??/?????,kept:contains:구직중,high,no,unemployed,contains:구직중,employment-status bucket is immutable
그 외 환경공학 관련 시험원,93,9.3e-05,0.970255,2,??? ? ?? ???,v2:시험원,high,yes,other,no_rule,professional/associate professional
피부 관리사,93,9.3e-05,0.970348,4,??? ???,v2:피부,medium,yes,other,no_rule,personal/protective service
"전직 특허 사무원, 현재 구직중",93,9.3e-05,0.970441,unemployed,??/?????,kept:contains:구직중,high,no,unemployed,contains:구직중,employment-status bucket is immutable
증권 사무원,93,9.3e-05,0.970534,3,?? ???,kept:suffix:사무원,high,no,3,suffix:사무원,kept from draft; no stronger correction rule
"전직 상·하수 배관공, 현재 구직중",92,9.2e-05,0.970626,unemployed,??/?????,kept:contains:구직중,high,no,unemployed,contains:구직중,employment-status bucket is immutable
보건 및 복지 교수,92,9.2e-05,0.970718,2,??? ? ?? ???,kept:suffix:교수,high,no,2,suffix:교수,kept from draft; no stronger correction rule
가구 도장기 조작원,92,9.2e-05,0.97081,8,????? ?? ? ?? ???,kept:contains:조작원,high,no,8,contains:조작원,kept from draft; no stronger correction rule
공조기설비 조작원,92,9.2e-05,0.970902,8,????? ?? ? ?? ???,kept:contains:조작원,high,no,8,contains:조작원,kept from draft; no stronger correction rule
멀티미디어 디자이너,92,9.2e-05,0.970994,2,??? ? ?? ???,kept:suffix:디자이너,high,no,2,suffix:디자이너,kept from draft; no stronger correction rule
환경 관련 관리자,91,9.1e-05,0.971085,1,???,kept:contains:관리자,high,no,1,contains:관리자,kept from draft; no stronger correction rule
수날염원,91,9.1e-05,0.971176,7,??? ? ?? ?? ???,v3:날염원,medium,yes,other,no_rule,craft/construction/manufacturing skilled
"전직 바텐더, 현재 구직중",91,9.1e-05,0.971267,unemployed,??/?????,kept:contains:구직중,high,no,unemployed,contains:구직중,employment-status bucket is immutable
"전직 텔레마케터, 현재 구직중",91,9.1e-05,0.971358,unemployed,??/?????,kept:contains:구직중,high,no,unemployed,contains:구직중,employment-status bucket is immutable
철도차량 조립원,91,9.1e-05,0.971449,8,????? ?? ? ?? ???,kept:contains:철도,high,no,8,contains:철도,kept from draft; no stronger correction rule
수질 환경 기술자 및 연구원,90,9e-05,0.971539,2,??? ? ?? ???,kept:suffix:연구원,high,no,2,suffix:연구원,kept from draft; no stronger correction rule
요업·세라믹공학 기술자 및 연구원,89,8.9e-05,0.971628,2,??? ? ?? ???,kept:suffix:연구원,high,no,2,suffix:연구원,kept from draft; no stronger correction rule
방사선사,88,8.8e-05,0.971716,2,??? ? ?? ???,v2:방사선사,high,yes,other,no_rule,professional/associate professional
그 외 식품가공 관련 기계 조작원,88,8.8e-05,0.971804,8,????? ?? ? ?? ???,kept:contains:조작원,high,no,8,contains:조작원,kept from draft; no stronger correction rule
"전직 범용 소프트웨어 프로그래머, 현재 구직중",87,8.7e-05,0.971891,unemployed,??/?????,kept:contains:구직중,high,no,unemployed,contains:구직중,employment-status bucket is immutable
문학작가,87,8.7e-05,0.971978,2,??? ? ?? ???,v2:작가,high,yes,other,no_rule,professional/associate professional
시멘트공학 시험원,87,8.7e-05,0.972065,2,??? ? ?? ???,v2:시험원,high,yes,other,no_rule,professional/associate professional
"전직 인사 및 노무 사무원, 현재 구직중",87,8.7e-05,0.972152,unemployed,??/?????,kept:contains:구직중,high,no,unemployed,contains:구직중,employment-status bucket is immutable
공업기계 조립원,87,8.7e-05,0.972239,8,????? ?? ? ?? ???,kept:contains:조립,high,no,8,contains:조립,kept from draft; no stronger correction rule
석유화학 시험원,86,8.6e-05,0.972325,2,??? ? ?? ???,v2:시험원,high,yes,other,no_rule,professional/associate professional
조경 계획 및 설계 기술자,86,8.6e-05,0.972411,2,??? ? ?? ???,kept:suffix:기술자,high,no,2,suffix:기술자,kept from draft; no stronger correction rule
석 공예원,85,8.5e-05,0.972496,7,??? ? ?? ?? ???,v2:공예원,high,yes,other,no_rule,craft/construction/manufacturing skilled
의료과학 시험원,85,8.5e-05,0.972581,2,??? ? ?? ???,v2:시험원,high,yes,other,no_rule,professional/associate professional
카펫 및 가발 제조원,84,8.4e-05,0.972665,7,??? ? ?? ?? ???,v2:제조원,high,yes,other,no_rule,craft/construction/manufacturing skilled
주방장,84,8.4e-05,0.972749,4,??? ???,kept:contains:주방,high,no,4,contains:주방,kept from draft; no stronger correction rule
선박 배관공,84,8.4e-05,0.972833,8,????? ?? ? ?? ???,kept:contains:선박,high,no,8,contains:선박,kept from draft; no stronger correction rule
"전직 그 외 기획 및 마케팅 사무원, 현재 구직중",84,8.4e-05,0.972917,unemployed,??/?????,kept:contains:구직중,high,no,unemployed,contains:구직중,employment-status bucket is immutable
"전직 강구조물 건립원, 현재 구직중",83,8.3e-05,0.973,unemployed,??/?????,kept:contains:구직중,high,no,unemployed,contains:구직중,employment-status bucket is immutable
수의사 보조원,83,8.3e-05,0.973083,3,?? ???,kept:suffix:보조원,medium,yes,3,suffix:보조원,kept from draft; no stronger correction rule
종이 제조 장치 조작원,83,8.3e-05,0.973166,8,????? ?? ? ?? ???,kept:contains:조작원,high,no,8,contains:조작원,kept from draft; no stronger correction rule
토목안전 기술자,83,8.3e-05,0.973249,2,??? ? ?? ???,kept:suffix:기술자,high,no,2,suffix:기술자,kept from draft; no stronger correction rule
그 외 토목 관련 기술자,83,8.3e-05,0.973332,2,??? ? ?? ???,kept:suffix:기술자,high,no,2,suffix:기술자,kept from draft; no stronger correction rule
그 외 직조기 및 편직기 조작원,83,8.3e-05,0.973415,8,????? ?? ? ?? ???,kept:contains:조작원,high,no,8,contains:조작원,kept from draft; no stronger correction rule
컴퓨터 운영 관리자,83,8.3e-05,0.973498,1,???,kept:contains:관리자,high,no,1,contains:관리자,kept from draft; no stronger correction rule
도시 계획 및 설계가,83,8.3e-05,0.973581,2,??? ? ?? ???,kept:contains:설계,high,no,2,contains:설계,kept from draft; no stronger correction rule
항공기 배관공,83,8.3e-05,0.973664,7,??? ? ?? ?? ???,kept:contains:배관,high,no,7,contains:배관,kept from draft; no stronger correction rule
시추장비 조작원,82,8.2e-05,0.973746,8,????? ?? ? ?? ???,kept:contains:조작원,high,no,8,contains:조작원,kept from draft; no stronger correction rule
대학 행정조교,82,8.2e-05,0.973828,3,?? ???,v3:행정조교,medium,yes,other,no_rule,administrative/clerical
그 외 석유 및 천연가스 제조 관련 제어 장치 조작원,82,8.2e-05,0.97391,8,????? ?? ? ?? ???,kept:contains:조작원,high,no,8,contains:조작원,kept from draft; no stronger correction rule
공동주택 관리자,81,8.1e-05,0.973991,1,???,kept:contains:관리자,high,no,1,contains:관리자,kept from draft; no stronger correction rule
"전직 중식 조리사, 현재 구직중",81,8.1e-05,0.974072,unemployed,??/?????,kept:contains:구직중,high,no,unemployed,contains:구직중,employment-status bucket is immutable
"전직 가사 도우미, 현재 구직중",81,8.1e-05,0.974153,unemployed,??/?????,kept:contains:구직중,high,no,unemployed,contains:구직중,employment-status bucket is immutable
소음 진동 기술자 및 연구원,81,8.1e-05,0.974234,2,??? ? ?? ???,kept:suffix:연구원,high,no,2,suffix:연구원,kept from draft; no stronger correction rule
임상병리사,81,8.1e-05,0.974315,2,??? ? ?? ???,kept:contains:임상,high,no,2,contains:임상,kept from draft; no stronger correction rule
경기 심판,80,8e-05,0.974395,2,??? ? ?? ???,v3:심판,medium,yes,other,no_rule,professional/sports/arts/religion/social guidance
노무사,79,7.9e-05,0.974474,2,??? ? ?? ???,kept:suffix:노무사,high,no,2,suffix:노무사,kept from draft; no stronger correction rule
자동차 조립원,79,7.9e-05,0.974553,8,????? ?? ? ?? ???,kept:contains:조립,high,no,8,contains:조립,kept from draft; no stronger correction rule
증권 중개인,79,7.9e-05,0.974632,5,?? ???,kept:contains:중개인,high,no,5,contains:중개인,kept from draft; no stronger correction rule
축산 및 수의학 연구원,79,7.9e-05,0.974711,2,??? ? ?? ???,kept:suffix:연구원,high,no,2,suffix:연구원,kept from draft; no stronger correction rule
인터넷케이블 설치 및 수리원,78,7.8e-05,0.974789,7,??? ? ?? ?? ???,kept:contains:설치,high,no,7,contains:설치,kept from draft; no stronger correction rule
전기공학 시험원,78,7.8e-05,0.974867,2,??? ? ?? ???,v2:시험원,high,yes,other,no_rule,professional/associate professional
인화지 제조기 조작원,78,7.8e-05,0.974945,8,????? ?? ? ?? ???,kept:contains:조작원,high,no,8,contains:조작원,kept from draft; no stronger correction rule
감독 및 연출가,78,7.8e-05,0.975023,2,??? ? ?? ???,v3:감독,medium,yes,other,no_rule,professional/sports/arts/religion/social guidance
그 외 건설 및 채굴기계 운전원,77,7.7e-05,0.9751,8,????? ?? ? ?? ???,kept:contains:운전원,high,no,8,contains:운전원,kept from draft; no stronger correction rule
조선공학 기술자 및 연구원,77,7.7e-05,0.975177,2,??? ? ?? ???,kept:suffix:연구원,high,no,2,suffix:연구원,kept from draft; no stronger correction rule
반려동물 훈련사,77,7.7e-05,0.975254,4,??? ???,v2:훈련사,medium,yes,other,no_rule,personal/protective service
"전직 수동 포장원, 현재 구직중",77,7.7e-05,0.975331,unemployed,??/?????,kept:contains:구직중,high,no,unemployed,contains:구직중,employment-status bucket is immutable
교육 분야 시간강사,77,7.7e-05,0.975408,2,??? ? ?? ???,kept:suffix:강사,high,no,2,suffix:강사,kept from draft; no stronger correction rule
선박 기관사,77,7.7e-05,0.975485,8,????? ?? ? ?? ???,kept:contains:기관사,high,no,8,contains:기관사,kept from draft; no stronger correction rule
인발기 조작원,77,7.7e-05,0.975562,8,????? ?? ? ?? ???,kept:contains:조작원,high,no,8,contains:조작원,kept from draft; no stronger correction rule
건물 수리원,77,7.7e-05,0.975639,7,??? ? ?? ?? ???,kept:contains:수리,high,no,7,contains:수리,kept from draft; no stronger correction rule
평론가,77,7.7e-05,0.975716,2,??? ? ?? ???,v2:평론가,high,yes,other,no_rule,professional/associate professional
비상 발전기 설치 및 정비원,76,7.6e-05,0.975792,7,??? ? ?? ?? ???,kept:contains:설치,high,no,7,contains:설치,kept from draft; no stronger correction rule
토목구조 설계 기술자,76,7.6e-05,0.975868,2,??? ? ?? ???,kept:suffix:기술자,high,no,2,suffix:기술자,kept from draft; no stronger correction rule
공학·제조 및 건설 분야 시간강사,76,7.6e-05,0.975944,2,??? ? ?? ???,kept:suffix:강사,high,no,2,suffix:강사,kept from draft; no stronger correction rule
철도 기관차 정비원,76,7.6e-05,0.97602,8,????? ?? ? ?? ???,kept:contains:철도,high,no,8,contains:철도,kept from draft; no stronger correction rule
그 외 건축 관련 기술자,76,7.6e-05,0.976096,2,??? ? ?? ???,kept:suffix:기술자,high,no,2,suffix:기술자,kept from draft; no stronger correction rule
"전직 법무 사무원, 현재 구직중",76,7.6e-05,0.976172,unemployed,??/?????,kept:contains:구직중,high,no,unemployed,contains:구직중,employment-status bucket is immutable
약제품 생산기 조작원,75,7.5e-05,0.976247,8,????? ?? ? ?? ???,kept:contains:조작원,high,no,8,contains:조작원,kept from draft; no stronger correction rule
그 외 교육 관련 관리자,75,7.5e-05,0.976322,1,???,kept:contains:관리자,high,no,1,contains:관리자,kept from draft; no stronger correction rule
헤드헌터,75,7.5e-05,0.976397,2,??? ? ?? ???,v3:헤드헌터,medium,yes,other,no_rule,professional/sports/arts/religion/social guidance
통신케이블 설치 및 수리원,75,7.5e-05,0.976472,7,??? ? ?? ?? ???,kept:contains:설치,high,no,7,contains:설치,kept from draft; no stronger correction rule
공군 병사,75,7.5e-05,0.976547,A,??,kept:contains:병사,high,no,A,contains:병사,kept from draft; no stronger correction rule
주형원,74,7.4e-05,0.976621,7,??? ? ?? ?? ???,v2:주형원,high,yes,other,no_rule,craft/construction/manufacturing skilled
"전직 노인 및 장애인 돌봄 서비스 종사원, 현재 구직중",74,7.4e-05,0.976695,unemployed,??/?????,kept:contains:구직중,high,no,unemployed,contains:구직중,employment-status bucket is immutable
그 외 유리 제조 및 가공기 조작원,73,7.3e-05,0.976768,8,????? ?? ? ?? ???,kept:contains:조작원,high,no,8,contains:조작원,kept from draft; no stronger correction rule
"전직 화장품 판매원, 현재 구직중",73,7.3e-05,0.976841,unemployed,??/?????,kept:contains:구직중,high,no,unemployed,contains:구직중,employment-status bucket is immutable
"전직 금형원, 현재 구직중",73,7.3e-05,0.976914,unemployed,??/?????,kept:contains:구직중,high,no,unemployed,contains:구직중,employment-status bucket is immutable
화장품·비누제품 기술자 및 연구원,73,7.3e-05,0.976987,2,??? ? ?? ???,kept:suffix:연구원,high,no,2,suffix:연구원,kept from draft; no stronger correction rule
귀금속 세공원,72,7.2e-05,0.977059,7,??? ? ?? ?? ???,v2:세공원,high,yes,other,no_rule,craft/construction/manufacturing skilled
항공운송 사무원,72,7.2e-05,0.977131,3,?? ???,kept:suffix:사무원,high,no,3,suffix:사무원,kept from draft; no stronger correction rule
"전직 조세행정 사무원, 현재 구직중",72,7.2e-05,0.977203,unemployed,??/?????,kept:contains:구직중,high,no,unemployed,contains:구직중,employment-status bucket is immutable
드릴링기 및 보링기 조작원,72,7.2e-05,0.977275,8,????? ?? ? ?? ???,kept:contains:조작원,high,no,8,contains:조작원,kept from draft; no stronger correction rule
날염기 조작원,71,7.1e-05,0.977346,8,????? ?? ? ?? ???,kept:contains:조작원,high,no,8,contains:조작원,kept from draft; no stronger correction rule
정부행정 전문가,70,7e-05,0.977416,2,??? ? ?? ???,kept:suffix:전문가,high,no,2,suffix:전문가,kept from draft; no stronger correction rule
임학 연구원,69,6.9e-05,0.977485,2,??? ? ?? ???,kept:suffix:연구원,high,no,2,suffix:연구원,kept from draft; no stronger correction rule
수산학 연구원,69,6.9e-05,0.977554,2,??? ? ?? ???,kept:suffix:연구원,high,no,2,suffix:연구원,kept from draft; no stronger correction rule
전자 및 정밀 기구 조립원,69,6.9e-05,0.977623,8,????? ?? ? ?? ???,kept:contains:조립,high,no,8,contains:조립,kept from draft; no stronger correction rule
"전직 운송장비 청소원, 현재 구직중",69,6.9e-05,0.977692,unemployed,??/?????,kept:contains:구직중,high,no,unemployed,contains:구직중,employment-status bucket is immutable
제책 및 재단용 기계 조작원,68,6.8e-05,0.97776,8,????? ?? ? ?? ???,kept:contains:조작원,high,no,8,contains:조작원,kept from draft; no stronger correction rule
요업 및 세라믹 공학 시험원,68,6.8e-05,0.977828,2,??? ? ?? ???,v2:시험원,high,yes,other,no_rule,professional/associate professional
화장품 및 비누제품 시험원,68,6.8e-05,0.977896,2,??? ? ?? ???,v2:시험원,high,yes,other,no_rule,professional/associate professional
"전직 그 외 조리사, 현재 구직중",68,6.8e-05,0.977964,unemployed,??/?????,kept:contains:구직중,high,no,unemployed,contains:구직중,employment-status bucket is immutable
건강식품 가공기 조작원,68,6.8e-05,0.978032,8,????? ?? ? ?? ???,kept:contains:조작원,high,no,8,contains:조작원,kept from draft; no stronger correction rule
목 공예원,68,6.8e-05,0.9781,7,??? ? ?? ?? ???,v2:공예원,high,yes,other,no_rule,craft/construction/manufacturing skilled
한복 제조원,67,6.7e-05,0.978167,7,??? ? ?? ?? ???,v2:제조원,high,yes,other,no_rule,craft/construction/manufacturing skilled
가스 관련 관리자,67,6.7e-05,0.978234,1,???,kept:contains:관리자,high,no,1,contains:관리자,kept from draft; no stronger correction rule
어업 시험원,67,6.7e-05,0.978301,6,????? ?? ???,kept:contains:어업,medium,yes,6,contains:어업,kept from draft; no stronger correction rule
"전직 대형 화물차 운전원, 현재 구직중",66,6.6e-05,0.978367,unemployed,??/?????,kept:contains:구직중,high,no,unemployed,contains:구직중,employment-status bucket is immutable
크레인 설치 및 정비원,66,6.6e-05,0.978433,8,????? ?? ? ?? ???,kept:contains:크레인,high,no,8,contains:크레인,kept from draft; no stronger correction rule
"전직 우편집배원, 현재 구직중",66,6.6e-05,0.978499,unemployed,??/?????,kept:contains:구직중,high,no,unemployed,contains:구직중,employment-status bucket is immutable
그 외 선박 관련 승무원,66,6.6e-05,0.978565,4,??? ???,kept:contains:승무원,high,no,4,contains:승무원,kept from draft; no stronger correction rule
손해 사정사,65,6.5e-05,0.97863,2,??? ? ?? ???,v2:손해 사정사,high,yes,other,no_rule,professional/associate professional
웹 디자이너,65,6.5e-05,0.978695,2,??? ? ?? ???,kept:suffix:디자이너,high,no,2,suffix:디자이너,kept from draft; no stronger correction rule
도로정지기 운전원,65,6.5e-05,0.97876,8,????? ?? ? ?? ???,kept:contains:운전원,high,no,8,contains:운전원,kept from draft; no stronger correction rule
그 외 점토제품 생산기 조작원,64,6.4e-05,0.978824,8,????? ?? ? ?? ???,kept:contains:조작원,high,no,8,contains:조작원,kept from draft; no stronger correction rule
공학 연구 관리자,64,6.4e-05,0.978888,1,???,kept:contains:관리자,high,no,1,contains:관리자,kept from draft; no stronger correction rule
수질 환경 시험원,64,6.4e-05,0.978952,2,??? ? ?? ???,v2:시험원,high,yes,other,no_rule,professional/associate professional
방송케이블 설치 및 수리원,64,6.4e-05,0.979016,7,??? ? ?? ?? ???,kept:contains:설치,high,no,7,contains:설치,kept from draft; no stronger correction rule
그 외 자산 운용가,63,6.3e-05,0.979079,2,??? ? ?? ???,v3:자산 운용가,medium,yes,other,no_rule,professional/sports/arts/religion/social guidance
방송 안내원,63,6.3e-05,0.979142,4,??? ???,kept:contains:안내원,high,no,4,contains:안내원,kept from draft; no stronger correction rule
오프셋인쇄기 조작원,63,6.3e-05,0.979205,8,????? ?? ? ?? ???,kept:contains:조작원,high,no,8,contains:조작원,kept from draft; no stronger correction rule
"전직 택배원, 현재 구직중",63,6.3e-05,0.979268,unemployed,??/?????,kept:contains:구직중,high,no,unemployed,contains:구직중,employment-status bucket is immutable
"전직 정보 시스템 운영자, 현재 구직중",63,6.3e-05,0.979331,unemployed,??/?????,kept:contains:구직중,high,no,unemployed,contains:구직중,employment-status bucket is immutable
"전직 광고 전문가, 현재 구직중",62,6.2e-05,0.979393,unemployed,??/?????,kept:contains:구직중,high,no,unemployed,contains:구직중,employment-status bucket is immutable
하수 처리 장치 조작원,62,6.2e-05,0.979455,8,????? ?? ? ?? ???,kept:contains:조작원,high,no,8,contains:조작원,kept from draft; no stronger correction rule
"전직 데이터 분석가, 현재 구직중",62,6.2e-05,0.979517,unemployed,??/?????,kept:contains:구직중,high,no,unemployed,contains:구직중,employment-status bucket is immutable
생물학 시험원,62,6.2e-05,0.979579,2,??? ? ?? ???,v2:시험원,high,yes,other,no_rule,professional/associate professional
양장 제조원,62,6.2e-05,0.979641,7,??? ? ?? ?? ???,v2:제조원,high,yes,other,no_rule,craft/construction/manufacturing skilled
"전직 보육 관련 시설 서비스 종사원, 현재 구직중",61,6.1e-05,0.979702,unemployed,??/?????,kept:contains:구직중,high,no,unemployed,contains:구직중,employment-status bucket is immutable
그 외 표백 및 염색 관련 기계 조작원,61,6.1e-05,0.979763,8,????? ?? ? ?? ???,kept:contains:조작원,high,no,8,contains:조작원,kept from draft; no stronger correction rule
그 외 종이제품 생산기 조작원,61,6.1e-05,0.979824,8,????? ?? ? ?? ???,kept:contains:조작원,high,no,8,contains:조작원,kept from draft; no stronger correction rule
농업용 기계 설치 및 정비원,61,6.1e-05,0.979885,6,????? ?? ???,kept:contains:농업,high,no,6,contains:농업,kept from draft; no stronger correction rule
"전직 매장 정리원, 현재 구직중",60,6e-05,0.979945,unemployed,??/?????,kept:contains:구직중,high,no,unemployed,contains:구직중,employment-status bucket is immutable
"전직 예약 및 접수 사무원, 현재 구직중",60,6e-05,0.980005,unemployed,??/?????,kept:contains:구직중,high,no,unemployed,contains:구직중,employment-status bucket is immutable
출판물 기획자,60,6e-05,0.980065,2,??? ? ?? ???,kept:suffix:기획자,high,no,2,suffix:기획자,kept from draft; no stronger correction rule
필름 생산기 조작원,60,6e-05,0.980125,8,????? ?? ? ?? ???,kept:contains:조작원,high,no,8,contains:조작원,kept from draft; no stronger correction rule
행사 전시 기획자,60,6e-05,0.980185,2,??? ? ?? ???,kept:suffix:기획자,high,no,2,suffix:기획자,kept from draft; no stronger correction rule
메이크업 아티스트,60,6e-05,0.980245,4,??? ???,v2:메이크업,medium,yes,other,no_rule,personal/protective service
투자 및 증권 분석가,59,5.9e-05,0.980304,2,??? ? ?? ???,kept:contains:분석가,high,no,2,contains:분석가,kept from draft; no stronger correction rule
건설기계 조립원,59,5.9e-05,0.980363,8,????? ?? ? ?? ???,kept:contains:조립,high,no,8,contains:조립,kept from draft; no stronger correction rule
섬유기계 설치 및 정비원,59,5.9e-05,0.980422,7,??? ? ?? ?? ???,kept:contains:설치,high,no,7,contains:설치,kept from draft; no stronger correction rule
전자 제품 기계 설치 및 정비원,59,5.9e-05,0.980481,7,??? ? ?? ?? ???,kept:contains:설치,high,no,7,contains:설치,kept from draft; no stronger correction rule
책 디자이너,59,5.9e-05,0.98054,2,??? ? ?? ???,kept:suffix:디자이너,high,no,2,suffix:디자이너,kept from draft; no stronger correction rule
액세서리 디자이너,59,5.9e-05,0.980599,2,??? ? ?? ???,kept:suffix:디자이너,high,no,2,suffix:디자이너,kept from draft; no stronger correction rule
예술 및 인문학 시간강사,59,5.9e-05,0.980658,2,??? ? ?? ???,kept:suffix:강사,high,no,2,suffix:강사,kept from draft; no stronger correction rule
신부,59,5.9e-05,0.980717,2,??? ? ?? ???,exact:???,medium,yes,other,no_rule,religious professional
임상심리사,59,5.9e-05,0.980776,2,??? ? ?? ???,kept:contains:임상,high,no,2,contains:임상,kept from draft; no stronger correction rule
"전직 119 구조대원, 현재 구직중",58,5.8e-05,0.980834,unemployed,??/?????,kept:contains:구직중,high,no,unemployed,contains:구직중,employment-status bucket is immutable
경기 기록원,58,5.8e-05,0.980892,3,?? ???,v3:기록원,medium,yes,other,no_rule,administrative/clerical
자재 및 구매 관리자,58,5.8e-05,0.98095,1,???,kept:contains:관리자,high,no,1,contains:관리자,kept from draft; no stronger correction rule
그 외 식문화 관련 전문가,58,5.8e-05,0.981008,2,??? ? ?? ???,kept:suffix:전문가,high,no,2,suffix:전문가,kept from draft; no stronger correction rule
"전직 용접기 조작원, 현재 구직중",58,5.8e-05,0.981066,unemployed,??/?????,kept:contains:구직중,high,no,unemployed,contains:구직중,employment-status bucket is immutable
조명 기구 설치 및 수리원,57,5.7e-05,0.981123,7,??? ? ?? ?? ???,kept:contains:설치,high,no,7,contains:설치,kept from draft; no stronger correction rule
자동차 섀시 정비원,57,5.7e-05,0.98118,7,??? ? ?? ?? ???,kept:contains:정비,high,no,7,contains:정비,kept from draft; no stronger correction rule
점화·발파 및 화약 관리원,57,5.7e-05,0.981237,2,??? ? ?? ???,kept:suffix:관리원,medium,yes,2,suffix:관리원,kept from draft; no stronger correction rule
"전직 검표원, 현재 구직중",57,5.7e-05,0.981294,unemployed,??/?????,kept:contains:구직중,high,no,unemployed,contains:구직중,employment-status bucket is immutable
"전직 주차 관리원, 현재 구직중",57,5.7e-05,0.981351,unemployed,??/?????,kept:contains:구직중,high,no,unemployed,contains:구직중,employment-status bucket is immutable
악기 제조 및 수리원,56,5.6e-05,0.981407,7,??? ? ?? ?? ???,kept:contains:수리,high,no,7,contains:수리,kept from draft; no stronger correction rule
작업치료사,56,5.6e-05,0.981463,2,??? ? ?? ???,kept:contains:치료사,high,no,2,contains:치료사,kept from draft; no stronger correction rule
종이상자 및 봉투 제조기 조작원,56,5.6e-05,0.981519,8,????? ?? ? ?? ???,kept:contains:조작원,high,no,8,contains:조작원,kept from draft; no stronger correction rule
"전직 육군 부사관, 현재 구직중",56,5.6e-05,0.981575,unemployed,??/?????,kept:contains:구직중,high,no,unemployed,contains:구직중,employment-status bucket is immutable
음식 서비스 관련 관리자,56,5.6e-05,0.981631,1,???,kept:contains:관리자,medium,yes,1,contains:관리자,kept from draft; no stronger correction rule
항공기 전기 설치원,56,5.6e-05,0.981687,7,??? ? ?? ?? ???,kept:contains:설치,high,no,7,contains:설치,kept from draft; no stronger correction rule
그 외 통신공학 기술자 및 연구원,55,5.5e-05,0.981742,2,??? ? ?? ???,kept:suffix:연구원,high,no,2,suffix:연구원,kept from draft; no stronger correction rule
광학기구 수리원,55,5.5e-05,0.981797,7,??? ? ?? ?? ???,kept:contains:수리,high,no,7,contains:수리,kept from draft; no stronger correction rule
그 외 숙박시설 서비스원,55,5.5e-05,0.981852,4,??? ???,kept:contains:서비스,medium,yes,4,contains:서비스,kept from draft; no stronger correction rule
가구 디자이너,55,5.5e-05,0.981907,2,??? ? ?? ???,kept:suffix:디자이너,high,no,2,suffix:디자이너,kept from draft; no stronger correction rule
단조기 조작원,55,5.5e-05,0.981962,8,????? ?? ? ?? ???,kept:contains:조작원,high,no,8,contains:조작원,kept from draft; no stronger correction rule
그 외 자연과학 시험원,55,5.5e-05,0.982017,2,??? ? ?? ???,v2:시험원,high,yes,other,no_rule,professional/associate professional
그 외 시멘트 및 광물제품 제조기 조작원,55,5.5e-05,0.982072,8,????? ?? ? ?? ???,kept:contains:조작원,high,no,8,contains:조작원,kept from draft; no stronger correction rule
전문 한의사,55,5.5e-05,0.982127,2,??? ? ?? ???,kept:suffix:의사,high,no,2,suffix:의사,kept from draft; no stronger correction rule
그 외 수제 식품 제조 종사원,54,5.4e-05,0.982181,7,??? ? ?? ?? ???,v2:제조 종사원,high,yes,other,no_rule,craft/construction/manufacturing skilled
"전직 철도 기관사, 현재 구직중",54,5.4e-05,0.982235,unemployed,??/?????,kept:contains:구직중,high,no,unemployed,contains:구직중,employment-status bucket is immutable
유리 제조 및 제품 가공기 조작원,54,5.4e-05,0.982289,8,????? ?? ? ?? ???,kept:contains:조작원,high,no,8,contains:조작원,kept from draft; no stronger correction rule
학예사,54,5.4e-05,0.982343,2,??? ? ?? ???,v2:학예사,high,yes,other,no_rule,professional/associate professional
그 외 비금속제품 관련 생산기 조작원,54,5.4e-05,0.982397,8,????? ?? ? ?? ???,kept:contains:조작원,high,no,8,contains:조작원,kept from draft; no stronger correction rule
신발 및 구두 재단사,54,5.4e-05,0.982451,7,??? ? ?? ?? ???,v2:재단사,high,yes,other,no_rule,craft/construction/manufacturing skilled
공작기계 조립원,54,5.4e-05,0.982505,8,????? ?? ? ?? ???,kept:contains:조립,high,no,8,contains:조립,kept from draft; no stronger correction rule
금속용해로 및 금속가열로 조작원,53,5.3e-05,0.982558,8,????? ?? ? ?? ???,kept:contains:조작원,high,no,8,contains:조작원,kept from draft; no stronger correction rule
"전직 공공행정 사무원, 현재 구직중",53,5.3e-05,0.982611,unemployed,??/?????,kept:contains:구직중,high,no,unemployed,contains:구직중,employment-status bucket is immutable
그 외 채굴 및 토목 관련 종사원,52,5.2e-05,0.982663,7,??? ? ?? ?? ???,kept:contains:토목,high,no,7,contains:토목,kept from draft; no stronger correction rule
"전직 판금원, 현재 구직중",52,5.2e-05,0.982715,unemployed,??/?????,kept:contains:구직중,high,no,unemployed,contains:구직중,employment-status bucket is immutable
노래방 서비스원,52,5.2e-05,0.982767,4,??? ???,kept:contains:서비스,medium,yes,4,contains:서비스,kept from draft; no stronger correction rule
선박부원,52,5.2e-05,0.982819,8,????? ?? ? ?? ???,kept:contains:선박,high,no,8,contains:선박,kept from draft; no stronger correction rule
임업 단순 종사원,52,5.2e-05,0.982871,6,????? ?? ???,kept:contains:임업,medium,yes,6,contains:임업,kept from draft; no stronger correction rule
그 외 생명과학 연구원,52,5.2e-05,0.982923,2,??? ? ?? ???,kept:suffix:연구원,high,no,2,suffix:연구원,kept from draft; no stronger correction rule
목재처리기 조작원,52,5.2e-05,0.982975,8,????? ?? ? ?? ???,kept:contains:조작원,high,no,8,contains:조작원,kept from draft; no stronger correction rule
경비 관련 관리자,52,5.2e-05,0.983027,1,???,kept:contains:관리자,medium,yes,1,contains:관리자,kept from draft; no stronger correction rule
"전직 그 외 기계 조작원, 현재 구직중",51,5.1e-05,0.983078,unemployed,??/?????,kept:contains:구직중,high,no,unemployed,contains:구직중,employment-status bucket is immutable
비행기 정비원,51,5.1e-05,0.983129,7,??? ? ?? ?? ???,kept:contains:정비,high,no,7,contains:정비,kept from draft; no stronger correction rule
어패류가공 기계 조작원,51,5.1e-05,0.98318,8,????? ?? ? ?? ???,kept:contains:조작원,high,no,8,contains:조작원,kept from draft; no stronger correction rule
판지 라이닝기 조작원,51,5.1e-05,0.983231,8,????? ?? ? ?? ???,kept:contains:조작원,high,no,8,contains:조작원,kept from draft; no stronger correction rule
커피 및 차류 제조기 조작원,51,5.1e-05,0.983282,8,????? ?? ? ?? ???,kept:contains:조작원,high,no,8,contains:조작원,kept from draft; no stronger correction rule
"전직 그 외 철도 및 전동차 기관사, 현재 구직중",51,5.1e-05,0.983333,unemployed,??/?????,kept:contains:구직중,high,no,unemployed,contains:구직중,employment-status bucket is immutable
낙농품가공 기계 조작원,51,5.1e-05,0.983384,8,????? ?? ? ?? ???,kept:contains:조작원,high,no,8,contains:조작원,kept from draft; no stronger correction rule
"전직 산업용로봇 조작원, 현재 구직중",50,5e-05,0.983434,unemployed,??/?????,kept:contains:구직중,high,no,unemployed,contains:구직중,employment-status bucket is immutable
"전직 냉난방·공조공학 기술자 및 연구원, 현재 구직중",50,5e-05,0.983484,unemployed,??/?????,kept:contains:구직중,high,no,unemployed,contains:구직중,employment-status bucket is immutable
선박 조립원,50,5e-05,0.983534,8,????? ?? ? ?? ???,kept:contains:선박,high,no,8,contains:선박,kept from draft; no stronger correction rule
음향 및 녹음 기사,50,5e-05,0.983584,2,??? ? ?? ???,kept:suffix:기사,high,no,2,suffix:기사,kept from draft; no stronger correction rule
섬유 및 펠트 관련 선별원,50,5e-05,0.983634,9,???? ???,v2:선별원,high,yes,other,no_rule,simple/manual labor
"전직 요양 보호사, 현재 구직중",50,5e-05,0.983684,unemployed,??/?????,kept:contains:구직중,high,no,unemployed,contains:구직중,employment-status bucket is immutable
"전직 그 외 택배원, 현재 구직중",50,5e-05,0.983734,unemployed,??/?????,kept:contains:구직중,high,no,unemployed,contains:구직중,employment-status bucket is immutable
"전직 그 외 전기·전자기기 설치 및 수리원, 현재 구직중",49,4.9e-05,0.983783,unemployed,??/?????,kept:contains:구직중,high,no,unemployed,contains:구직중,employment-status bucket is immutable
"전직 전기 감리 기술자 및 연구원, 현재 구직중",49,4.9e-05,0.983832,unemployed,??/?????,kept:contains:구직중,high,no,unemployed,contains:구직중,employment-status bucket is immutable
해병대 병사,49,4.9e-05,0.983881,A,??,kept:contains:병사,high,no,A,contains:병사,kept from draft; no stronger correction rule
지휘자,49,4.9e-05,0.98393,2,??? ? ?? ???,v3:지휘자,medium,yes,other,no_rule,professional/sports/arts/religion/social guidance
승려,49,4.9e-05,0.983979,2,??? ? ?? ???,exact:???,medium,yes,other,no_rule,religious professional
합판생산기 조작원,49,4.9e-05,0.984028,8,????? ?? ? ?? ???,kept:contains:조작원,high,no,8,contains:조작원,kept from draft; no stronger correction rule
그 외 경영 및 진단 전문가,48,4.8e-05,0.984076,2,??? ? ?? ???,kept:suffix:전문가,high,no,2,suffix:전문가,kept from draft; no stronger correction rule
대학 교육 조교,48,4.8e-05,0.984124,2,??? ? ?? ???,v3fix:arts/media/education professional,medium,yes,other,no_rule,manual cleanup of low-confidence fallback
전자 및 통신장비 기술 영업원,48,4.8e-05,0.984172,5,?? ???,kept:contains:영업,high,no,5,contains:영업,kept from draft; no stronger correction rule
레크리에이션 전문가,48,4.8e-05,0.98422,2,??? ? ?? ???,kept:suffix:전문가,high,no,2,suffix:전문가,kept from draft; no stronger correction rule
과실 및 채소 가공 관련 기계 조작원,48,4.8e-05,0.984268,8,????? ?? ? ?? ???,kept:contains:조작원,high,no,8,contains:조작원,kept from draft; no stronger correction rule
소방 관리자,48,4.8e-05,0.984316,1,???,kept:contains:관리자,high,no,1,contains:관리자,kept from draft; no stronger correction rule
고무 및 플라스틱 시험원,48,4.8e-05,0.984364,2,??? ? ?? ???,v2:시험원,high,yes,other,no_rule,professional/associate professional
"전직 철도교통 관제사, 현재 구직중",48,4.8e-05,0.984412,unemployed,??/?????,kept:contains:구직중,high,no,unemployed,contains:구직중,employment-status bucket is immutable
"전직 변호사, 현재 구직중",48,4.8e-05,0.98446,unemployed,??/?????,kept:contains:구직중,high,no,unemployed,contains:구직중,employment-status bucket is immutable
"전직 그 외 제조 관련 단순 종사원, 현재 구직중",48,4.8e-05,0.984508,unemployed,??/?????,kept:contains:구직중,high,no,unemployed,contains:구직중,employment-status bucket is immutable
스포츠 코치,48,4.8e-05,0.984556,2,??? ? ?? ???,v3:코치,medium,yes,other,no_rule,professional/sports/arts/religion/social guidance
등대원,48,4.8e-05,0.984604,4,??? ???,v3:등대원,medium,yes,other,no_rule,service/care/monitoring/rental
기록물 관리사,47,4.7e-05,0.984651,3,?? ???,v3:기록물 관리사,medium,yes,other,no_rule,administrative/clerical
"전직 방문 고객 상담원, 현재 구직중",47,4.7e-05,0.984698,unemployed,??/?????,kept:contains:구직중,high,no,unemployed,contains:구직중,employment-status bucket is immutable
"전직 매장 계산원, 현재 구직중",47,4.7e-05,0.984745,unemployed,??/?????,kept:contains:구직중,high,no,unemployed,contains:구직중,employment-status bucket is immutable
소년원 학교 교사,47,4.7e-05,0.984792,2,??? ? ?? ???,kept:suffix:교사,high,no,2,suffix:교사,kept from draft; no stronger correction rule
"전직 해외 영업원, 현재 구직중",47,4.7e-05,0.984839,unemployed,??/?????,kept:contains:구직중,high,no,unemployed,contains:구직중,employment-status bucket is immutable
"전직 치과위생사, 현재 구직중",47,4.7e-05,0.984886,unemployed,??/?????,kept:contains:구직중,high,no,unemployed,contains:구직중,employment-status bucket is immutable
"전직 육군 장교, 현재 구직중",47,4.7e-05,0.984933,unemployed,??/?????,kept:contains:구직중,high,no,unemployed,contains:구직중,employment-status bucket is immutable
그 외 배관공,47,4.7e-05,0.98498,7,??? ? ?? ?? ???,kept:contains:배관,high,no,7,contains:배관,kept from draft; no stronger correction rule
"전직 농수산물 중개인 및 경매사, 현재 구직중",47,4.7e-05,0.985027,unemployed,??/?????,kept:contains:구직중,high,no,unemployed,contains:구직중,employment-status bucket is immutable
지도 제작 기술자,47,4.7e-05,0.985074,2,??? ? ?? ???,kept:suffix:기술자,high,no,2,suffix:기술자,kept from draft; no stronger correction rule
조경 관련 관리자,47,4.7e-05,0.985121,1,???,kept:contains:관리자,high,no,1,contains:관리자,kept from draft; no stronger correction rule
"전직 공공행정 전문가, 현재 구직중",46,4.6e-05,0.985167,unemployed,??/?????,kept:contains:구직중,high,no,unemployed,contains:구직중,employment-status bucket is immutable
그 외 금속가공 관련 제어 장치 조작원,46,4.6e-05,0.985213,8,????? ?? ? ?? ???,kept:contains:조작원,high,no,8,contains:조작원,kept from draft; no stronger correction rule
"전직 통신장비 기사, 현재 구직중",46,4.6e-05,0.985259,unemployed,??/?????,kept:contains:구직중,high,no,unemployed,contains:구직중,employment-status bucket is immutable
해상운송 관련 관리자,46,4.6e-05,0.985305,1,???,kept:contains:관리자,high,no,1,contains:관리자,kept from draft; no stronger correction rule
그 외 외선 전기원,46,4.6e-05,0.985351,7,??? ? ?? ?? ???,v2:전기원,high,yes,other,no_rule,craft/construction/manufacturing skilled
보석 세공원,45,4.5e-05,0.985396,7,??? ? ?? ?? ???,v2:세공원,high,yes,other,no_rule,craft/construction/manufacturing skilled
보험 상품 개발자,45,4.5e-05,0.985441,2,??? ? ?? ???,kept:contains:개발,high,no,2,contains:개발,kept from draft; no stronger correction rule
"전직 사회복지사, 현재 구직중",45,4.5e-05,0.985486,unemployed,??/?????,kept:contains:구직중,high,no,unemployed,contains:구직중,employment-status bucket is immutable
"전직 그 외 제품 디자이너, 현재 구직중",45,4.5e-05,0.985531,unemployed,??/?????,kept:contains:구직중,high,no,unemployed,contains:구직중,employment-status bucket is immutable
만화영화 작가,45,4.5e-05,0.985576,2,??? ? ?? ???,v2:작가,high,yes,other,no_rule,professional/associate professional
수도 관련 관리자,44,4.4e-05,0.98562,1,???,kept:contains:관리자,high,no,1,contains:관리자,kept from draft; no stronger correction rule
농업기계 조립원,44,4.4e-05,0.985664,6,????? ?? ???,kept:contains:농업,high,no,6,contains:농업,kept from draft; no stronger correction rule
그 외 언론 관련 전문가,44,4.4e-05,0.985708,2,??? ? ?? ???,kept:suffix:전문가,high,no,2,suffix:전문가,kept from draft; no stronger correction rule
광석 및 금속용광로 조작원,44,4.4e-05,0.985752,8,????? ?? ? ?? ???,kept:contains:조작원,high,no,8,contains:조작원,kept from draft; no stronger correction rule
그 외 재활용 처리 및 소각로 조작원,44,4.4e-05,0.985796,8,????? ?? ? ?? ???,kept:contains:조작원,high,no,8,contains:조작원,kept from draft; no stronger correction rule
"전직 위험 관리원, 현재 구직중",44,4.4e-05,0.98584,unemployed,??/?????,kept:contains:구직중,high,no,unemployed,contains:구직중,employment-status bucket is immutable
신용 분석가,44,4.4e-05,0.985884,2,??? ? ?? ???,kept:contains:분석가,high,no,2,contains:분석가,kept from draft; no stronger correction rule
선장,44,4.4e-05,0.985928,8,????? ?? ? ?? ???,v3:선장,medium,yes,other,no_rule,ship operator/captain
문화재 보존원,44,4.4e-05,0.985972,2,??? ? ?? ???,v3:보존원,medium,yes,other,no_rule,professional/sports/arts/religion/social guidance
무대의상 관리원,43,4.3e-05,0.986015,2,??? ? ?? ???,kept:suffix:관리원,medium,yes,2,suffix:관리원,kept from draft; no stronger correction rule
전도사,43,4.3e-05,0.986058,2,??? ? ?? ???,v3:전도사,medium,yes,other,no_rule,professional/sports/arts/religion/social guidance
선박 정비원,43,4.3e-05,0.986101,8,????? ?? ? ?? ???,kept:contains:선박,high,no,8,contains:선박,kept from draft; no stronger correction rule
고속철 기관차 정비원,43,4.3e-05,0.986144,7,??? ? ?? ?? ???,kept:contains:정비,high,no,7,contains:정비,kept from draft; no stronger correction rule
디지털인쇄기 조작원,43,4.3e-05,0.986187,8,????? ?? ? ?? ???,kept:contains:조작원,high,no,8,contains:조작원,kept from draft; no stronger correction rule
"전직 농업 단순 종사원, 현재 구직중",43,4.3e-05,0.98623,unemployed,??/?????,kept:contains:구직중,high,no,unemployed,contains:구직중,employment-status bucket is immutable
"전직 자동 조립라인 조작원, 현재 구직중",43,4.3e-05,0.986273,unemployed,??/?????,kept:contains:구직중,high,no,unemployed,contains:구직중,employment-status bucket is immutable
외환 딜러,43,4.3e-05,0.986316,2,??? ? ?? ???,v3:외환 딜러,medium,yes,other,no_rule,professional/sports/arts/religion/social guidance
여행 상품 개발자,42,4.2e-05,0.986358,2,??? ? ?? ???,kept:contains:개발,high,no,2,contains:개발,kept from draft; no stronger correction rule
"전직 그 외 음식 서비스 종사원, 현재 구직중",42,4.2e-05,0.9864,unemployed,??/?????,kept:contains:구직중,high,no,unemployed,contains:구직중,employment-status bucket is immutable
체형 관리사,42,4.2e-05,0.986442,4,??? ???,v2:체형 관리,medium,yes,other,no_rule,personal/protective service
통신 관리자,42,4.2e-05,0.986484,1,???,kept:contains:관리자,high,no,1,contains:관리자,kept from draft; no stronger correction rule
"전직 영업 관련 관리자, 현재 구직중",42,4.2e-05,0.986526,unemployed,??/?????,kept:contains:구직중,high,no,unemployed,contains:구직중,employment-status bucket is immutable
식품 생산 관리자,42,4.2e-05,0.986568,1,???,kept:contains:관리자,high,no,1,contains:관리자,kept from draft; no stronger correction rule
과수작물 재배원,41,4.1e-05,0.986609,6,????? ?? ???,v3:재배원,medium,yes,other,no_rule,agriculture/livestock skilled
"전직 전동차 기관사, 현재 구직중",41,4.1e-05,0.98665,unemployed,??/?????,kept:contains:구직중,high,no,unemployed,contains:구직중,employment-status bucket is immutable
"전직 냉난방기 관련 설비 조작원, 현재 구직중",41,4.1e-05,0.986691,unemployed,??/?????,kept:contains:구직중,high,no,unemployed,contains:구직중,employment-status bucket is immutable
"전직 그 외 전기공학 기술자 및 연구원, 현재 구직중",41,4.1e-05,0.986732,unemployed,??/?????,kept:contains:구직중,high,no,unemployed,contains:구직중,employment-status bucket is immutable
"전직 철로 설치원, 현재 구직중",41,4.1e-05,0.986773,unemployed,??/?????,kept:contains:구직중,high,no,unemployed,contains:구직중,employment-status bucket is immutable
오락 및 스포츠용품 대여원,41,4.1e-05,0.986814,4,??? ???,v3:대여원,medium,yes,other,no_rule,service/care/monitoring/rental
해군 병사,41,4.1e-05,0.986855,A,??,kept:contains:병사,high,no,A,contains:병사,kept from draft; no stronger correction rule
체육 및 그 외 분야 시간강사,40,4e-05,0.986895,2,??? ? ?? ???,kept:suffix:강사,high,no,2,suffix:강사,kept from draft; no stronger correction rule
무역 관련 관리자,40,4e-05,0.986935,1,???,kept:contains:관리자,high,no,1,contains:관리자,kept from draft; no stronger correction rule
그 외 공예원,40,4e-05,0.986975,7,??? ? ?? ?? ???,v2:공예원,high,yes,other,no_rule,craft/construction/manufacturing skilled
"전직 데이터 관리 및 운영자, 현재 구직중",40,4e-05,0.987015,unemployed,??/?????,kept:contains:구직중,high,no,unemployed,contains:구직중,employment-status bucket is immutable
"전직 중형 화물차 운전원, 현재 구직중",40,4e-05,0.987055,unemployed,??/?????,kept:contains:구직중,high,no,unemployed,contains:구직중,employment-status bucket is immutable
"전직 부동산 감정 전문가, 현재 구직중",40,4e-05,0.987095,unemployed,??/?????,kept:contains:구직중,high,no,unemployed,contains:구직중,employment-status bucket is immutable
정수 처리 장치 조작원,40,4e-05,0.987135,8,????? ?? ? ?? ???,kept:contains:조작원,high,no,8,contains:조작원,kept from draft; no stronger correction rule
"전직 플랜트공학 기술자 및 연구원, 현재 구직중",40,4e-05,0.987175,unemployed,??/?????,kept:contains:구직중,high,no,unemployed,contains:구직중,employment-status bucket is immutable
부동산 및 임대업 관리자,40,4e-05,0.987215,1,???,kept:contains:관리자,high,no,1,contains:관리자,kept from draft; no stronger correction rule
"전직 전자제품 개발 기술자 및 연구원, 현재 구직중",40,4e-05,0.987255,unemployed,??/?????,kept:contains:구직중,high,no,unemployed,contains:구직중,employment-status bucket is immutable
"전직 양식 조리사, 현재 구직중",39,3.9e-05,0.987294,unemployed,??/?????,kept:contains:구직중,high,no,unemployed,contains:구직중,employment-status bucket is immutable
"전직 고속철 기관사, 현재 구직중",39,3.9e-05,0.987333,unemployed,??/?????,kept:contains:구직중,high,no,unemployed,contains:구직중,employment-status bucket is immutable
경인쇄기 조작원,39,3.9e-05,0.987372,8,????? ?? ? ?? ???,kept:contains:조작원,high,no,8,contains:조작원,kept from draft; no stronger correction rule
"전직 가스 배관공, 현재 구직중",39,3.9e-05,0.987411,unemployed,??/?????,kept:contains:구직중,high,no,unemployed,contains:구직중,employment-status bucket is immutable
수력발전장치 운전원,39,3.9e-05,0.98745,8,????? ?? ? ?? ???,kept:contains:운전원,high,no,8,contains:운전원,kept from draft; no stronger correction rule
폐기물 처리 시험원,39,3.9e-05,0.987489,2,??? ? ?? ???,v2:시험원,high,yes,other,no_rule,professional/associate professional
제재기 조작원,39,3.9e-05,0.987528,8,????? ?? ? ?? ???,kept:contains:조작원,high,no,8,contains:조작원,kept from draft; no stronger correction rule
콘크리트 믹서 트럭 운전원,39,3.9e-05,0.987567,8,????? ?? ? ?? ???,kept:contains:운전원,high,no,8,contains:운전원,kept from draft; no stronger correction rule
목사,39,3.9e-05,0.987606,2,??? ? ?? ???,v3:목사,medium,yes,other,no_rule,professional/sports/arts/religion/social guidance
그 외 종교 관련 종사원,38,3.8e-05,0.987644,2,??? ? ?? ???,v3:종교,medium,yes,other,no_rule,professional/sports/arts/religion/social guidance
민속신앙 관련 종사원,38,3.8e-05,0.987682,2,??? ? ?? ???,v3:민속신앙,medium,yes,other,no_rule,professional/sports/arts/religion/social guidance
펌프 장치 조작원,38,3.8e-05,0.98772,8,????? ?? ? ?? ???,kept:contains:조작원,high,no,8,contains:조작원,kept from draft; no stronger correction rule
그 외 음료 제조 관련 기계 조작원,38,3.8e-05,0.987758,4,??? ???,kept:contains:음료,high,no,4,contains:음료,kept from draft; no stronger correction rule
시멘트 및 석회 제조 관련 조작원,38,3.8e-05,0.987796,8,????? ?? ? ?? ???,kept:contains:조작원,high,no,8,contains:조작원,kept from draft; no stronger correction rule
"전직 그 외 자동차 운전원, 현재 구직중",38,3.8e-05,0.987834,unemployed,??/?????,kept:contains:구직중,high,no,unemployed,contains:구직중,employment-status bucket is immutable
금융자산 운용가,38,3.8e-05,0.987872,2,??? ? ?? ???,v3:자산 운용가,medium,yes,other,no_rule,professional/sports/arts/religion/social guidance
담배 제조 관련 기계 조작원,38,3.8e-05,0.98791,8,????? ?? ? ?? ???,kept:contains:조작원,high,no,8,contains:조작원,kept from draft; no stronger correction rule
"전직 주류 서비스 종사원, 현재 구직중",38,3.8e-05,0.987948,unemployed,??/?????,kept:contains:구직중,high,no,unemployed,contains:구직중,employment-status bucket is immutable
"전직 그 외 기계공학 기술자 및 연구원, 현재 구직중",38,3.8e-05,0.987986,unemployed,??/?????,kept:contains:구직중,high,no,unemployed,contains:구직중,employment-status bucket is immutable
항공기 조립원,38,3.8e-05,0.988024,8,????? ?? ? ?? ???,kept:contains:조립,high,no,8,contains:조립,kept from draft; no stronger correction rule
"전직 판매 사무원, 현재 구직중",37,3.7e-05,0.988061,unemployed,??/?????,kept:contains:구직중,high,no,unemployed,contains:구직중,employment-status bucket is immutable
개인 생활 서비스 종사원,37,3.7e-05,0.988098,4,??? ???,kept:contains:서비스,medium,yes,4,contains:서비스,kept from draft; no stronger correction rule
사용자 경험 및 인터페이스 디자이너,37,3.7e-05,0.988135,2,??? ? ?? ???,kept:suffix:디자이너,high,no,2,suffix:디자이너,kept from draft; no stronger correction rule
세제 생산기 조작원,37,3.7e-05,0.988172,8,????? ?? ? ?? ???,kept:contains:조작원,high,no,8,contains:조작원,kept from draft; no stronger correction rule
"전직 병무행정 사무원, 현재 구직중",37,3.7e-05,0.988209,unemployed,??/?????,kept:contains:구직중,high,no,unemployed,contains:구직중,employment-status bucket is immutable
보험 인수 심사원,37,3.7e-05,0.988246,3,?? ???,v3fix:clerical/inspection record work,medium,yes,other,no_rule,manual cleanup of low-confidence fallback
"전직 컴퓨터 설치 및 수리원, 현재 구직중",37,3.7e-05,0.988283,unemployed,??/?????,kept:contains:구직중,high,no,unemployed,contains:구직중,employment-status bucket is immutable
철도차량 전기 설치원,37,3.7e-05,0.98832,8,????? ?? ? ?? ???,kept:contains:철도,high,no,8,contains:철도,kept from draft; no stronger correction rule
의료기기 설치 및 수리원,37,3.7e-05,0.988357,7,??? ? ?? ?? ???,kept:contains:설치,high,no,7,contains:설치,kept from draft; no stronger correction rule
"전직 데이터 설계 및 프로그래머, 현재 구직중",37,3.7e-05,0.988394,unemployed,??/?????,kept:contains:구직중,high,no,unemployed,contains:구직중,employment-status bucket is immutable
플라스틱제품 조립원,36,3.6e-05,0.98843,8,????? ?? ? ?? ???,kept:contains:조립,high,no,8,contains:조립,kept from draft; no stronger correction rule
중앙정부 고위 공무원,36,3.6e-05,0.988466,1,???,v3:고위 공무원,medium,yes,other,no_rule,manager/executive/institution head
"전직 기업 대표이사, 현재 구직중",36,3.6e-05,0.988502,unemployed,??/?????,kept:contains:구직중,high,no,unemployed,contains:구직중,employment-status bucket is immutable
소음 진동 시험원,36,3.6e-05,0.988538,2,??? ? ?? ???,v2:시험원,high,yes,other,no_rule,professional/associate professional
"전직 그 외 판매 관련 단순 종사원, 현재 구직중",36,3.6e-05,0.988574,unemployed,??/?????,kept:contains:구직중,high,no,unemployed,contains:구직중,employment-status bucket is immutable
목욕 관리사,36,3.6e-05,0.98861,4,??? ???,v3:목욕 관리사,medium,yes,other,no_rule,service/care/monitoring/rental
그 외 금융 및 보험 관련 전문가,36,3.6e-05,0.988646,2,??? ? ?? ???,kept:suffix:전문가,high,no,2,suffix:전문가,kept from draft; no stronger correction rule
"전직 시내버스 운전원, 현재 구직중",36,3.6e-05,0.988682,unemployed,??/?????,kept:contains:구직중,high,no,unemployed,contains:구직중,employment-status bucket is immutable
그 외 감독 및 연출가,36,3.6e-05,0.988718,2,??? ? ?? ???,v3:감독,medium,yes,other,no_rule,professional/sports/arts/religion/social guidance
비료 생산기 조작원,36,3.6e-05,0.988754,8,????? ?? ? ?? ???,kept:contains:조작원,high,no,8,contains:조작원,kept from draft; no stronger correction rule
자동차 도장 정비원,36,3.6e-05,0.98879,7,??? ? ?? ?? ???,kept:contains:정비,high,no,7,contains:정비,kept from draft; no stronger correction rule
자전거 정비원,35,3.5e-05,0.988825,7,??? ? ?? ?? ???,kept:contains:정비,high,no,7,contains:정비,kept from draft; no stronger correction rule
조미 식품 생산기 조작원,35,3.5e-05,0.98886,8,????? ?? ? ?? ???,kept:contains:조작원,high,no,8,contains:조작원,kept from draft; no stronger correction rule
반려동물 미용사,35,3.5e-05,0.988895,4,??? ???,kept:contains:미용,high,no,4,contains:미용,kept from draft; no stronger correction rule
"전직 그 외 배달원, 현재 구직중",35,3.5e-05,0.98893,unemployed,??/?????,kept:contains:구직중,high,no,unemployed,contains:구직중,employment-status bucket is immutable
"전직 일반 경찰관 및 수사관, 현재 구직중",35,3.5e-05,0.988965,unemployed,??/?????,kept:contains:구직중,high,no,unemployed,contains:구직중,employment-status bucket is immutable
공구 조립원,35,3.5e-05,0.989,8,????? ?? ? ?? ???,kept:contains:조립,high,no,8,contains:조립,kept from draft; no stronger correction rule
인테리어 디자이너,35,3.5e-05,0.989035,2,??? ? ?? ???,kept:suffix:디자이너,high,no,2,suffix:디자이너,kept from draft; no stronger correction rule
식품 등급원,35,3.5e-05,0.98907,3,?? ???,v3fix:clerical/inspection record work,medium,yes,other,no_rule,manual cleanup of low-confidence fallback
생물학 연구원,35,3.5e-05,0.989105,2,??? ? ?? ???,kept:suffix:연구원,high,no,2,suffix:연구원,kept from draft; no stronger correction rule
촬영기사,35,3.5e-05,0.98914,2,??? ? ?? ???,kept:suffix:기사,high,no,2,suffix:기사,kept from draft; no stronger correction rule
"전직 변리사, 현재 구직중",35,3.5e-05,0.989175,unemployed,??/?????,kept:contains:구직중,high,no,unemployed,contains:구직중,employment-status bucket is immutable
건설기계공학 기술자 및 연구원,35,3.5e-05,0.98921,2,??? ? ?? ???,kept:suffix:연구원,high,no,2,suffix:연구원,kept from draft; no stronger correction rule
환경 영향 평가원,35,3.5e-05,0.989245,2,??? ? ?? ???,v3:평가원,medium,yes,other,no_rule,professional/sports/arts/religion/social guidance
"전직 정보 보안 전문가, 현재 구직중",35,3.5e-05,0.98928,unemployed,??/?????,kept:contains:구직중,high,no,unemployed,contains:구직중,employment-status bucket is immutable
장례 상담원,35,3.5e-05,0.989315,4,??? ???,kept:contains:상담원,high,no,4,contains:상담원,kept from draft; no stronger correction rule
가죽 및 모피 수선원,34,3.4e-05,0.989349,7,??? ? ?? ?? ???,v2:수선원,high,yes,other,no_rule,craft/construction/manufacturing skilled
그 외 인문과학 연구원,34,3.4e-05,0.989383,2,??? ? ?? ???,kept:suffix:연구원,high,no,2,suffix:연구원,kept from draft; no stronger correction rule
"전직 토목 제도사, 현재 구직중",34,3.4e-05,0.989417,unemployed,??/?????,kept:contains:구직중,high,no,unemployed,contains:구직중,employment-status bucket is immutable
인류학 연구원,34,3.4e-05,0.989451,2,??? ? ?? ???,kept:suffix:연구원,high,no,2,suffix:연구원,kept from draft; no stronger correction rule
"전직 약사, 현재 구직중",34,3.4e-05,0.989485,unemployed,??/?????,kept:contains:구직중,high,no,unemployed,contains:구직중,employment-status bucket is immutable
"전직 청소년 지도사, 현재 구직중",34,3.4e-05,0.989519,unemployed,??/?????,kept:contains:구직중,high,no,unemployed,contains:구직중,employment-status bucket is immutable
자동차 엔진 정비원,34,3.4e-05,0.989553,7,??? ? ?? ?? ???,kept:contains:정비,high,no,7,contains:정비,kept from draft; no stronger correction rule
섬유 제조 기계 조작원,34,3.4e-05,0.989587,8,????? ?? ? ?? ???,kept:contains:조작원,high,no,8,contains:조작원,kept from draft; no stronger correction rule
"전직 출판 및 자료편집 사무원, 현재 구직중",34,3.4e-05,0.989621,unemployed,??/?????,kept:contains:구직중,high,no,unemployed,contains:구직중,employment-status bucket is immutable
호이스트 설치 및 정비원,34,3.4e-05,0.989655,7,??? ? ?? ?? ???,kept:contains:설치,high,no,7,contains:설치,kept from draft; no stronger correction rule
"전직 육군 병사, 현재 구직중",34,3.4e-05,0.989689,unemployed,??/?????,kept:contains:구직중,high,no,unemployed,contains:구직중,employment-status bucket is immutable
"전직 데스크 안내원, 현재 구직중",33,3.3e-05,0.989722,unemployed,??/?????,kept:contains:구직중,high,no,unemployed,contains:구직중,employment-status bucket is immutable
"전직 웹 운영자, 현재 구직중",33,3.3e-05,0.989755,unemployed,??/?????,kept:contains:구직중,high,no,unemployed,contains:구직중,employment-status bucket is immutable
그 외 화학공학 시험원,33,3.3e-05,0.989788,2,??? ? ?? ???,v2:시험원,high,yes,other,no_rule,professional/associate professional
색채 전문가,33,3.3e-05,0.989821,2,??? ? ?? ???,kept:suffix:전문가,high,no,2,suffix:전문가,kept from draft; no stronger correction rule
보건 의료 관련 관리자,33,3.3e-05,0.989854,1,???,kept:contains:관리자,high,no,1,contains:관리자,kept from draft; no stronger correction rule
직물 재봉사,33,3.3e-05,0.989887,7,??? ? ?? ?? ???,v3:재봉사,medium,yes,other,no_rule,craft/construction/manufacturing skilled
점술가,33,3.3e-05,0.98992,2,??? ? ?? ???,v3:점술가,medium,yes,other,no_rule,professional/sports/arts/religion/social guidance
"전직 행사 및 홍보 도우미, 현재 구직중",33,3.3e-05,0.989953,unemployed,??/?????,kept:contains:구직중,high,no,unemployed,contains:구직중,employment-status bucket is immutable
"전직 그 외 법률 관련 사무원, 현재 구직중",33,3.3e-05,0.989986,unemployed,??/?????,kept:contains:구직중,high,no,unemployed,contains:구직중,employment-status bucket is immutable
"전직 그 외 화학제품 생산기 조작원, 현재 구직중",33,3.3e-05,0.990019,unemployed,??/?????,kept:contains:구직중,high,no,unemployed,contains:구직중,employment-status bucket is immutable
수녀 및 수사,33,3.3e-05,0.990052,2,??? ? ?? ???,v3:수녀,medium,yes,other,no_rule,professional/sports/arts/religion/social guidance
헬리콥터 정비원,32,3.2e-05,0.990084,7,??? ? ?? ?? ???,kept:contains:정비,high,no,7,contains:정비,kept from draft; no stronger correction rule
공공 기관 임원,32,3.2e-05,0.990116,1,???,kept:contains:임원,high,no,1,contains:임원,kept from draft; no stronger correction rule
"전직 광고 및 홍보 사무원, 현재 구직중",32,3.2e-05,0.990148,unemployed,??/?????,kept:contains:구직중,high,no,unemployed,contains:구직중,employment-status bucket is immutable
자동차 튜닝원,32,3.2e-05,0.99018,7,??? ? ?? ?? ???,v3:튜닝원,medium,yes,other,no_rule,craft/construction/manufacturing skilled
"전직 산불 감시원, 현재 구직중",32,3.2e-05,0.990212,unemployed,??/?????,kept:contains:구직중,high,no,unemployed,contains:구직중,employment-status bucket is immutable
승차권 판매원,32,3.2e-05,0.990244,5,?? ???,kept:contains:판매,high,no,5,contains:판매,kept from draft; no stronger correction rule
"전직 프레스기 및 절단기 조작원, 현재 구직중",32,3.2e-05,0.990276,unemployed,??/?????,kept:contains:구직중,high,no,unemployed,contains:구직중,employment-status bucket is immutable
언어학 및 문학 연구원,31,3.1e-05,0.990307,2,??? ? ?? ???,kept:suffix:연구원,high,no,2,suffix:연구원,kept from draft; no stronger correction rule
"전직 회계사, 현재 구직중",31,3.1e-05,0.990338,unemployed,??/?????,kept:contains:구직중,high,no,unemployed,contains:구직중,employment-status bucket is immutable
삽화가,31,3.1e-05,0.990369,2,??? ? ?? ???,v3:삽화가,medium,yes,other,no_rule,professional/sports/arts/religion/social guidance
"전직 가스 점검원, 현재 구직중",31,3.1e-05,0.9904,unemployed,??/?????,kept:contains:구직중,high,no,unemployed,contains:구직중,employment-status bucket is immutable
지중 전력설비 전기원,31,3.1e-05,0.990431,7,??? ? ?? ?? ???,v2:전기원,high,yes,other,no_rule,craft/construction/manufacturing skilled
교육학 연구원,31,3.1e-05,0.990462,2,??? ? ?? ???,kept:suffix:연구원,high,no,2,suffix:연구원,kept from draft; no stronger correction rule
방재 기술자 및 연구원,31,3.1e-05,0.990493,2,??? ? ?? ???,kept:suffix:연구원,high,no,2,suffix:연구원,kept from draft; no stronger correction rule
물리학 시험원,31,3.1e-05,0.990524,2,??? ? ?? ???,v2:시험원,high,yes,other,no_rule,professional/associate professional
디스플레이 디자이너,31,3.1e-05,0.990555,2,??? ? ?? ???,kept:suffix:디자이너,high,no,2,suffix:디자이너,kept from draft; no stronger correction rule
식품기계 설치 및 정비원,31,3.1e-05,0.990586,7,??? ? ?? ?? ???,kept:contains:설치,high,no,7,contains:설치,kept from draft; no stronger correction rule
인쇄 및 광고 영업원,31,3.1e-05,0.990617,5,?? ???,kept:contains:영업,high,no,5,contains:영업,kept from draft; no stronger correction rule
자연과학·수학 및 통계학 시간강사,31,3.1e-05,0.990648,2,??? ? ?? ???,kept:suffix:강사,high,no,2,suffix:강사,kept from draft; no stronger correction rule
결혼상담원,31,3.1e-05,0.990679,4,??? ???,kept:contains:상담원,high,no,4,contains:상담원,kept from draft; no stronger correction rule
"전직 그 외 의복 제조 관련 기능 종사원, 현재 구직중",31,3.1e-05,0.99071,unemployed,??/?????,kept:contains:구직중,high,no,unemployed,contains:구직중,employment-status bucket is immutable
전기케이블 접속원,30,3e-05,0.99074,7,??? ? ?? ?? ???,v3:접속원,medium,yes,other,no_rule,craft/construction/manufacturing skilled
"전직 그 외 화물차 및 특수차 운전원, 현재 구직중",30,3e-05,0.99077,unemployed,??/?????,kept:contains:구직중,high,no,unemployed,contains:구직중,employment-status bucket is immutable
석재 절단원,30,3e-05,0.9908,7,??? ? ?? ?? ???,v3:절단원,medium,yes,other,no_rule,craft/construction/manufacturing skilled
"전직 의류 판매원, 현재 구직중",30,3e-05,0.99083,unemployed,??/?????,kept:contains:구직중,high,no,unemployed,contains:구직중,employment-status bucket is immutable
벽돌 및 타일 생산기 조작원,30,3e-05,0.99086,8,????? ?? ? ?? ???,kept:contains:조작원,high,no,8,contains:조작원,kept from draft; no stronger correction rule
"전직 제빵사 및 제과원, 현재 구직중",30,3e-05,0.99089,unemployed,??/?????,kept:contains:구직중,high,no,unemployed,contains:구직중,employment-status bucket is immutable
자동차 판금 정비원,30,3e-05,0.99092,7,??? ? ?? ?? ???,kept:contains:판금,high,no,7,contains:판금,kept from draft; no stronger correction rule
콘크리트제품 제조 관련 조작원,30,3e-05,0.99095,8,????? ?? ? ?? ???,kept:contains:조작원,high,no,8,contains:조작원,kept from draft; no stronger correction rule
약학 연구원,30,3e-05,0.99098,2,??? ? ?? ???,kept:suffix:연구원,high,no,2,suffix:연구원,kept from draft; no stronger correction rule
광원,30,3e-05,0.99101,7,??? ? ?? ?? ???,v3:광원,medium,yes,other,no_rule,craft/construction/manufacturing skilled
그 외 소방공학 기술자 및 연구원,29,2.9e-05,0.991039,2,??? ? ?? ???,kept:suffix:연구원,high,no,2,suffix:연구원,kept from draft; no stronger correction rule
정보 통신기술 분야 시간강사,29,2.9e-05,0.991068,2,??? ? ?? ???,kept:suffix:강사,high,no,2,suffix:강사,kept from draft; no stronger correction rule
토양 환경 기술자 및 연구원,29,2.9e-05,0.991097,2,??? ? ?? ???,kept:suffix:연구원,high,no,2,suffix:연구원,kept from draft; no stronger correction rule
사회과학·경영 및 법학 시간강사,29,2.9e-05,0.991126,2,??? ? ?? ???,kept:suffix:강사,high,no,2,suffix:강사,kept from draft; no stronger correction rule
선박 전기 설치원,29,2.9e-05,0.991155,8,????? ?? ? ?? ???,kept:contains:선박,high,no,8,contains:선박,kept from draft; no stronger correction rule
"전직 통계 사무원, 현재 구직중",29,2.9e-05,0.991184,unemployed,??/?????,kept:contains:구직중,high,no,unemployed,contains:구직중,employment-status bucket is immutable
사회복지학 연구원,29,2.9e-05,0.991213,2,??? ? ?? ???,kept:suffix:연구원,high,no,2,suffix:연구원,kept from draft; no stronger correction rule
"전직 로봇공학 기술자 및 연구원, 현재 구직중",29,2.9e-05,0.991242,unemployed,??/?????,kept:contains:구직중,high,no,unemployed,contains:구직중,employment-status bucket is immutable
"전직 산업 특화 소프트웨어 프로그래머, 현재 구직중",29,2.9e-05,0.991271,unemployed,??/?????,kept:contains:구직중,high,no,unemployed,contains:구직중,employment-status bucket is immutable
알코올성 음료 제조기 조작원,29,2.9e-05,0.9913,4,??? ???,kept:contains:음료,high,no,4,contains:음료,kept from draft; no stronger correction rule
광석 및 석재 가공장치 조작원,29,2.9e-05,0.991329,8,????? ?? ? ?? ???,kept:contains:조작원,high,no,8,contains:조작원,kept from draft; no stronger correction rule
언론학 연구원,28,2.8e-05,0.991357,2,??? ? ?? ???,kept:suffix:연구원,high,no,2,suffix:연구원,kept from draft; no stronger correction rule
"전직 시스템 소프트웨어 설계 및 분석가, 현재 구직중",28,2.8e-05,0.991385,unemployed,??/?????,kept:contains:구직중,high,no,unemployed,contains:구직중,employment-status bucket is immutable
"전직 네트워크 시스템 개발자, 현재 구직중",28,2.8e-05,0.991413,unemployed,??/?????,kept:contains:구직중,high,no,unemployed,contains:구직중,employment-status bucket is immutable
두부 및 유사 제품 기계 조작원,28,2.8e-05,0.991441,8,????? ?? ? ?? ???,kept:contains:조작원,high,no,8,contains:조작원,kept from draft; no stronger correction rule
환경 영향 시험원,28,2.8e-05,0.991469,2,??? ? ?? ???,v2:시험원,high,yes,other,no_rule,professional/associate professional
"전직 커피 조리사, 현재 구직중",28,2.8e-05,0.991497,unemployed,??/?????,kept:contains:구직중,high,no,unemployed,contains:구직중,employment-status bucket is immutable
"전직 웹 프로그래머, 현재 구직중",28,2.8e-05,0.991525,unemployed,??/?????,kept:contains:구직중,high,no,unemployed,contains:구직중,employment-status bucket is immutable
"전직 상담 전문가, 현재 구직중",28,2.8e-05,0.991553,unemployed,??/?????,kept:contains:구직중,high,no,unemployed,contains:구직중,employment-status bucket is immutable
외과 전문 의사,28,2.8e-05,0.991581,2,??? ? ?? ???,kept:suffix:의사,high,no,2,suffix:의사,kept from draft; no stronger correction rule
건설자재 시험원,28,2.8e-05,0.991609,7,??? ? ?? ?? ???,kept:contains:건설,medium,yes,7,contains:건설,kept from draft; no stronger correction rule
"전직 관광버스 운전원, 현재 구직중",28,2.8e-05,0.991637,unemployed,??/?????,kept:contains:구직중,high,no,unemployed,contains:구직중,employment-status bucket is immutable
가죽 패턴사,28,2.8e-05,0.991665,7,??? ? ?? ?? ???,v2:패턴사,high,yes,other,no_rule,craft/construction/manufacturing skilled
"전직 크레인 운전원, 현재 구직중",28,2.8e-05,0.991693,unemployed,??/?????,kept:contains:구직중,high,no,unemployed,contains:구직중,employment-status bucket is immutable
"전직 소규모 상점 일선 관리 종사원, 현재 구직중",28,2.8e-05,0.991721,unemployed,??/?????,kept:contains:구직중,high,no,unemployed,contains:구직중,employment-status bucket is immutable
"전직 시스템 소프트웨어 프로그래머, 현재 구직중",28,2.8e-05,0.991749,unemployed,??/?????,kept:contains:구직중,high,no,unemployed,contains:구직중,employment-status bucket is immutable
"전직 보험 사무원, 현재 구직중",28,2.8e-05,0.991777,unemployed,??/?????,kept:contains:구직중,high,no,unemployed,contains:구직중,employment-status bucket is immutable
수학 및 통계학 연구원,28,2.8e-05,0.991805,2,??? ? ?? ???,kept:suffix:연구원,high,no,2,suffix:연구원,kept from draft; no stronger correction rule
임업 시험원,27,2.7e-05,0.991832,6,????? ?? ???,kept:contains:임업,medium,yes,6,contains:임업,kept from draft; no stronger correction rule
돼지 사육자,27,2.7e-05,0.991859,6,????? ?? ???,v3:사육자,medium,yes,other,no_rule,agriculture/livestock skilled
"전직 음식료품 판매원, 현재 구직중",27,2.7e-05,0.991886,unemployed,??/?????,kept:contains:구직중,high,no,unemployed,contains:구직중,employment-status bucket is immutable
"전직 무역 사무원, 현재 구직중",27,2.7e-05,0.991913,unemployed,??/?????,kept:contains:구직중,high,no,unemployed,contains:구직중,employment-status bucket is immutable
건축에너지 관리 및 평가 기술자,27,2.7e-05,0.99194,2,??? ? ?? ???,kept:suffix:기술자,high,no,2,suffix:기술자,kept from draft; no stronger correction rule
검사,27,2.7e-05,0.991967,2,??? ? ?? ???,kept:suffix:검사,high,no,2,suffix:검사,kept from draft; no stronger correction rule
"전직 휠체어 리프트 설치 및 정비원, 현재 구직중",27,2.7e-05,0.991994,unemployed,??/?????,kept:contains:구직중,high,no,unemployed,contains:구직중,employment-status bucket is immutable
금융 상품 개발자,26,2.6e-05,0.99202,2,??? ? ?? ???,kept:contains:개발,high,no,2,contains:개발,kept from draft; no stronger correction rule
투자신탁 전문가,26,2.6e-05,0.992046,2,??? ? ?? ???,kept:suffix:전문가,high,no,2,suffix:전문가,kept from draft; no stronger correction rule
그 외 전문 서비스 관리자,26,2.6e-05,0.992072,1,???,kept:contains:관리자,medium,yes,1,contains:관리자,kept from draft; no stronger correction rule
지게차 정비원,26,2.6e-05,0.992098,8,????? ?? ? ?? ???,kept:contains:지게차,high,no,8,contains:지게차,kept from draft; no stronger correction rule
그 외 전문 의사,26,2.6e-05,0.992124,2,??? ? ?? ???,kept:suffix:의사,high,no,2,suffix:의사,kept from draft; no stronger correction rule
"전직 중고차 영업원, 현재 구직중",26,2.6e-05,0.99215,unemployed,??/?????,kept:contains:구직중,high,no,unemployed,contains:구직중,employment-status bucket is immutable
조율사,26,2.6e-05,0.992176,7,??? ? ?? ?? ???,v3:조율사,medium,yes,other,no_rule,craft/construction/manufacturing skilled
"전직 그 외 기계장비 설치 및 정비원, 현재 구직중",26,2.6e-05,0.992202,unemployed,??/?????,kept:contains:구직중,high,no,unemployed,contains:구직중,employment-status bucket is immutable
그 외 작가,26,2.6e-05,0.992228,2,??? ? ?? ???,v2:작가,high,yes,other,no_rule,professional/associate professional
그 외 전기 및 전자설비 조작원,26,2.6e-05,0.992254,8,????? ?? ? ?? ???,kept:contains:조작원,high,no,8,contains:조작원,kept from draft; no stronger correction rule
대학교 총장 및 대학 학장,26,2.6e-05,0.99228,1,???,v3:총장,medium,yes,other,no_rule,manager/executive/institution head
"전직 구급 요원, 현재 구직중",26,2.6e-05,0.992306,unemployed,??/?????,kept:contains:구직중,high,no,unemployed,contains:구직중,employment-status bucket is immutable
만화가,26,2.6e-05,0.992332,2,??? ? ?? ???,v3:만화가,medium,yes,other,no_rule,professional/sports/arts/religion/social guidance
그 외 수선원,26,2.6e-05,0.992358,7,??? ? ?? ?? ???,v2:수선원,high,yes,other,no_rule,craft/construction/manufacturing skilled
가구 제조원,26,2.6e-05,0.992384,7,??? ? ?? ?? ???,v2:제조원,high,yes,other,no_rule,craft/construction/manufacturing skilled
석제품 가공기 조작원,26,2.6e-05,0.99241,8,????? ?? ? ?? ???,kept:contains:조작원,high,no,8,contains:조작원,kept from draft; no stronger correction rule
그 외 목제품 제조 관련 종사원,26,2.6e-05,0.992436,7,??? ? ?? ?? ???,v3:제조 관련 종사원,medium,yes,other,no_rule,craft/construction/manufacturing skilled
"전직 재무 관리자, 현재 구직중",25,2.5e-05,0.992461,unemployed,??/?????,kept:contains:구직중,high,no,unemployed,contains:구직중,employment-status bucket is immutable
환경 감시원,25,2.5e-05,0.992486,4,??? ???,v3:환경 감시원,medium,yes,other,no_rule,service/care/monitoring/rental
소방 공사 감리 기술자 및 연구원,25,2.5e-05,0.992511,2,??? ? ?? ???,kept:suffix:연구원,high,no,2,suffix:연구원,kept from draft; no stronger correction rule
화력발전장치 운전원,25,2.5e-05,0.992536,8,????? ?? ? ?? ???,kept:contains:운전원,high,no,8,contains:운전원,kept from draft; no stronger correction rule
화장품 생산기 조작원,25,2.5e-05,0.992561,8,????? ?? ? ?? ???,kept:contains:조작원,high,no,8,contains:조작원,kept from draft; no stronger correction rule
사탕·껌 및 초콜릿 제품 기계 조작원,25,2.5e-05,0.992586,8,????? ?? ? ?? ???,kept:contains:조작원,high,no,8,contains:조작원,kept from draft; no stronger correction rule
국내 및 국제회의 기획자,25,2.5e-05,0.992611,2,??? ? ?? ???,kept:suffix:기획자,high,no,2,suffix:기획자,kept from draft; no stronger correction rule
"전직 대출 모집인, 현재 구직중",25,2.5e-05,0.992636,unemployed,??/?????,kept:contains:구직중,high,no,unemployed,contains:구직중,employment-status bucket is immutable
"전직 농약·비료 기술자 및 연구원, 현재 구직중",25,2.5e-05,0.992661,unemployed,??/?????,kept:contains:구직중,high,no,unemployed,contains:구직중,employment-status bucket is immutable
그 외 연극·영화 및 영상 관련 종사원,25,2.5e-05,0.992686,2,??? ? ?? ???,v3fix:final low cleanup,medium,yes,other,no_rule,manual cleanup of remaining tiny-tail fallback
대기 환경 기술자 및 연구원,25,2.5e-05,0.992711,2,??? ? ?? ???,kept:suffix:연구원,high,no,2,suffix:연구원,kept from draft; no stronger correction rule
"전직 그 외 시설 및 특수 경비원, 현재 구직중",25,2.5e-05,0.992736,unemployed,??/?????,kept:contains:구직중,high,no,unemployed,contains:구직중,employment-status bucket is immutable
항공교통 관제사,25,2.5e-05,0.992761,2,??? ? ?? ???,v3:관제사,medium,yes,other,no_rule,professional/sports/arts/religion/social guidance
"전직 음식 배달원, 현재 구직중",25,2.5e-05,0.992786,unemployed,??/?????,kept:contains:구직중,high,no,unemployed,contains:구직중,employment-status bucket is immutable
"전직 정육가공원, 현재 구직중",25,2.5e-05,0.992811,unemployed,??/?????,kept:contains:구직중,high,no,unemployed,contains:구직중,employment-status bucket is immutable
"전직 석유화학 기술자 및 연구원, 현재 구직중",25,2.5e-05,0.992836,unemployed,??/?????,kept:contains:구직중,high,no,unemployed,contains:구직중,employment-status bucket is immutable
"전직 소규모 상점 경영자, 현재 구직중",24,2.4e-05,0.99286,unemployed,??/?????,kept:contains:구직중,high,no,unemployed,contains:구직중,employment-status bucket is immutable
"전직 머시닝센터 조작원, 현재 구직중",24,2.4e-05,0.992884,unemployed,??/?????,kept:contains:구직중,high,no,unemployed,contains:구직중,employment-status bucket is immutable
"전직 교육 및 훈련 사무원, 현재 구직중",24,2.4e-05,0.992908,unemployed,??/?????,kept:contains:구직중,high,no,unemployed,contains:구직중,employment-status bucket is immutable
"전직 배전반 조작원, 현재 구직중",24,2.4e-05,0.992932,unemployed,??/?????,kept:contains:구직중,high,no,unemployed,contains:구직중,employment-status bucket is immutable
소품 관리원,24,2.4e-05,0.992956,2,??? ? ?? ???,kept:suffix:관리원,medium,yes,2,suffix:관리원,kept from draft; no stronger correction rule
"전직 소방시설 공사 기술자 및 연구원, 현재 구직중",24,2.4e-05,0.99298,unemployed,??/?????,kept:contains:구직중,high,no,unemployed,contains:구직중,employment-status bucket is immutable
"전직 그 외 교육 전문가, 현재 구직중",24,2.4e-05,0.993004,unemployed,??/?????,kept:contains:구직중,high,no,unemployed,contains:구직중,employment-status bucket is immutable
배우,24,2.4e-05,0.993028,2,??? ? ?? ???,v3:배우,medium,yes,other,no_rule,professional/sports/arts/religion/social guidance
"전직 도로운송 사무원, 현재 구직중",24,2.4e-05,0.993052,unemployed,??/?????,kept:contains:구직중,high,no,unemployed,contains:구직중,employment-status bucket is immutable
건축가,24,2.4e-05,0.993076,2,??? ? ?? ???,v3:건축가,medium,yes,other,no_rule,professional/sports/arts/religion/social guidance
농림·수산업 및 수의학 교수,24,2.4e-05,0.9931,2,??? ? ?? ???,kept:suffix:교수,high,no,2,suffix:교수,kept from draft; no stronger correction rule
"전직 웨딩플래너, 현재 구직중",24,2.4e-05,0.993124,unemployed,??/?????,kept:contains:구직중,high,no,unemployed,contains:구직중,employment-status bucket is immutable
"전직 그 외 금속·재료 공학 기술자 및 연구원, 현재 구직중",24,2.4e-05,0.993148,unemployed,??/?????,kept:contains:구직중,high,no,unemployed,contains:구직중,employment-status bucket is immutable
"전직 부동산 중개사, 현재 구직중",24,2.4e-05,0.993172,unemployed,??/?????,kept:contains:구직중,high,no,unemployed,contains:구직중,employment-status bucket is immutable
"전직 그 외 냉동·냉장·공조기 설치 및 정비원, 현재 구직중",23,2.3e-05,0.993195,unemployed,??/?????,kept:contains:구직중,high,no,unemployed,contains:구직중,employment-status bucket is immutable
"전직 자동차공학 기술자 및 연구원, 현재 구직중",23,2.3e-05,0.993218,unemployed,??/?????,kept:contains:구직중,high,no,unemployed,contains:구직중,employment-status bucket is immutable
"전직 이삿짐 운반원, 현재 구직중",23,2.3e-05,0.993241,unemployed,??/?????,kept:contains:구직중,high,no,unemployed,contains:구직중,employment-status bucket is immutable
"전직 모바일 애플리케이션 프로그래머, 현재 구직중",23,2.3e-05,0.993264,unemployed,??/?????,kept:contains:구직중,high,no,unemployed,contains:구직중,employment-status bucket is immutable
오토바이 정비원,23,2.3e-05,0.993287,7,??? ? ?? ?? ???,kept:contains:정비,high,no,7,contains:정비,kept from draft; no stronger correction rule
가구 조립원,23,2.3e-05,0.99331,8,????? ?? ? ?? ???,kept:contains:조립,high,no,8,contains:조립,kept from draft; no stronger correction rule
가방 및 신발 디자이너,23,2.3e-05,0.993333,2,??? ? ?? ???,kept:suffix:디자이너,high,no,2,suffix:디자이너,kept from draft; no stronger correction rule
디자인 관련 관리자,23,2.3e-05,0.993356,1,???,kept:contains:관리자,high,no,1,contains:관리자,kept from draft; no stronger correction rule
보조 연기자,23,2.3e-05,0.993379,2,??? ? ?? ???,v2:기자,high,yes,other,no_rule,professional/associate professional
"전직 자동차 부품 기술 영업원, 현재 구직중",23,2.3e-05,0.993402,unemployed,??/?????,kept:contains:구직중,high,no,unemployed,contains:구직중,employment-status bucket is immutable
"전직 은행 사무원, 현재 구직중",23,2.3e-05,0.993425,unemployed,??/?????,kept:contains:구직중,high,no,unemployed,contains:구직중,employment-status bucket is immutable
회원 단체 관련 관리자,23,2.3e-05,0.993448,1,???,kept:contains:관리자,high,no,1,contains:관리자,kept from draft; no stronger correction rule
"전직 가죽 및 모피 가공원, 현재 구직중",23,2.3e-05,0.993471,unemployed,??/?????,kept:contains:구직중,high,no,unemployed,contains:구직중,employment-status bucket is immutable
"전직 그 외 시각 디자이너, 현재 구직중",23,2.3e-05,0.993494,unemployed,??/?????,kept:contains:구직중,high,no,unemployed,contains:구직중,employment-status bucket is immutable
요리 연구가,23,2.3e-05,0.993517,2,??? ? ?? ???,kept:contains:연구,high,no,2,contains:연구,kept from draft; no stronger correction rule
의약품 영업원,23,2.3e-05,0.99354,5,?? ???,kept:contains:영업,high,no,5,contains:영업,kept from draft; no stronger correction rule
"전직 미디어 콘텐츠 창작자, 현재 구직중",23,2.3e-05,0.993563,unemployed,??/?????,kept:contains:구직중,high,no,unemployed,contains:구직중,employment-status bucket is immutable
"전직 그 외 경호 및 보안 관련 종사원, 현재 구직중",22,2.2e-05,0.993585,unemployed,??/?????,kept:contains:구직중,high,no,unemployed,contains:구직중,employment-status bucket is immutable
"전직 택시 운전원, 현재 구직중",22,2.2e-05,0.993607,unemployed,??/?????,kept:contains:구직중,high,no,unemployed,contains:구직중,employment-status bucket is immutable
"전직 무대 및 세트 디자이너, 현재 구직중",22,2.2e-05,0.993629,unemployed,??/?????,kept:contains:구직중,high,no,unemployed,contains:구직중,employment-status bucket is immutable
정치학 연구원,22,2.2e-05,0.993651,2,??? ? ?? ???,kept:suffix:연구원,high,no,2,suffix:연구원,kept from draft; no stronger correction rule
자동차 전기 및 전자 정비원,22,2.2e-05,0.993673,7,??? ? ?? ?? ???,kept:contains:정비,high,no,7,contains:정비,kept from draft; no stronger correction rule
"전직 농업용 기계장비 기술 영업원, 현재 구직중",22,2.2e-05,0.993695,unemployed,??/?????,kept:contains:구직중,high,no,unemployed,contains:구직중,employment-status bucket is immutable
"전직 금속 세척기 조작원, 현재 구직중",22,2.2e-05,0.993717,unemployed,??/?????,kept:contains:구직중,high,no,unemployed,contains:구직중,employment-status bucket is immutable
"전직 호텔 서비스원, 현재 구직중",22,2.2e-05,0.993739,unemployed,??/?????,kept:contains:구직중,high,no,unemployed,contains:구직중,employment-status bucket is immutable
"전직 가스 용접원, 현재 구직중",22,2.2e-05,0.993761,unemployed,??/?????,kept:contains:구직중,high,no,unemployed,contains:구직중,employment-status bucket is immutable
그 외 연구 관리자,22,2.2e-05,0.993783,1,???,kept:contains:관리자,high,no,1,contains:관리자,kept from draft; no stronger correction rule
"전직 분식 조리사, 현재 구직중",21,2.1e-05,0.993804,unemployed,??/?????,kept:contains:구직중,high,no,unemployed,contains:구직중,employment-status bucket is immutable
"전직 마케팅 관리자, 현재 구직중",21,2.1e-05,0.993825,unemployed,??/?????,kept:contains:구직중,high,no,unemployed,contains:구직중,employment-status bucket is immutable
경제학 연구원,21,2.1e-05,0.993846,2,??? ? ?? ???,kept:suffix:연구원,high,no,2,suffix:연구원,kept from draft; no stronger correction rule
"전직 자동 재봉설비 조작원, 현재 구직중",21,2.1e-05,0.993867,unemployed,??/?????,kept:contains:구직중,high,no,unemployed,contains:구직중,employment-status bucket is immutable
선물거래 중개인,21,2.1e-05,0.993888,5,?? ???,kept:contains:중개인,high,no,5,contains:중개인,kept from draft; no stronger correction rule
"전직 건축 제도사, 현재 구직중",21,2.1e-05,0.993909,unemployed,??/?????,kept:contains:구직중,high,no,unemployed,contains:구직중,employment-status bucket is immutable
판사,21,2.1e-05,0.99393,2,??? ? ?? ???,kept:suffix:판사,high,no,2,suffix:판사,kept from draft; no stronger correction rule
"전직 간병인, 현재 구직중",20,2e-05,0.99395,unemployed,??/?????,kept:contains:구직중,high,no,unemployed,contains:구직중,employment-status bucket is immutable
건강원 및 탕제원 종사원,20,2e-05,0.99397,7,??? ? ?? ?? ???,v3fix:craft/production/manual skilled,medium,yes,other,no_rule,manual cleanup of low-confidence fallback
방송 및 영화연출 보조원,20,2e-05,0.99399,3,?? ???,kept:suffix:보조원,medium,yes,3,suffix:보조원,kept from draft; no stronger correction rule
채석원,20,2e-05,0.99401,7,??? ? ?? ?? ???,v3fix:craft/production/manual skilled,medium,yes,other,no_rule,manual cleanup of low-confidence fallback
"전직 그 외 산업 안전 및 위험 관리원, 현재 구직중",20,2e-05,0.99403,unemployed,??/?????,kept:contains:구직중,high,no,unemployed,contains:구직중,employment-status bucket is immutable
섬유 및 의복 제품 생산 관리자,20,2e-05,0.99405,1,???,kept:contains:관리자,high,no,1,contains:관리자,kept from draft; no stronger correction rule
"전직 교통 계획 및 설계가, 현재 구직중",20,2e-05,0.99407,unemployed,??/?????,kept:contains:구직중,high,no,unemployed,contains:구직중,employment-status bucket is immutable
"전직 아파트 경비원, 현재 구직중",20,2e-05,0.99409,unemployed,??/?????,kept:contains:구직중,high,no,unemployed,contains:구직중,employment-status bucket is immutable
"전직 총무 및 인사 관리자, 현재 구직중",20,2e-05,0.99411,unemployed,??/?????,kept:contains:구직중,high,no,unemployed,contains:구직중,employment-status bucket is immutable
그 외 숙박·여행·오락 및 스포츠 관련 관리자,20,2e-05,0.99413,1,???,kept:contains:관리자,high,no,1,contains:관리자,kept from draft; no stronger correction rule
"전직 금속제품 도장기 조작원, 현재 구직중",20,2e-05,0.99415,unemployed,??/?????,kept:contains:구직중,high,no,unemployed,contains:구직중,employment-status bucket is immutable
의학 연구원,20,2e-05,0.99417,2,??? ? ?? ???,kept:suffix:연구원,high,no,2,suffix:연구원,kept from draft; no stronger correction rule
"전직 공연·영화 및 음반 기획자, 현재 구직중",20,2e-05,0.99419,unemployed,??/?????,kept:contains:구직중,high,no,unemployed,contains:구직중,employment-status bucket is immutable
"전직 주입·포장 및 봉함기 조작원, 현재 구직중",20,2e-05,0.99421,unemployed,??/?????,kept:contains:구직중,high,no,unemployed,contains:구직중,employment-status bucket is immutable
"전직 체인점 모집 및 관리 영업원, 현재 구직중",19,1.9e-05,0.994229,unemployed,??/?????,kept:contains:구직중,high,no,unemployed,contains:구직중,employment-status bucket is immutable
혼례 종사원,19,1.9e-05,0.994248,4,??? ???,v3fix:service/enforcement work,medium,yes,other,no_rule,manual cleanup of low-confidence fallback
여행 관련 관리자,19,1.9e-05,0.994267,1,???,kept:contains:관리자,high,no,1,contains:관리자,kept from draft; no stronger correction rule
"전직 패스트푸드 준비원, 현재 구직중",19,1.9e-05,0.994286,unemployed,??/?????,kept:contains:구직중,high,no,unemployed,contains:구직중,employment-status bucket is immutable
정신건강의학과 및 신경과 전문 의사,19,1.9e-05,0.994305,2,??? ? ?? ???,kept:suffix:의사,high,no,2,suffix:의사,kept from draft; no stronger correction rule
시트 제품 제조원,19,1.9e-05,0.994324,7,??? ? ?? ?? ???,v2:제조원,high,yes,other,no_rule,craft/construction/manufacturing skilled
"전직 금속공학 기술자 및 연구원, 현재 구직중",19,1.9e-05,0.994343,unemployed,??/?????,kept:contains:구직중,high,no,unemployed,contains:구직중,employment-status bucket is immutable
성악가,19,1.9e-05,0.994362,2,??? ? ?? ???,v3fix:arts/media/education professional,medium,yes,other,no_rule,manual cleanup of low-confidence fallback
"전직 그 외 공업기계 설치 및 정비원, 현재 구직중",19,1.9e-05,0.994381,unemployed,??/?????,kept:contains:구직중,high,no,unemployed,contains:구직중,employment-status bucket is immutable
"전직 홍보 전문가, 현재 구직중",19,1.9e-05,0.9944,unemployed,??/?????,kept:contains:구직중,high,no,unemployed,contains:구직중,employment-status bucket is immutable
"전직 그 외 건설·전기 및 생산 관련 관리자, 현재 구직중",19,1.9e-05,0.994419,unemployed,??/?????,kept:contains:구직중,high,no,unemployed,contains:구직중,employment-status bucket is immutable
모피 패턴사,19,1.9e-05,0.994438,7,??? ? ?? ?? ???,v2:패턴사,high,yes,other,no_rule,craft/construction/manufacturing skilled
"전직 재활용품 수거원, 현재 구직중",19,1.9e-05,0.994457,unemployed,??/?????,kept:contains:구직중,high,no,unemployed,contains:구직중,employment-status bucket is immutable
"전직 그 외 금속 공작 기계 조작원, 현재 구직중",19,1.9e-05,0.994476,unemployed,??/?????,kept:contains:구직중,high,no,unemployed,contains:구직중,employment-status bucket is immutable
영상의학과 및 병리과 전문 의사,19,1.9e-05,0.994495,2,??? ? ?? ???,kept:suffix:의사,high,no,2,suffix:의사,kept from draft; no stronger correction rule
"전직 그 외 용접원, 현재 구직중",19,1.9e-05,0.994514,unemployed,??/?????,kept:contains:구직중,high,no,unemployed,contains:구직중,employment-status bucket is immutable
"전직 반도체공학 기술자 및 연구원, 현재 구직중",19,1.9e-05,0.994533,unemployed,??/?????,kept:contains:구직중,high,no,unemployed,contains:구직중,employment-status bucket is immutable
"전직 화학물 가열 처리 장치 조작원, 현재 구직중",19,1.9e-05,0.994552,unemployed,??/?????,kept:contains:구직중,high,no,unemployed,contains:구직중,employment-status bucket is immutable
신발 제조기 조작원 및 조립원,19,1.9e-05,0.994571,8,????? ?? ? ?? ???,kept:contains:조작원,high,no,8,contains:조작원,kept from draft; no stronger correction rule
로봇공학 시험원,19,1.9e-05,0.99459,2,??? ? ?? ???,v2:시험원,high,yes,other,no_rule,professional/associate professional
"전직 건물 전기 및 전자설비 조작원, 현재 구직중",19,1.9e-05,0.994609,unemployed,??/?????,kept:contains:구직중,high,no,unemployed,contains:구직중,employment-status bucket is immutable
비알코올성 음료 제조기 조작원,19,1.9e-05,0.994628,4,??? ???,kept:contains:음료,high,no,4,contains:음료,kept from draft; no stronger correction rule
"전직 금속 열처리로 조작원, 현재 구직중",18,1.8e-05,0.994646,unemployed,??/?????,kept:contains:구직중,high,no,unemployed,contains:구직중,employment-status bucket is immutable
"전직 컴퓨터 소프트웨어 개발 관리자, 현재 구직중",18,1.8e-05,0.994664,unemployed,??/?????,kept:contains:구직중,high,no,unemployed,contains:구직중,employment-status bucket is immutable
"전직 그 외 음료 조리사, 현재 구직중",18,1.8e-05,0.994682,unemployed,??/?????,kept:contains:구직중,high,no,unemployed,contains:구직중,employment-status bucket is immutable
"전직 특수 경비원, 현재 구직중",18,1.8e-05,0.9947,unemployed,??/?????,kept:contains:구직중,high,no,unemployed,contains:구직중,employment-status bucket is immutable
"전직 전기장비 조립원, 현재 구직중",18,1.8e-05,0.994718,unemployed,??/?????,kept:contains:구직중,high,no,unemployed,contains:구직중,employment-status bucket is immutable
"전직 인쇄 관련 기능 종사원, 현재 구직중",18,1.8e-05,0.994736,unemployed,??/?????,kept:contains:구직중,high,no,unemployed,contains:구직중,employment-status bucket is immutable
심리학 연구원,18,1.8e-05,0.994754,2,??? ? ?? ???,kept:suffix:연구원,high,no,2,suffix:연구원,kept from draft; no stronger correction rule
"전직 금형공학 기술자 및 연구원, 현재 구직중",18,1.8e-05,0.994772,unemployed,??/?????,kept:contains:구직중,high,no,unemployed,contains:구직중,employment-status bucket is immutable
"전직 신용카드 모집인, 현재 구직중",18,1.8e-05,0.99479,unemployed,??/?????,kept:contains:구직중,high,no,unemployed,contains:구직중,employment-status bucket is immutable
"전직 잠수 기능원, 현재 구직중",18,1.8e-05,0.994808,unemployed,??/?????,kept:contains:구직중,high,no,unemployed,contains:구직중,employment-status bucket is immutable
건설용 굴삭기 정비원,18,1.8e-05,0.994826,7,??? ? ?? ?? ???,kept:contains:정비,high,no,7,contains:정비,kept from draft; no stronger correction rule
역사학 연구원,18,1.8e-05,0.994844,2,??? ? ?? ???,kept:suffix:연구원,high,no,2,suffix:연구원,kept from draft; no stronger correction rule
"전직 화학 연구원, 현재 구직중",18,1.8e-05,0.994862,unemployed,??/?????,kept:contains:구직중,high,no,unemployed,contains:구직중,employment-status bucket is immutable
그 외 오락시설 서비스원,18,1.8e-05,0.99488,4,??? ???,kept:contains:서비스,medium,yes,4,contains:서비스,kept from draft; no stronger correction rule
투자 인수 심사원,18,1.8e-05,0.994898,3,?? ???,v3fix:clerical/inspection record work,medium,yes,other,no_rule,manual cleanup of low-confidence fallback
"전직 금속절곡기 조작원, 현재 구직중",18,1.8e-05,0.994916,unemployed,??/?????,kept:contains:구직중,high,no,unemployed,contains:구직중,employment-status bucket is immutable
무용가,17,1.7e-05,0.994933,2,??? ? ?? ???,v3fix:arts/media/education professional,medium,yes,other,no_rule,manual cleanup of low-confidence fallback
그 외 재봉사,17,1.7e-05,0.99495,7,??? ? ?? ?? ???,v3:재봉사,medium,yes,other,no_rule,craft/construction/manufacturing skilled
"전직 쓰레기 수거원, 현재 구직중",17,1.7e-05,0.994967,unemployed,??/?????,kept:contains:구직중,high,no,unemployed,contains:구직중,employment-status bucket is immutable
"전직 번역가, 현재 구직중",17,1.7e-05,0.994984,unemployed,??/?????,kept:contains:구직중,high,no,unemployed,contains:구직중,employment-status bucket is immutable
"전직 그 외 환경미화원 및 재활용품 수거원, 현재 구직중",17,1.7e-05,0.995001,unemployed,??/?????,kept:contains:구직중,high,no,unemployed,contains:구직중,employment-status bucket is immutable
"전직 그 외 전기·전자 부품 및 제품 조립원, 현재 구직중",17,1.7e-05,0.995018,unemployed,??/?????,kept:contains:구직중,high,no,unemployed,contains:구직중,employment-status bucket is immutable
원자력발전장치 운전원,17,1.7e-05,0.995035,8,????? ?? ? ?? ???,kept:contains:운전원,high,no,8,contains:운전원,kept from draft; no stronger correction rule
초등학교 교장 및 교감,17,1.7e-05,0.995052,1,???,v3fix:institution/political manager,medium,yes,other,no_rule,manual cleanup of low-confidence fallback
"전직 보험 중개인, 현재 구직중",17,1.7e-05,0.995069,unemployed,??/?????,kept:contains:구직중,high,no,unemployed,contains:구직중,employment-status bucket is immutable
렌터카 운전원,17,1.7e-05,0.995086,8,????? ?? ? ?? ???,kept:contains:운전원,high,no,8,contains:운전원,kept from draft; no stronger correction rule
"전직 보안 관제원, 현재 구직중",17,1.7e-05,0.995103,unemployed,??/?????,kept:contains:구직중,high,no,unemployed,contains:구직중,employment-status bucket is immutable
"전직 일반영양사, 현재 구직중",17,1.7e-05,0.99512,unemployed,??/?????,kept:contains:구직중,high,no,unemployed,contains:구직중,employment-status bucket is immutable
직물 디자이너,17,1.7e-05,0.995137,2,??? ? ?? ???,kept:suffix:디자이너,high,no,2,suffix:디자이너,kept from draft; no stronger correction rule
"전직 복지시설 생활 지도원, 현재 구직중",17,1.7e-05,0.995154,unemployed,??/?????,kept:contains:구직중,high,no,unemployed,contains:구직중,employment-status bucket is immutable
"전직 철도 고가 전선 가설원, 현재 구직중",17,1.7e-05,0.995171,unemployed,??/?????,kept:contains:구직중,high,no,unemployed,contains:구직중,employment-status bucket is immutable
가죽 및 모피 재봉사,17,1.7e-05,0.995188,7,??? ? ?? ?? ???,v3:재봉사,medium,yes,other,no_rule,craft/construction/manufacturing skilled
"전직 화학물 증류기 및 반응기 조작원, 현재 구직중",17,1.7e-05,0.995205,unemployed,??/?????,kept:contains:구직중,high,no,unemployed,contains:구직중,employment-status bucket is immutable
"전직 미술관·박물관 해설 및 안내원, 현재 구직중",17,1.7e-05,0.995222,unemployed,??/?????,kept:contains:구직중,high,no,unemployed,contains:구직중,employment-status bucket is immutable
"전직 사무용 전자기기 설치 및 수리원, 현재 구직중",17,1.7e-05,0.995239,unemployed,??/?????,kept:contains:구직중,high,no,unemployed,contains:구직중,employment-status bucket is immutable
도료제품 시험원,17,1.7e-05,0.995256,2,??? ? ?? ???,v2:시험원,high,yes,other,no_rule,professional/associate professional
"전직 투자 권유 대행인, 현재 구직중",16,1.6e-05,0.995272,unemployed,??/?????,kept:contains:구직중,high,no,unemployed,contains:구직중,employment-status bucket is immutable
수산물가공 및 염장원,16,1.6e-05,0.995288,7,??? ? ?? ?? ???,kept:contains:가공,high,no,7,contains:가공,kept from draft; no stronger correction rule
"전직 그 외 건축 마감 관련 기능 종사원, 현재 구직중",16,1.6e-05,0.995304,unemployed,??/?????,kept:contains:구직중,high,no,unemployed,contains:구직중,employment-status bucket is immutable
"전직 가전제품 판매원, 현재 구직중",16,1.6e-05,0.99532,unemployed,??/?????,kept:contains:구직중,high,no,unemployed,contains:구직중,employment-status bucket is immutable
"전직 어업 단순 종사원, 현재 구직중",16,1.6e-05,0.995336,unemployed,??/?????,kept:contains:구직중,high,no,unemployed,contains:구직중,employment-status bucket is immutable
목재케이스 및 나무상자 제조원,16,1.6e-05,0.995352,7,??? ? ?? ?? ???,v2:제조원,high,yes,other,no_rule,craft/construction/manufacturing skilled
"전직 소방설계 기술자 및 연구원, 현재 구직중",16,1.6e-05,0.995368,unemployed,??/?????,kept:contains:구직중,high,no,unemployed,contains:구직중,employment-status bucket is immutable
"전직 금속기계 부품 조립원, 현재 구직중",16,1.6e-05,0.995384,unemployed,??/?????,kept:contains:구직중,high,no,unemployed,contains:구직중,employment-status bucket is immutable
"전직 김치 제조 종사원, 현재 구직중",16,1.6e-05,0.9954,unemployed,??/?????,kept:contains:구직중,high,no,unemployed,contains:구직중,employment-status bucket is immutable
"전직 대리 주차원, 현재 구직중",16,1.6e-05,0.995416,unemployed,??/?????,kept:contains:구직중,high,no,unemployed,contains:구직중,employment-status bucket is immutable
"전직 사진가, 현재 구직중",16,1.6e-05,0.995432,unemployed,??/?????,kept:contains:구직중,high,no,unemployed,contains:구직중,employment-status bucket is immutable
"전직 의상 디자이너, 현재 구직중",16,1.6e-05,0.995448,unemployed,??/?????,kept:contains:구직중,high,no,unemployed,contains:구직중,employment-status bucket is immutable
송배전설비 전기원,16,1.6e-05,0.995464,7,??? ? ?? ?? ???,v2:전기원,high,yes,other,no_rule,craft/construction/manufacturing skilled
도료제품 기술자 및 연구원,16,1.6e-05,0.99548,2,??? ? ?? ???,kept:suffix:연구원,high,no,2,suffix:연구원,kept from draft; no stronger correction rule
지구 및 기상 과학 연구원,15,1.5e-05,0.995495,2,??? ? ?? ???,kept:suffix:연구원,high,no,2,suffix:연구원,kept from draft; no stronger correction rule
"전직 네트워크 프로그래머, 현재 구직중",15,1.5e-05,0.99551,unemployed,??/?????,kept:contains:구직중,high,no,unemployed,contains:구직중,employment-status bucket is immutable
"전직 상표 부착기 조작원, 현재 구직중",15,1.5e-05,0.995525,unemployed,??/?????,kept:contains:구직중,high,no,unemployed,contains:구직중,employment-status bucket is immutable
"전직 감사 사무원, 현재 구직중",15,1.5e-05,0.99554,unemployed,??/?????,kept:contains:구직중,high,no,unemployed,contains:구직중,employment-status bucket is immutable
물리학 연구원,15,1.5e-05,0.995555,2,??? ? ?? ???,kept:suffix:연구원,high,no,2,suffix:연구원,kept from draft; no stronger correction rule
천일염 생산 종사원,15,1.5e-05,0.99557,7,??? ? ?? ?? ???,v3fix:craft/production/manual skilled,medium,yes,other,no_rule,manual cleanup of low-confidence fallback
"전직 전문 간호사, 현재 구직중",15,1.5e-05,0.995585,unemployed,??/?????,kept:contains:구직중,high,no,unemployed,contains:구직중,employment-status bucket is immutable
컴퓨터 하드웨어 개발 관리자,15,1.5e-05,0.9956,1,???,kept:contains:관리자,high,no,1,contains:관리자,kept from draft; no stronger correction rule
항공운송 관련 관리자,15,1.5e-05,0.995615,1,???,kept:contains:관리자,high,no,1,contains:관리자,kept from draft; no stronger correction rule
"전직 전기제어장치 설치 및 정비원, 현재 구직중",15,1.5e-05,0.99563,unemployed,??/?????,kept:contains:구직중,high,no,unemployed,contains:구직중,employment-status bucket is immutable
"전직 전자 부품 제조 기계 조작원, 현재 구직중",15,1.5e-05,0.995645,unemployed,??/?????,kept:contains:구직중,high,no,unemployed,contains:구직중,employment-status bucket is immutable
포장 디자이너,15,1.5e-05,0.99566,2,??? ? ?? ???,kept:suffix:디자이너,high,no,2,suffix:디자이너,kept from draft; no stronger correction rule
"전직 시외 및 고속 버스 운전원, 현재 구직중",15,1.5e-05,0.995675,unemployed,??/?????,kept:contains:구직중,high,no,unemployed,contains:구직중,employment-status bucket is immutable
"전직 컴퓨터 시스템 설계 및 분석가, 현재 구직중",15,1.5e-05,0.99569,unemployed,??/?????,kept:contains:구직중,high,no,unemployed,contains:구직중,employment-status bucket is immutable
"전직 육아 도우미, 현재 구직중",15,1.5e-05,0.995705,unemployed,??/?????,kept:contains:구직중,high,no,unemployed,contains:구직중,employment-status bucket is immutable
"전직 교도관, 현재 구직중",15,1.5e-05,0.99572,unemployed,??/?????,kept:contains:구직중,high,no,unemployed,contains:구직중,employment-status bucket is immutable
사회학 연구원,15,1.5e-05,0.995735,2,??? ? ?? ???,kept:suffix:연구원,high,no,2,suffix:연구원,kept from draft; no stronger correction rule
"전직 그 외 건물 관리원, 현재 구직중",15,1.5e-05,0.99575,unemployed,??/?????,kept:contains:구직중,high,no,unemployed,contains:구직중,employment-status bucket is immutable
"전직 토목시공 기술자, 현재 구직중",14,1.4e-05,0.995764,unemployed,??/?????,kept:contains:구직중,high,no,unemployed,contains:구직중,employment-status bucket is immutable
그 외 건설용 기계 정비원,14,1.4e-05,0.995778,7,??? ? ?? ?? ???,kept:contains:정비,high,no,7,contains:정비,kept from draft; no stronger correction rule
"전직 실업 교사, 현재 구직중",14,1.4e-05,0.995792,unemployed,??/?????,kept:contains:구직중,high,no,unemployed,contains:구직중,employment-status bucket is immutable
"전직 건축감리 기술자, 현재 구직중",14,1.4e-05,0.995806,unemployed,??/?????,kept:contains:구직중,high,no,unemployed,contains:구직중,employment-status bucket is immutable
"전직 그 외 공학 관련 기술자 및 시험원, 현재 구직중",14,1.4e-05,0.99582,unemployed,??/?????,kept:contains:구직중,high,no,unemployed,contains:구직중,employment-status bucket is immutable
"전직 에스컬레이터 설치 및 정비원, 현재 구직중",14,1.4e-05,0.995834,unemployed,??/?????,kept:contains:구직중,high,no,unemployed,contains:구직중,employment-status bucket is immutable
"전직 건축설비 기술자, 현재 구직중",14,1.4e-05,0.995848,unemployed,??/?????,kept:contains:구직중,high,no,unemployed,contains:구직중,employment-status bucket is immutable
"전직 산후조리 종사원, 현재 구직중",14,1.4e-05,0.995862,unemployed,??/?????,kept:contains:구직중,high,no,unemployed,contains:구직중,employment-status bucket is immutable
법률 관리자,14,1.4e-05,0.995876,1,???,kept:contains:관리자,high,no,1,contains:관리자,kept from draft; no stronger correction rule
활자 디자이너,14,1.4e-05,0.99589,2,??? ? ?? ???,kept:suffix:디자이너,high,no,2,suffix:디자이너,kept from draft; no stronger correction rule
그 외 시각 및 공연 예술가,14,1.4e-05,0.995904,2,??? ? ?? ???,v3fix:arts/media/education professional,medium,yes,other,no_rule,manual cleanup of low-confidence fallback
"전직 입학 사정관, 현재 구직중",14,1.4e-05,0.995918,unemployed,??/?????,kept:contains:구직중,high,no,unemployed,contains:구직중,employment-status bucket is immutable
"전직 청원경찰, 현재 구직중",14,1.4e-05,0.995932,unemployed,??/?????,kept:contains:구직중,high,no,unemployed,contains:구직중,employment-status bucket is immutable
대기 환경 시험원,14,1.4e-05,0.995946,2,??? ? ?? ???,v2:시험원,high,yes,other,no_rule,professional/associate professional
"전직 그 외 교사, 현재 구직중",14,1.4e-05,0.99596,unemployed,??/?????,kept:contains:구직중,high,no,unemployed,contains:구직중,employment-status bucket is immutable
"전직 가전제품 설치 및 수리원, 현재 구직중",14,1.4e-05,0.995974,unemployed,??/?????,kept:contains:구직중,high,no,unemployed,contains:구직중,employment-status bucket is immutable
토양 환경 시험원,14,1.4e-05,0.995988,2,??? ? ?? ???,v2:시험원,high,yes,other,no_rule,professional/associate professional
"전직 화학물 여과기 및 분리기 조작원, 현재 구직중",14,1.4e-05,0.996002,unemployed,??/?????,kept:contains:구직중,high,no,unemployed,contains:구직중,employment-status bucket is immutable
"전직 교사 교육 보조원, 현재 구직중",14,1.4e-05,0.996016,unemployed,??/?????,kept:contains:구직중,high,no,unemployed,contains:구직중,employment-status bucket is immutable
피부과 및 비뇨기과 전문 의사,14,1.4e-05,0.99603,2,??? ? ?? ???,kept:suffix:의사,high,no,2,suffix:의사,kept from draft; no stronger correction rule
경영학 연구원,14,1.4e-05,0.996044,2,??? ? ?? ???,kept:suffix:연구원,high,no,2,suffix:연구원,kept from draft; no stronger correction rule
집행관,14,1.4e-05,0.996058,3,?? ???,v3fix:final low cleanup,medium,yes,other,no_rule,manual cleanup of remaining tiny-tail fallback
"전직 떡 제조원, 현재 구직중",14,1.4e-05,0.996072,unemployed,??/?????,kept:contains:구직중,high,no,unemployed,contains:구직중,employment-status bucket is immutable
"전직 그 외 바닥재 시공원, 현재 구직중",14,1.4e-05,0.996086,unemployed,??/?????,kept:contains:구직중,high,no,unemployed,contains:구직중,employment-status bucket is immutable
천문 및 우주 과학 연구원,14,1.4e-05,0.9961,2,??? ? ?? ???,kept:suffix:연구원,high,no,2,suffix:연구원,kept from draft; no stronger correction rule
"전직 선반기 조작원, 현재 구직중",14,1.4e-05,0.996114,unemployed,??/?????,kept:contains:구직중,high,no,unemployed,contains:구직중,employment-status bucket is immutable
그 외 패턴사,13,1.3e-05,0.996127,7,??? ? ?? ?? ???,v2:패턴사,high,yes,other,no_rule,craft/construction/manufacturing skilled
"전직 방송 송출 장비 기사, 현재 구직중",13,1.3e-05,0.99614,unemployed,??/?????,kept:contains:구직중,high,no,unemployed,contains:구직중,employment-status bucket is immutable
"전직 기자, 현재 구직중",13,1.3e-05,0.996153,unemployed,??/?????,kept:contains:구직중,high,no,unemployed,contains:구직중,employment-status bucket is immutable
"전직 통신기기 기술자 및 연구원, 현재 구직중",13,1.3e-05,0.996166,unemployed,??/?????,kept:contains:구직중,high,no,unemployed,contains:구직중,employment-status bucket is immutable
도서 및 영상 기록 매체 대여원,13,1.3e-05,0.996179,4,??? ???,v3:대여원,medium,yes,other,no_rule,service/care/monitoring/rental
"전직 식품학 연구원, 현재 구직중",13,1.3e-05,0.996192,unemployed,??/?????,kept:contains:구직중,high,no,unemployed,contains:구직중,employment-status bucket is immutable
"전직 건축시공 기술자, 현재 구직중",13,1.3e-05,0.996205,unemployed,??/?????,kept:contains:구직중,high,no,unemployed,contains:구직중,employment-status bucket is immutable
"전직 토목 관련 관리자, 현재 구직중",13,1.3e-05,0.996218,unemployed,??/?????,kept:contains:구직중,high,no,unemployed,contains:구직중,employment-status bucket is immutable
"전직 덤프트럭 운전원, 현재 구직중",13,1.3e-05,0.996231,unemployed,??/?????,kept:contains:구직중,high,no,unemployed,contains:구직중,employment-status bucket is immutable
"전직 호송 경비원, 현재 구직중",13,1.3e-05,0.996244,unemployed,??/?????,kept:contains:구직중,high,no,unemployed,contains:구직중,employment-status bucket is immutable
소아청소년과 전문 의사,13,1.3e-05,0.996257,2,??? ? ?? ???,kept:suffix:의사,medium,yes,2,suffix:의사,kept from draft; no stronger correction rule
중·고등학교 교장 및 교감,13,1.3e-05,0.99627,1,???,v3fix:institution/political manager,medium,yes,other,no_rule,manual cleanup of low-confidence fallback
"전직 방송장비 설치 및 수리원, 현재 구직중",13,1.3e-05,0.996283,unemployed,??/?????,kept:contains:구직중,high,no,unemployed,contains:구직중,employment-status bucket is immutable
"전직 그 외 버스 운전원, 현재 구직중",13,1.3e-05,0.996296,unemployed,??/?????,kept:contains:구직중,high,no,unemployed,contains:구직중,employment-status bucket is immutable
"전직 제관원, 현재 구직중",13,1.3e-05,0.996309,unemployed,??/?????,kept:contains:구직중,high,no,unemployed,contains:구직중,employment-status bucket is immutable
"전직 농학 연구원, 현재 구직중",13,1.3e-05,0.996322,unemployed,??/?????,kept:contains:구직중,high,no,unemployed,contains:구직중,employment-status bucket is immutable
"전직 건축 관련 관리자, 현재 구직중",13,1.3e-05,0.996335,unemployed,??/?????,kept:contains:구직중,high,no,unemployed,contains:구직중,employment-status bucket is immutable
교도 관리자,13,1.3e-05,0.996348,1,???,kept:contains:관리자,high,no,1,contains:관리자,kept from draft; no stronger correction rule
"전직 강구조물 가공원, 현재 구직중",13,1.3e-05,0.996361,unemployed,??/?????,kept:contains:구직중,high,no,unemployed,contains:구직중,employment-status bucket is immutable
"전직 자동 재단기 조작원, 현재 구직중",13,1.3e-05,0.996374,unemployed,??/?????,kept:contains:구직중,high,no,unemployed,contains:구직중,employment-status bucket is immutable
"전직 임상영양사, 현재 구직중",13,1.3e-05,0.996387,unemployed,??/?????,kept:contains:구직중,high,no,unemployed,contains:구직중,employment-status bucket is immutable
"전직 그 외 도시 및 교통 관련 전문가, 현재 구직중",13,1.3e-05,0.9964,unemployed,??/?????,kept:contains:구직중,high,no,unemployed,contains:구직중,employment-status bucket is immutable
"전직 소방관, 현재 구직중",13,1.3e-05,0.996413,unemployed,??/?????,kept:contains:구직중,high,no,unemployed,contains:구직중,employment-status bucket is immutable
"전직 전기 관련 관리자, 현재 구직중",13,1.3e-05,0.996426,unemployed,??/?????,kept:contains:구직중,high,no,unemployed,contains:구직중,employment-status bucket is immutable
"전직 기계 제도사, 현재 구직중",12,1.2e-05,0.996438,unemployed,??/?????,kept:contains:구직중,high,no,unemployed,contains:구직중,employment-status bucket is immutable
사진측량 및 분석가,12,1.2e-05,0.99645,2,??? ? ?? ???,kept:contains:분석가,high,no,2,contains:분석가,kept from draft; no stronger correction rule
"전직 언어재활사, 현재 구직중",12,1.2e-05,0.996462,unemployed,??/?????,kept:contains:구직중,high,no,unemployed,contains:구직중,employment-status bucket is immutable
헬리콥터 조종사,12,1.2e-05,0.996474,8,????? ?? ? ?? ???,v3fix:vehicle/aircraft operator,medium,yes,other,no_rule,manual cleanup of low-confidence fallback
가수,12,1.2e-05,0.996486,2,??? ? ?? ???,v3fix:arts/media/education professional,medium,yes,other,no_rule,manual cleanup of low-confidence fallback
"전직 컴퓨터 시스템 감리 전문가, 현재 구직중",12,1.2e-05,0.996498,unemployed,??/?????,kept:contains:구직중,high,no,unemployed,contains:구직중,employment-status bucket is immutable
그 외 재단사,12,1.2e-05,0.99651,7,??? ? ?? ?? ???,v2:재단사,high,yes,other,no_rule,craft/construction/manufacturing skilled
개그맨 및 코미디언,12,1.2e-05,0.996522,2,??? ? ?? ???,v3fix:arts/media/education professional,medium,yes,other,no_rule,manual cleanup of low-confidence fallback
"전직 고무·플라스틱 기술자 및 연구원, 현재 구직중",12,1.2e-05,0.996534,unemployed,??/?????,kept:contains:구직중,high,no,unemployed,contains:구직중,employment-status bucket is immutable
청소 관련 관리자,12,1.2e-05,0.996546,1,???,kept:contains:관리자,medium,yes,1,contains:관리자,kept from draft; no stronger correction rule
"전직 공학·제조 및 건설 분야 교수, 현재 구직중",12,1.2e-05,0.996558,unemployed,??/?????,kept:contains:구직중,high,no,unemployed,contains:구직중,employment-status bucket is immutable
"전직 교통안전 연구원, 현재 구직중",12,1.2e-05,0.99657,unemployed,??/?????,kept:contains:구직중,high,no,unemployed,contains:구직중,employment-status bucket is immutable
정당 및 특수 단체 임원,12,1.2e-05,0.996582,1,???,kept:contains:임원,high,no,1,contains:임원,kept from draft; no stronger correction rule
"전직 용융 도금기 조작원, 현재 구직중",12,1.2e-05,0.996594,unemployed,??/?????,kept:contains:구직중,high,no,unemployed,contains:구직중,employment-status bucket is immutable
"전직 산업기계공학 기술자 및 연구원, 현재 구직중",12,1.2e-05,0.996606,unemployed,??/?????,kept:contains:구직중,high,no,unemployed,contains:구직중,employment-status bucket is immutable
보건 및 복지 시간강사,12,1.2e-05,0.996618,2,??? ? ?? ???,kept:suffix:강사,high,no,2,suffix:강사,kept from draft; no stronger correction rule
경찰 관리자,12,1.2e-05,0.99663,1,???,kept:contains:관리자,high,no,1,contains:관리자,kept from draft; no stronger correction rule
"전직 섬유 공정 개발 기술자 및 연구원, 현재 구직중",12,1.2e-05,0.996642,unemployed,??/?????,kept:contains:구직중,high,no,unemployed,contains:구직중,employment-status bucket is immutable
"전직 법무사, 현재 구직중",12,1.2e-05,0.996654,unemployed,??/?????,kept:contains:구직중,high,no,unemployed,contains:구직중,employment-status bucket is immutable
"전직 전자계측 제어 기술자 및 연구원, 현재 구직중",12,1.2e-05,0.996666,unemployed,??/?????,kept:contains:구직중,high,no,unemployed,contains:구직중,employment-status bucket is immutable
"전직 그 외 미용 관련 서비스 종사원, 현재 구직중",12,1.2e-05,0.996678,unemployed,??/?????,kept:contains:구직중,high,no,unemployed,contains:구직중,employment-status bucket is immutable
"전직 그 외 정육가공 및 도축 관련 종사원, 현재 구직중",12,1.2e-05,0.99669,unemployed,??/?????,kept:contains:구직중,high,no,unemployed,contains:구직중,employment-status bucket is immutable
"전직 건물용 냉동·냉장·공조기 설치 및 정비원, 현재 구직중",12,1.2e-05,0.996702,unemployed,??/?????,kept:contains:구직중,high,no,unemployed,contains:구직중,employment-status bucket is immutable
"전직 전기 안전 기술자 및 연구원, 현재 구직중",12,1.2e-05,0.996714,unemployed,??/?????,kept:contains:구직중,high,no,unemployed,contains:구직중,employment-status bucket is immutable
"전직 내장 목공, 현재 구직중",12,1.2e-05,0.996726,unemployed,??/?????,kept:contains:구직중,high,no,unemployed,contains:구직중,employment-status bucket is immutable
"전직 대리석 부착원, 현재 구직중",12,1.2e-05,0.996738,unemployed,??/?????,kept:contains:구직중,high,no,unemployed,contains:구직중,employment-status bucket is immutable
"전직 그 외 제분 및 도정 관련 기계 조작원, 현재 구직중",12,1.2e-05,0.99675,unemployed,??/?????,kept:contains:구직중,high,no,unemployed,contains:구직중,employment-status bucket is immutable
도자기 공예원,12,1.2e-05,0.996762,7,??? ? ?? ?? ???,v2:공예원,high,yes,other,no_rule,craft/construction/manufacturing skilled
"전직 산업용 기계장비 기술 영업원, 현재 구직중",12,1.2e-05,0.996774,unemployed,??/?????,kept:contains:구직중,high,no,unemployed,contains:구직중,employment-status bucket is immutable
"전직 게임 프로그래머, 현재 구직중",11,1.1e-05,0.996785,unemployed,??/?????,kept:contains:구직중,high,no,unemployed,contains:구직중,employment-status bucket is immutable
"전직 화학기계 설치 및 정비원, 현재 구직중",11,1.1e-05,0.996796,unemployed,??/?????,kept:contains:구직중,high,no,unemployed,contains:구직중,employment-status bucket is immutable
"전직 정보 통신 컨설턴트, 현재 구직중",11,1.1e-05,0.996807,unemployed,??/?????,kept:contains:구직중,high,no,unemployed,contains:구직중,employment-status bucket is immutable
"전직 신발 및 액세서리 판매원, 현재 구직중",11,1.1e-05,0.996818,unemployed,??/?????,kept:contains:구직중,high,no,unemployed,contains:구직중,employment-status bucket is immutable
"전직 섬유 소재 개발 기술자 및 연구원, 현재 구직중",11,1.1e-05,0.996829,unemployed,??/?????,kept:contains:구직중,high,no,unemployed,contains:구직중,employment-status bucket is immutable
"전직 방수공, 현재 구직중",11,1.1e-05,0.99684,unemployed,??/?????,kept:contains:구직중,high,no,unemployed,contains:구직중,employment-status bucket is immutable
"전직 가스 생산기 조작원, 현재 구직중",11,1.1e-05,0.996851,unemployed,??/?????,kept:contains:구직중,high,no,unemployed,contains:구직중,employment-status bucket is immutable
"전직 품질 인증 심사 전문가, 현재 구직중",11,1.1e-05,0.996862,unemployed,??/?????,kept:contains:구직중,high,no,unemployed,contains:구직중,employment-status bucket is immutable
그 외 아나운서 및 리포터,11,1.1e-05,0.996873,2,??? ? ?? ???,v3fix:arts/media/education professional,medium,yes,other,no_rule,manual cleanup of low-confidence fallback
"전직 의무 기록사, 현재 구직중",11,1.1e-05,0.996884,unemployed,??/?????,kept:contains:구직중,high,no,unemployed,contains:구직중,employment-status bucket is immutable
"전직 그 외 상품 중개인 및 경매사, 현재 구직중",11,1.1e-05,0.996895,unemployed,??/?????,kept:contains:구직중,high,no,unemployed,contains:구직중,employment-status bucket is immutable
"전직 전자제품 제조 기계 조작원, 현재 구직중",11,1.1e-05,0.996906,unemployed,??/?????,kept:contains:구직중,high,no,unemployed,contains:구직중,employment-status bucket is immutable
그 외 상품 대여원,11,1.1e-05,0.996917,4,??? ???,v3:대여원,medium,yes,other,no_rule,service/care/monitoring/rental
"전직 금속코팅·광택 및 래미네이팅기 조작원, 현재 구직중",11,1.1e-05,0.996928,unemployed,??/?????,kept:contains:구직중,high,no,unemployed,contains:구직중,employment-status bucket is immutable
공장 전기 및 전자설비 조작원,11,1.1e-05,0.996939,8,????? ?? ? ?? ???,kept:contains:조작원,high,no,8,contains:조작원,kept from draft; no stronger correction rule
"전직 증권 사무원, 현재 구직중",11,1.1e-05,0.99695,unemployed,??/?????,kept:contains:구직중,high,no,unemployed,contains:구직중,employment-status bucket is immutable
"전직 컴퓨터 하드웨어 기술자 및 연구원, 현재 구직중",11,1.1e-05,0.996961,unemployed,??/?????,kept:contains:구직중,high,no,unemployed,contains:구직중,employment-status bucket is immutable
"전직 통역가, 현재 구직중",11,1.1e-05,0.996972,unemployed,??/?????,kept:contains:구직중,high,no,unemployed,contains:구직중,employment-status bucket is immutable
"전직 엘리베이터 설치 및 정비원, 현재 구직중",11,1.1e-05,0.996983,unemployed,??/?????,kept:contains:구직중,high,no,unemployed,contains:구직중,employment-status bucket is immutable
"전직 그 외 전자공학 기술자 및 연구원, 현재 구직중",11,1.1e-05,0.996994,unemployed,??/?????,kept:contains:구직중,high,no,unemployed,contains:구직중,employment-status bucket is immutable
동산 감정 전문가,11,1.1e-05,0.997005,2,??? ? ?? ???,kept:suffix:전문가,high,no,2,suffix:전문가,kept from draft; no stronger correction rule
"전직 통신기술 기술자 및 연구원, 현재 구직중",11,1.1e-05,0.997016,unemployed,??/?????,kept:contains:구직중,high,no,unemployed,contains:구직중,employment-status bucket is immutable
지방의회 의원 및 교육 의원,11,1.1e-05,0.997027,1,???,v3fix:institution/political manager,medium,yes,other,no_rule,manual cleanup of low-confidence fallback
"전직 제품 단순 선별원, 현재 구직중",11,1.1e-05,0.997038,unemployed,??/?????,kept:contains:구직중,high,no,unemployed,contains:구직중,employment-status bucket is immutable
"전직 신차 영업원, 현재 구직중",11,1.1e-05,0.997049,unemployed,??/?????,kept:contains:구직중,high,no,unemployed,contains:구직중,employment-status bucket is immutable
방송·출판 및 영상 관련 관리자,11,1.1e-05,0.99706,1,???,kept:contains:관리자,high,no,1,contains:관리자,kept from draft; no stronger correction rule
인력 공급 및 알선 서비스 관리자,11,1.1e-05,0.997071,1,???,kept:contains:관리자,medium,yes,1,contains:관리자,kept from draft; no stronger correction rule
영상·녹화 및 편집 기사,11,1.1e-05,0.997082,2,??? ? ?? ???,kept:suffix:기사,high,no,2,suffix:기사,kept from draft; no stronger correction rule
"전직 세탁원 및 다림질원, 현재 구직중",10,1e-05,0.997092,unemployed,??/?????,kept:contains:구직중,high,no,unemployed,contains:구직중,employment-status bucket is immutable
"전직 그 외 인사 및 노사 관련 전문가, 현재 구직중",10,1e-05,0.997102,unemployed,??/?????,kept:contains:구직중,high,no,unemployed,contains:구직중,employment-status bucket is immutable
곡식작물 재배원,10,1e-05,0.997112,6,????? ?? ???,v3:재배원,medium,yes,other,no_rule,agriculture/livestock skilled
"전직 보험 설계사, 현재 구직중",10,1e-05,0.997122,unemployed,??/?????,kept:contains:구직중,high,no,unemployed,contains:구직중,employment-status bucket is immutable
자동차 대여원,10,1e-05,0.997132,4,??? ???,v3:대여원,medium,yes,other,no_rule,service/care/monitoring/rental
"전직 간판 제작 및 설치원, 현재 구직중",10,1e-05,0.997142,unemployed,??/?????,kept:contains:구직중,high,no,unemployed,contains:구직중,employment-status bucket is immutable
"전직 그 외 화학물 가공 장치 조작원, 현재 구직중",10,1e-05,0.997152,unemployed,??/?????,kept:contains:구직중,high,no,unemployed,contains:구직중,employment-status bucket is immutable
"전직 인쇄판 출력원, 현재 구직중",10,1e-05,0.997162,unemployed,??/?????,kept:contains:구직중,high,no,unemployed,contains:구직중,employment-status bucket is immutable
"전직 농업 시험원, 현재 구직중",10,1e-05,0.997172,unemployed,??/?????,kept:contains:구직중,high,no,unemployed,contains:구직중,employment-status bucket is immutable
"전직 해양 경찰관 및 수사관, 현재 구직중",10,1e-05,0.997182,unemployed,??/?????,kept:contains:구직중,high,no,unemployed,contains:구직중,employment-status bucket is immutable
사진 인화 및 현상기 조작원,10,1e-05,0.997192,8,????? ?? ? ?? ???,kept:contains:조작원,high,no,8,contains:조작원,kept from draft; no stronger correction rule
"전직 그 외 인쇄기 조작원, 현재 구직중",10,1e-05,0.997202,unemployed,??/?????,kept:contains:구직중,high,no,unemployed,contains:구직중,employment-status bucket is immutable
"전직 그 외 미디어 콘텐츠 디자이너, 현재 구직중",10,1e-05,0.997212,unemployed,??/?????,kept:contains:구직중,high,no,unemployed,contains:구직중,employment-status bucket is immutable
"전직 장학관 및 장학사, 현재 구직중",10,1e-05,0.997222,unemployed,??/?????,kept:contains:구직중,high,no,unemployed,contains:구직중,employment-status bucket is immutable
"전직 세무사, 현재 구직중",10,1e-05,0.997232,unemployed,??/?????,kept:contains:구직중,high,no,unemployed,contains:구직중,employment-status bucket is immutable
원유 처리 장치 조작원,10,1e-05,0.997242,8,????? ?? ? ?? ???,kept:contains:조작원,high,no,8,contains:조작원,kept from draft; no stronger correction rule
"전직 전산 자료 입력원, 현재 구직중",10,1e-05,0.997252,unemployed,??/?????,kept:contains:구직중,high,no,unemployed,contains:구직중,employment-status bucket is immutable
"전직 염색기 조작원, 현재 구직중",10,1e-05,0.997262,unemployed,??/?????,kept:contains:구직중,high,no,unemployed,contains:구직중,employment-status bucket is immutable
"전직 원예작물 판매원, 현재 구직중",10,1e-05,0.997272,unemployed,??/?????,kept:contains:구직중,high,no,unemployed,contains:구직중,employment-status bucket is immutable
"전직 비계공, 현재 구직중",10,1e-05,0.997282,unemployed,??/?????,kept:contains:구직중,high,no,unemployed,contains:구직중,employment-status bucket is immutable
빵·과자 및 떡 제조 기계 조작원,10,1e-05,0.997292,8,????? ?? ? ?? ???,kept:contains:조작원,high,no,8,contains:조작원,kept from draft; no stronger correction rule
사회복지 관련 관리자,9,9e-06,0.997301,1,???,kept:contains:관리자,high,no,1,contains:관리자,kept from draft; no stronger correction rule
"전직 미용사, 현재 구직중",9,9e-06,0.99731,unemployed,??/?????,kept:contains:구직중,high,no,unemployed,contains:구직중,employment-status bucket is immutable
"전직 스포츠 감독, 현재 구직중",9,9e-06,0.997319,unemployed,??/?????,kept:contains:구직중,high,no,unemployed,contains:구직중,employment-status bucket is immutable
"전직 농약 및 비료 시험원, 현재 구직중",9,9e-06,0.997328,unemployed,??/?????,kept:contains:구직중,high,no,unemployed,contains:구직중,employment-status bucket is immutable
"전직 그 외 산업 전기 설치원, 현재 구직중",9,9e-06,0.997337,unemployed,??/?????,kept:contains:구직중,high,no,unemployed,contains:구직중,employment-status bucket is immutable
"전직 골프장 캐디, 현재 구직중",9,9e-06,0.997346,unemployed,??/?????,kept:contains:구직중,high,no,unemployed,contains:구직중,employment-status bucket is immutable
"전직 음료 배달원, 현재 구직중",9,9e-06,0.997355,unemployed,??/?????,kept:contains:구직중,high,no,unemployed,contains:구직중,employment-status bucket is immutable
"전직 광고 디자이너, 현재 구직중",9,9e-06,0.997364,unemployed,??/?????,kept:contains:구직중,high,no,unemployed,contains:구직중,employment-status bucket is immutable
"전직 리프트 조작원, 현재 구직중",9,9e-06,0.997373,unemployed,??/?????,kept:contains:구직중,high,no,unemployed,contains:구직중,employment-status bucket is immutable
"전직 기획 관리자, 현재 구직중",9,9e-06,0.997382,unemployed,??/?????,kept:contains:구직중,high,no,unemployed,contains:구직중,employment-status bucket is immutable
그 외 정보 통신 관련 관리자,9,9e-06,0.997391,1,???,kept:contains:관리자,high,no,1,contains:관리자,kept from draft; no stronger correction rule
"전직 화학물 분쇄기·마쇄기 및 혼합기 조작원, 현재 구직중",9,9e-06,0.9974,unemployed,??/?????,kept:contains:구직중,high,no,unemployed,contains:구직중,employment-status bucket is immutable
연주가,9,9e-06,0.997409,2,??? ? ?? ???,v3fix:arts/media/education professional,medium,yes,other,no_rule,manual cleanup of low-confidence fallback
"전직 시멘트공학 기술자 및 연구원, 현재 구직중",9,9e-06,0.997418,unemployed,??/?????,kept:contains:구직중,high,no,unemployed,contains:구직중,employment-status bucket is immutable
"전직 설탕 제조 관련 기계 조작원, 현재 구직중",9,9e-06,0.997427,unemployed,??/?????,kept:contains:구직중,high,no,unemployed,contains:구직중,employment-status bucket is immutable
화훼작물 재배원,9,9e-06,0.997436,6,????? ?? ???,v3:재배원,medium,yes,other,no_rule,agriculture/livestock skilled
"전직 그 외 경영 지원 관리자, 현재 구직중",9,9e-06,0.997445,unemployed,??/?????,kept:contains:구직중,high,no,unemployed,contains:구직중,employment-status bucket is immutable
"전직 전기제품 제조 기계 조작원, 현재 구직중",9,9e-06,0.997454,unemployed,??/?????,kept:contains:구직중,high,no,unemployed,contains:구직중,employment-status bucket is immutable
"전직 그 외 건축 도장공, 현재 구직중",9,9e-06,0.997463,unemployed,??/?????,kept:contains:구직중,high,no,unemployed,contains:구직중,employment-status bucket is immutable
"전직 수금원, 현재 구직중",9,9e-06,0.997472,unemployed,??/?????,kept:contains:구직중,high,no,unemployed,contains:구직중,employment-status bucket is immutable
"전직 차량 도장기 조작원, 현재 구직중",9,9e-06,0.997481,unemployed,??/?????,kept:contains:구직중,high,no,unemployed,contains:구직중,employment-status bucket is immutable
"전직 그 외 청소원, 현재 구직중",9,9e-06,0.99749,unemployed,??/?????,kept:contains:구직중,high,no,unemployed,contains:구직중,employment-status bucket is immutable
"전직 장례 지도사, 현재 구직중",9,9e-06,0.997499,unemployed,??/?????,kept:contains:구직중,high,no,unemployed,contains:구직중,employment-status bucket is immutable
"전직 판금기 조작원, 현재 구직중",9,9e-06,0.997508,unemployed,??/?????,kept:contains:구직중,high,no,unemployed,contains:구직중,employment-status bucket is immutable
현금인출기 설치 및 수리원,9,9e-06,0.997517,7,??? ? ?? ?? ???,kept:contains:설치,high,no,7,contains:설치,kept from draft; no stronger correction rule
"전직 그 외 데이터 및 네트워크 관련 전문가, 현재 구직중",9,9e-06,0.997526,unemployed,??/?????,kept:contains:구직중,high,no,unemployed,contains:구직중,employment-status bucket is immutable
"전직 전기계측 제어 기술자 및 연구원, 현재 구직중",9,9e-06,0.997535,unemployed,??/?????,kept:contains:구직중,high,no,unemployed,contains:구직중,employment-status bucket is immutable
제화원,9,9e-06,0.997544,7,??? ? ?? ?? ???,v3fix:craft/production/manual skilled,medium,yes,other,no_rule,manual cleanup of low-confidence fallback
"전직 자동차 경정비원, 현재 구직중",9,9e-06,0.997553,unemployed,??/?????,kept:contains:구직중,high,no,unemployed,contains:구직중,employment-status bucket is immutable
"전직 폐기물 처리 기술자 및 연구원, 현재 구직중",9,9e-06,0.997562,unemployed,??/?????,kept:contains:구직중,high,no,unemployed,contains:구직중,employment-status bucket is immutable
"전직 양복 제조원, 현재 구직중",9,9e-06,0.997571,unemployed,??/?????,kept:contains:구직중,high,no,unemployed,contains:구직중,employment-status bucket is immutable
"전직 직물 패턴사, 현재 구직중",9,9e-06,0.99758,unemployed,??/?????,kept:contains:구직중,high,no,unemployed,contains:구직중,employment-status bucket is immutable
"전직 렌즈 및 프리즘 가공기 조작원, 현재 구직중",9,9e-06,0.997589,unemployed,??/?????,kept:contains:구직중,high,no,unemployed,contains:구직중,employment-status bucket is immutable
"전직 통신장비 설치 및 수리원, 현재 구직중",9,9e-06,0.997598,unemployed,??/?????,kept:contains:구직중,high,no,unemployed,contains:구직중,employment-status bucket is immutable
"전직 그 외 석유 및 천연가스 제조 관련 제어 장치 조작원, 현재 구직중",9,9e-06,0.997607,unemployed,??/?????,kept:contains:구직중,high,no,unemployed,contains:구직중,employment-status bucket is immutable
"전직 경량 철골공, 현재 구직중",9,9e-06,0.997616,unemployed,??/?????,kept:contains:구직중,high,no,unemployed,contains:구직중,employment-status bucket is immutable
"전직 그 외 제도사, 현재 구직중",9,9e-06,0.997625,unemployed,??/?????,kept:contains:구직중,high,no,unemployed,contains:구직중,employment-status bucket is immutable
지리 정보 시스템 전문가,9,9e-06,0.997634,2,??? ? ?? ???,kept:suffix:전문가,high,no,2,suffix:전문가,kept from draft; no stronger correction rule
"전직 타일 부착원, 현재 구직중",9,9e-06,0.997643,unemployed,??/?????,kept:contains:구직중,high,no,unemployed,contains:구직중,employment-status bucket is immutable
"전직 식품공학 기술자 및 연구원, 현재 구직중",9,9e-06,0.997652,unemployed,??/?????,kept:contains:구직중,high,no,unemployed,contains:구직중,employment-status bucket is immutable
"전직 전기 및 전자 제품 생산 관리자, 현재 구직중",9,9e-06,0.997661,unemployed,??/?????,kept:contains:구직중,high,no,unemployed,contains:구직중,employment-status bucket is immutable
배관 세정원,9,9e-06,0.99767,7,??? ? ?? ?? ???,kept:contains:배관,high,no,7,contains:배관,kept from draft; no stronger correction rule
"전직 화학 시험원, 현재 구직중",9,9e-06,0.997679,unemployed,??/?????,kept:contains:구직중,high,no,unemployed,contains:구직중,employment-status bucket is immutable
"전직 외국어 교사, 현재 구직중",9,9e-06,0.997688,unemployed,??/?????,kept:contains:구직중,high,no,unemployed,contains:구직중,employment-status bucket is immutable
"전직 표백기 조작원, 현재 구직중",9,9e-06,0.997697,unemployed,??/?????,kept:contains:구직중,high,no,unemployed,contains:구직중,employment-status bucket is immutable
"전직 의복 수선원, 현재 구직중",9,9e-06,0.997706,unemployed,??/?????,kept:contains:구직중,high,no,unemployed,contains:구직중,employment-status bucket is immutable
"전직 육류가공 기계 조작원, 현재 구직중",9,9e-06,0.997715,unemployed,??/?????,kept:contains:구직중,high,no,unemployed,contains:구직중,employment-status bucket is immutable
요금 정산원,9,9e-06,0.997724,3,?? ???,v3fix:clerical/inspection record work,medium,yes,other,no_rule,manual cleanup of low-confidence fallback
"전직 연선기 조작원, 현재 구직중",8,8e-06,0.997732,unemployed,??/?????,kept:contains:구직중,high,no,unemployed,contains:구직중,employment-status bucket is immutable
"전직 스포츠 강사 및 트레이너, 현재 구직중",8,8e-06,0.99774,unemployed,??/?????,kept:contains:구직중,high,no,unemployed,contains:구직중,employment-status bucket is immutable
"전직 열차 객실 승무원, 현재 구직중",8,8e-06,0.997748,unemployed,??/?????,kept:contains:구직중,high,no,unemployed,contains:구직중,employment-status bucket is immutable
"전직 자동차 엔진 조립원, 현재 구직중",8,8e-06,0.997756,unemployed,??/?????,kept:contains:구직중,high,no,unemployed,contains:구직중,employment-status bucket is immutable
"전직 플라스틱 사출기 조작원, 현재 구직중",8,8e-06,0.997764,unemployed,??/?????,kept:contains:구직중,high,no,unemployed,contains:구직중,employment-status bucket is immutable
"전직 계기 검침원, 현재 구직중",8,8e-06,0.997772,unemployed,??/?????,kept:contains:구직중,high,no,unemployed,contains:구직중,employment-status bucket is immutable
"전직 건축안전 기술자, 현재 구직중",8,8e-06,0.99778,unemployed,??/?????,kept:contains:구직중,high,no,unemployed,contains:구직중,employment-status bucket is immutable
오락 및 스포츠 관련 관리자,8,8e-06,0.997788,1,???,kept:contains:관리자,high,no,1,contains:관리자,kept from draft; no stronger correction rule
"전직 가구 도장기 조작원, 현재 구직중",8,8e-06,0.997796,unemployed,??/?????,kept:contains:구직중,high,no,unemployed,contains:구직중,employment-status bucket is immutable
"전직 철도운송 사무원, 현재 구직중",8,8e-06,0.997804,unemployed,??/?????,kept:contains:구직중,high,no,unemployed,contains:구직중,employment-status bucket is immutable
"전직 발전설비 기술자 및 연구원, 현재 구직중",8,8e-06,0.997812,unemployed,??/?????,kept:contains:구직중,high,no,unemployed,contains:구직중,employment-status bucket is immutable
"전직 그 외 운송장비 정비원, 현재 구직중",8,8e-06,0.99782,unemployed,??/?????,kept:contains:구직중,high,no,unemployed,contains:구직중,employment-status bucket is immutable
"전직 웹 기획자, 현재 구직중",8,8e-06,0.997828,unemployed,??/?????,kept:contains:구직중,high,no,unemployed,contains:구직중,employment-status bucket is immutable
"전직 기지국 설치 및 수리원, 현재 구직중",8,8e-06,0.997836,unemployed,??/?????,kept:contains:구직중,high,no,unemployed,contains:구직중,employment-status bucket is immutable
"전직 그 외 통신공학 기술자 및 연구원, 현재 구직중",8,8e-06,0.997844,unemployed,??/?????,kept:contains:구직중,high,no,unemployed,contains:구직중,employment-status bucket is immutable
폐유 및 재생유 처리 장치 조작원,8,8e-06,0.997852,8,????? ?? ? ?? ???,kept:contains:조작원,high,no,8,contains:조작원,kept from draft; no stronger correction rule
"전직 밀링기 조작원, 현재 구직중",8,8e-06,0.99786,unemployed,??/?????,kept:contains:구직중,high,no,unemployed,contains:구직중,employment-status bucket is immutable
"전직 염색 개발 공학 기술자 및 연구원, 현재 구직중",8,8e-06,0.997868,unemployed,??/?????,kept:contains:구직중,high,no,unemployed,contains:구직중,employment-status bucket is immutable
교통영향 평가원,8,8e-06,0.997876,2,??? ? ?? ???,v3:평가원,medium,yes,other,no_rule,professional/sports/arts/religion/social guidance
광업용 기계 설치 및 정비원,8,8e-06,0.997884,7,??? ? ?? ?? ???,kept:contains:설치,high,no,7,contains:설치,kept from draft; no stronger correction rule
"전직 공군 부사관, 현재 구직중",8,8e-06,0.997892,unemployed,??/?????,kept:contains:구직중,high,no,unemployed,contains:구직중,employment-status bucket is immutable
"전직 그 외 생명과학 시험원, 현재 구직중",8,8e-06,0.9979,unemployed,??/?????,kept:contains:구직중,high,no,unemployed,contains:구직중,employment-status bucket is immutable
"전직 미장공, 현재 구직중",8,8e-06,0.997908,unemployed,??/?????,kept:contains:구직중,high,no,unemployed,contains:구직중,employment-status bucket is immutable
"전직 판매 관련 관리자, 현재 구직중",8,8e-06,0.997916,unemployed,??/?????,kept:contains:구직중,high,no,unemployed,contains:구직중,employment-status bucket is immutable
"전직 건물 도장공, 현재 구직중",8,8e-06,0.997924,unemployed,??/?????,kept:contains:구직중,high,no,unemployed,contains:구직중,employment-status bucket is immutable
"전직 금속공학 시험원, 현재 구직중",8,8e-06,0.997932,unemployed,??/?????,kept:contains:구직중,high,no,unemployed,contains:구직중,employment-status bucket is immutable
"전직 문화 관광 및 숲·자연환경 해설사, 현재 구직중",8,8e-06,0.99794,unemployed,??/?????,kept:contains:구직중,high,no,unemployed,contains:구직중,employment-status bucket is immutable
"전직 인사 컨설턴트, 현재 구직중",8,8e-06,0.997948,unemployed,??/?????,kept:contains:구직중,high,no,unemployed,contains:구직중,employment-status bucket is immutable
"전직 그 외 직물·신발 관련 기계 조작원 및 조립원, 현재 구직중",8,8e-06,0.997956,unemployed,??/?????,kept:contains:구직중,high,no,unemployed,contains:구직중,employment-status bucket is immutable
"전직 게임 그래픽 디자이너, 현재 구직중",8,8e-06,0.997964,unemployed,??/?????,kept:contains:구직중,high,no,unemployed,contains:구직중,employment-status bucket is immutable
"전직 전기제품 개발 기술자 및 연구원, 현재 구직중",8,8e-06,0.997972,unemployed,??/?????,kept:contains:구직중,high,no,unemployed,contains:구직중,employment-status bucket is immutable
"전직 그 외 건설 관련 기능 종사원, 현재 구직중",8,8e-06,0.99798,unemployed,??/?????,kept:contains:구직중,high,no,unemployed,contains:구직중,employment-status bucket is immutable
"전직 그 외 자동차 정비원, 현재 구직중",8,8e-06,0.997988,unemployed,??/?????,kept:contains:구직중,high,no,unemployed,contains:구직중,employment-status bucket is immutable
"전직 철근공, 현재 구직중",8,8e-06,0.997996,unemployed,??/?????,kept:contains:구직중,high,no,unemployed,contains:구직중,employment-status bucket is immutable
"전직 그 외 건설 및 채굴기계 운전원, 현재 구직중",8,8e-06,0.998004,unemployed,??/?????,kept:contains:구직중,high,no,unemployed,contains:구직중,employment-status bucket is immutable
"전직 그 외 응용 소프트웨어 프로그래머, 현재 구직중",8,8e-06,0.998012,unemployed,??/?????,kept:contains:구직중,high,no,unemployed,contains:구직중,employment-status bucket is immutable
"전직 그 외 환경공학 기술자 및 연구원, 현재 구직중",8,8e-06,0.99802,unemployed,??/?????,kept:contains:구직중,high,no,unemployed,contains:구직중,employment-status bucket is immutable
의료장비 기술 영업원,8,8e-06,0.998028,5,?? ???,kept:contains:영업,high,no,5,contains:영업,kept from draft; no stronger correction rule
"전직 공군 장교, 현재 구직중",8,8e-06,0.998036,unemployed,??/?????,kept:contains:구직중,high,no,unemployed,contains:구직중,employment-status bucket is immutable
"전직 통신망 운영 기술자 및 연구원, 현재 구직중",8,8e-06,0.998044,unemployed,??/?????,kept:contains:구직중,high,no,unemployed,contains:구직중,employment-status bucket is immutable
"전직 그 외 타이어 및 고무제품 생산기 조작원, 현재 구직중",7,7e-06,0.998051,unemployed,??/?????,kept:contains:구직중,high,no,unemployed,contains:구직중,employment-status bucket is immutable
"전직 굴삭기 및 불도저 운전원, 현재 구직중",7,7e-06,0.998058,unemployed,??/?????,kept:contains:구직중,high,no,unemployed,contains:구직중,employment-status bucket is immutable
"전직 여행 사무원, 현재 구직중",7,7e-06,0.998065,unemployed,??/?????,kept:contains:구직중,high,no,unemployed,contains:구직중,employment-status bucket is immutable
"전직 전시 및 시설 견학 안내원, 현재 구직중",7,7e-06,0.998072,unemployed,??/?????,kept:contains:구직중,high,no,unemployed,contains:구직중,employment-status bucket is immutable
"전직 유원시설 및 테마파크 서비스원, 현재 구직중",7,7e-06,0.998079,unemployed,??/?????,kept:contains:구직중,high,no,unemployed,contains:구직중,employment-status bucket is immutable
"전직 유통 및 매장 감시원, 현재 구직중",7,7e-06,0.998086,unemployed,??/?????,kept:contains:구직중,high,no,unemployed,contains:구직중,employment-status bucket is immutable
"전직 그 외 운송장비 조립원, 현재 구직중",7,7e-06,0.998093,unemployed,??/?????,kept:contains:구직중,high,no,unemployed,contains:구직중,employment-status bucket is immutable
"전직 그 외 컴퓨터 시스템 및 소프트웨어 전문가, 현재 구직중",7,7e-06,0.9981,unemployed,??/?????,kept:contains:구직중,high,no,unemployed,contains:구직중,employment-status bucket is immutable
"전직 해군 장교, 현재 구직중",7,7e-06,0.998107,unemployed,??/?????,kept:contains:구직중,high,no,unemployed,contains:구직중,employment-status bucket is immutable
"전직 그 외 발전 및 배전장치 조작원, 현재 구직중",7,7e-06,0.998114,unemployed,??/?????,kept:contains:구직중,high,no,unemployed,contains:구직중,employment-status bucket is immutable
"전직 조경감리 기술자, 현재 구직중",7,7e-06,0.998121,unemployed,??/?????,kept:contains:구직중,high,no,unemployed,contains:구직중,employment-status bucket is immutable
"전직 국어 교사, 현재 구직중",7,7e-06,0.998128,unemployed,??/?????,kept:contains:구직중,high,no,unemployed,contains:구직중,employment-status bucket is immutable
"전직 그 외 금속가공 기계 조작원, 현재 구직중",7,7e-06,0.998135,unemployed,??/?????,kept:contains:구직중,high,no,unemployed,contains:구직중,employment-status bucket is immutable
"전직 그 외 일반기계 조립원, 현재 구직중",7,7e-06,0.998142,unemployed,??/?????,kept:contains:구직중,high,no,unemployed,contains:구직중,employment-status bucket is immutable
항공기 객실 승무원,7,7e-06,0.998149,4,??? ???,kept:contains:승무원,high,no,4,contains:승무원,kept from draft; no stronger correction rule
국악인,7,7e-06,0.998156,2,??? ? ?? ???,v3fix:arts/media/education professional,medium,yes,other,no_rule,manual cleanup of low-confidence fallback
"전직 인조석 설치원, 현재 구직중",7,7e-06,0.998163,unemployed,??/?????,kept:contains:구직중,high,no,unemployed,contains:구직중,employment-status bucket is immutable
"전직 새시 조립 및 설치원, 현재 구직중",7,7e-06,0.99817,unemployed,??/?????,kept:contains:구직중,high,no,unemployed,contains:구직중,employment-status bucket is immutable
"전직 선박부원, 현재 구직중",7,7e-06,0.998177,unemployed,??/?????,kept:contains:구직중,high,no,unemployed,contains:구직중,employment-status bucket is immutable
생명 및 자연과학 연구 관리자,7,7e-06,0.998184,1,???,kept:contains:관리자,high,no,1,contains:관리자,kept from draft; no stronger correction rule
"전직 연삭기 및 연마기 조작원, 현재 구직중",7,7e-06,0.998191,unemployed,??/?????,kept:contains:구직중,high,no,unemployed,contains:구직중,employment-status bucket is immutable
"전직 곡물 및 사료 제분기 조작원, 현재 구직중",7,7e-06,0.998198,unemployed,??/?????,kept:contains:구직중,high,no,unemployed,contains:구직중,employment-status bucket is immutable
"전직 그 외 섬유 및 가죽 관련 기능 종사원, 현재 구직중",7,7e-06,0.998205,unemployed,??/?????,kept:contains:구직중,high,no,unemployed,contains:구직중,employment-status bucket is immutable
지구 및 기상 과학 시험원,7,7e-06,0.998212,2,??? ? ?? ???,v2:시험원,high,yes,other,no_rule,professional/associate professional
정부행정 관리자,7,7e-06,0.998219,1,???,kept:contains:관리자,high,no,1,contains:관리자,kept from draft; no stronger correction rule
"전직 드릴링기 및 보링기 조작원, 현재 구직중",7,7e-06,0.998226,unemployed,??/?????,kept:contains:구직중,high,no,unemployed,contains:구직중,employment-status bucket is immutable
"전직 그 외 화학공학 기술자 및 연구원, 현재 구직중",7,7e-06,0.998233,unemployed,??/?????,kept:contains:구직중,high,no,unemployed,contains:구직중,employment-status bucket is immutable
"전직 영상 및 음향장비 조립원, 현재 구직중",7,7e-06,0.99824,unemployed,??/?????,kept:contains:구직중,high,no,unemployed,contains:구직중,employment-status bucket is immutable
지방정부 고위 공무원,7,7e-06,0.998247,1,???,v3:고위 공무원,medium,yes,other,no_rule,manager/executive/institution head
"전직 교육 연구관 및 교육 연구사, 현재 구직중",7,7e-06,0.998254,unemployed,??/?????,kept:contains:구직중,high,no,unemployed,contains:구직중,employment-status bucket is immutable
"전직 건축 석공, 현재 구직중",7,7e-06,0.998261,unemployed,??/?????,kept:contains:구직중,high,no,unemployed,contains:구직중,employment-status bucket is immutable
"전직 시장 및 여론 조사 관리자, 현재 구직중",7,7e-06,0.998268,unemployed,??/?????,kept:contains:구직중,high,no,unemployed,contains:구직중,employment-status bucket is immutable
"전직 부동산 컨설턴트, 현재 구직중",7,7e-06,0.998275,unemployed,??/?????,kept:contains:구직중,high,no,unemployed,contains:구직중,employment-status bucket is immutable
"전직 해병대 부사관, 현재 구직중",7,7e-06,0.998282,unemployed,??/?????,kept:contains:구직중,high,no,unemployed,contains:구직중,employment-status bucket is immutable
"전직 직업 운동선수, 현재 구직중",7,7e-06,0.998289,unemployed,??/?????,kept:contains:구직중,high,no,unemployed,contains:구직중,employment-status bucket is immutable
"전직 조명기사, 현재 구직중",7,7e-06,0.998296,unemployed,??/?????,kept:contains:구직중,high,no,unemployed,contains:구직중,employment-status bucket is immutable
"전직 그 외 정보 통신기기 설치 및 수리원, 현재 구직중",7,7e-06,0.998303,unemployed,??/?????,kept:contains:구직중,high,no,unemployed,contains:구직중,employment-status bucket is immutable
"전직 시민 단체 활동가, 현재 구직중",7,7e-06,0.99831,unemployed,??/?????,kept:contains:구직중,high,no,unemployed,contains:구직중,employment-status bucket is immutable
"전직 이용사, 현재 구직중",7,7e-06,0.998317,unemployed,??/?????,kept:contains:구직중,high,no,unemployed,contains:구직중,employment-status bucket is immutable
"전직 기계공학 시험원, 현재 구직중",7,7e-06,0.998324,unemployed,??/?????,kept:contains:구직중,high,no,unemployed,contains:구직중,employment-status bucket is immutable
"전직 해군 부사관, 현재 구직중",7,7e-06,0.998331,unemployed,??/?????,kept:contains:구직중,high,no,unemployed,contains:구직중,employment-status bucket is immutable
"전직 화학제품 생산 관리자, 현재 구직중",7,7e-06,0.998338,unemployed,??/?????,kept:contains:구직중,high,no,unemployed,contains:구직중,employment-status bucket is immutable
"전직 단열공, 현재 구직중",7,7e-06,0.998345,unemployed,??/?????,kept:contains:구직중,high,no,unemployed,contains:구직중,employment-status bucket is immutable
"전직 플랜트 전기 설치원, 현재 구직중",7,7e-06,0.998352,unemployed,??/?????,kept:contains:구직중,high,no,unemployed,contains:구직중,employment-status bucket is immutable
"전직 경호원, 현재 구직중",7,7e-06,0.998359,unemployed,??/?????,kept:contains:구직중,high,no,unemployed,contains:구직중,employment-status bucket is immutable
"전직 제직기 조작원, 현재 구직중",7,7e-06,0.998366,unemployed,??/?????,kept:contains:구직중,high,no,unemployed,contains:구직중,employment-status bucket is immutable
"전직 환경 검사원, 현재 구직중",7,7e-06,0.998373,unemployed,??/?????,kept:contains:구직중,high,no,unemployed,contains:구직중,employment-status bucket is immutable
"전직 그 외 상하수도 처리 장치 조작원, 현재 구직중",7,7e-06,0.99838,unemployed,??/?????,kept:contains:구직중,high,no,unemployed,contains:구직중,employment-status bucket is immutable
"전직 건물 칸막이 설치원, 현재 구직중",7,7e-06,0.998387,unemployed,??/?????,kept:contains:구직중,high,no,unemployed,contains:구직중,employment-status bucket is immutable
육묘작물 재배원,7,7e-06,0.998394,6,????? ?? ???,v3:재배원,medium,yes,other,no_rule,agriculture/livestock skilled
"전직 조미료 제분기 조작원, 현재 구직중",7,7e-06,0.998401,unemployed,??/?????,kept:contains:구직중,high,no,unemployed,contains:구직중,employment-status bucket is immutable
"전직 영상·전자음향기기 설치 및 수리원, 현재 구직중",7,7e-06,0.998408,unemployed,??/?????,kept:contains:구직중,high,no,unemployed,contains:구직중,employment-status bucket is immutable
"전직 석유화학 시험원, 현재 구직중",7,7e-06,0.998415,unemployed,??/?????,kept:contains:구직중,high,no,unemployed,contains:구직중,employment-status bucket is immutable
"전직 치료사 보조원, 현재 구직중",7,7e-06,0.998422,unemployed,??/?????,kept:contains:구직중,high,no,unemployed,contains:구직중,employment-status bucket is immutable
"전직 기계 경비원, 현재 구직중",7,7e-06,0.998429,unemployed,??/?????,kept:contains:구직중,high,no,unemployed,contains:구직중,employment-status bucket is immutable
"전직 연예인 매니저, 현재 구직중",7,7e-06,0.998436,unemployed,??/?????,kept:contains:구직중,high,no,unemployed,contains:구직중,employment-status bucket is immutable
"전직 그 외 세탁 관련 기계 조작원, 현재 구직중",7,7e-06,0.998443,unemployed,??/?????,kept:contains:구직중,high,no,unemployed,contains:구직중,employment-status bucket is immutable
"전직 사서, 현재 구직중",7,7e-06,0.99845,unemployed,??/?????,kept:contains:구직중,high,no,unemployed,contains:구직중,employment-status bucket is immutable
생활용품 대여원,6,6e-06,0.998456,4,??? ???,v3:대여원,medium,yes,other,no_rule,service/care/monitoring/rental
"전직 그 외 마케팅 및 광고·홍보 관리자, 현재 구직중",6,6e-06,0.998462,unemployed,??/?????,kept:contains:구직중,high,no,unemployed,contains:구직중,employment-status bucket is immutable
"전직 출판물 편집자, 현재 구직중",6,6e-06,0.998468,unemployed,??/?????,kept:contains:구직중,high,no,unemployed,contains:구직중,employment-status bucket is immutable
"전직 유리 부착원, 현재 구직중",6,6e-06,0.998474,unemployed,??/?????,kept:contains:구직중,high,no,unemployed,contains:구직중,employment-status bucket is immutable
"전직 작업치료사, 현재 구직중",6,6e-06,0.99848,unemployed,??/?????,kept:contains:구직중,high,no,unemployed,contains:구직중,employment-status bucket is immutable
"전직 그 외 건축 관련 기술자, 현재 구직중",6,6e-06,0.998486,unemployed,??/?????,kept:contains:구직중,high,no,unemployed,contains:구직중,employment-status bucket is immutable
"전직 그 외 목재 및 종이 관련 기계 조작원, 현재 구직중",6,6e-06,0.998492,unemployed,??/?????,kept:contains:구직중,high,no,unemployed,contains:구직중,employment-status bucket is immutable
"전직 그 외 고객 상담 사무원, 현재 구직중",6,6e-06,0.998498,unemployed,??/?????,kept:contains:구직중,high,no,unemployed,contains:구직중,employment-status bucket is immutable
"전직 시추장비 조작원, 현재 구직중",6,6e-06,0.998504,unemployed,??/?????,kept:contains:구직중,high,no,unemployed,contains:구직중,employment-status bucket is immutable
"전직 그 외 플라스틱제품 생산기 조작원, 현재 구직중",6,6e-06,0.99851,unemployed,??/?????,kept:contains:구직중,high,no,unemployed,contains:구직중,employment-status bucket is immutable
"전직 수의사, 현재 구직중",6,6e-06,0.998516,unemployed,??/?????,kept:contains:구직중,high,no,unemployed,contains:구직중,employment-status bucket is immutable
"전직 예체능 교사, 현재 구직중",6,6e-06,0.998522,unemployed,??/?????,kept:contains:구직중,high,no,unemployed,contains:구직중,employment-status bucket is immutable
가금 사육자,6,6e-06,0.998528,6,????? ?? ???,v3:사육자,medium,yes,other,no_rule,agriculture/livestock skilled
"전직 그 외 재활용 처리 및 소각로 조작원, 현재 구직중",6,6e-06,0.998534,unemployed,??/?????,kept:contains:구직중,high,no,unemployed,contains:구직중,employment-status bucket is immutable
"전직 그 외 법률 전문가, 현재 구직중",6,6e-06,0.99854,unemployed,??/?????,kept:contains:구직중,high,no,unemployed,contains:구직중,employment-status bucket is immutable
"전직 유리 관련 기능 종사원, 현재 구직중",6,6e-06,0.998546,unemployed,??/?????,kept:contains:구직중,high,no,unemployed,contains:구직중,employment-status bucket is immutable
"전직 감시카메라 설치 및 수리원, 현재 구직중",6,6e-06,0.998552,unemployed,??/?????,kept:contains:구직중,high,no,unemployed,contains:구직중,employment-status bucket is immutable
의복 재단사,6,6e-06,0.998558,7,??? ? ?? ?? ???,v2:재단사,high,yes,other,no_rule,craft/construction/manufacturing skilled
"전직 굴착기·착암기 및 채광기 조작원, 현재 구직중",6,6e-06,0.998564,unemployed,??/?????,kept:contains:구직중,high,no,unemployed,contains:구직중,employment-status bucket is immutable
영사기사,6,6e-06,0.99857,2,??? ? ?? ???,kept:suffix:기사,high,no,2,suffix:기사,kept from draft; no stronger correction rule
"전직 물리치료사, 현재 구직중",6,6e-06,0.998576,unemployed,??/?????,kept:contains:구직중,high,no,unemployed,contains:구직중,employment-status bucket is immutable
"전직 도정기 조작원, 현재 구직중",6,6e-06,0.998582,unemployed,??/?????,kept:contains:구직중,high,no,unemployed,contains:구직중,employment-status bucket is immutable
"전직 석유 및 천연가스 정제 장치 조작원, 현재 구직중",6,6e-06,0.998588,unemployed,??/?????,kept:contains:구직중,high,no,unemployed,contains:구직중,employment-status bucket is immutable
"전직 경기 심판, 현재 구직중",6,6e-06,0.998594,unemployed,??/?????,kept:contains:구직중,high,no,unemployed,contains:구직중,employment-status bucket is immutable
"전직 도로포장기 및 롤러 운전원, 현재 구직중",6,6e-06,0.9986,unemployed,??/?????,kept:contains:구직중,high,no,unemployed,contains:구직중,employment-status bucket is immutable
"전직 의료과학 시험원, 현재 구직중",6,6e-06,0.998606,unemployed,??/?????,kept:contains:구직중,high,no,unemployed,contains:구직중,employment-status bucket is immutable
"전직 사진작가, 현재 구직중",6,6e-06,0.998612,unemployed,??/?????,kept:contains:구직중,high,no,unemployed,contains:구직중,employment-status bucket is immutable
"전직 그 외 판매 및 고객 서비스 관리자, 현재 구직중",6,6e-06,0.998618,unemployed,??/?????,kept:contains:구직중,high,no,unemployed,contains:구직중,employment-status bucket is immutable
"전직 통신케이블 설치 및 수리원, 현재 구직중",6,6e-06,0.998624,unemployed,??/?????,kept:contains:구직중,high,no,unemployed,contains:구직중,employment-status bucket is immutable
"전직 교육 분야 교수, 현재 구직중",6,6e-06,0.99863,unemployed,??/?????,kept:contains:구직중,high,no,unemployed,contains:구직중,employment-status bucket is immutable
그 외 양식원,6,6e-06,0.998636,6,????? ?? ???,v3fix:aquaculture skilled,medium,yes,other,no_rule,manual cleanup of low-confidence fallback
채소작물 재배원,6,6e-06,0.998642,6,????? ?? ???,v3:재배원,medium,yes,other,no_rule,agriculture/livestock skilled
"전직 측량 및 지리 정보 기술자, 현재 구직중",6,6e-06,0.998648,unemployed,??/?????,kept:contains:구직중,high,no,unemployed,contains:구직중,employment-status bucket is immutable
"전직 플랜트 배관공, 현재 구직중",6,6e-06,0.998654,unemployed,??/?????,kept:contains:구직중,high,no,unemployed,contains:구직중,employment-status bucket is immutable
"전직 단조원, 현재 구직중",6,6e-06,0.99866,unemployed,??/?????,kept:contains:구직중,high,no,unemployed,contains:구직중,employment-status bucket is immutable
담배 등급원,6,6e-06,0.998666,3,?? ???,v3fix:clerical/inspection record work,medium,yes,other,no_rule,manual cleanup of low-confidence fallback
그 외 보일러 설치 및 정비원,6,6e-06,0.998672,7,??? ? ?? ?? ???,kept:contains:설치,high,no,7,contains:설치,kept from draft; no stronger correction rule
"전직 전자 제품 기계 설치 및 정비원, 현재 구직중",6,6e-06,0.998678,unemployed,??/?????,kept:contains:구직중,high,no,unemployed,contains:구직중,employment-status bucket is immutable
"전직 대여 제품 방문 점검원, 현재 구직중",6,6e-06,0.998684,unemployed,??/?????,kept:contains:구직중,high,no,unemployed,contains:구직중,employment-status bucket is immutable
"전직 건축자재 영업원, 현재 구직중",6,6e-06,0.99869,unemployed,??/?????,kept:contains:구직중,high,no,unemployed,contains:구직중,employment-status bucket is immutable
천문 및 우주 과학 시험원,6,6e-06,0.998696,2,??? ? ?? ???,v2:시험원,high,yes,other,no_rule,professional/associate professional
"전직 형틀 목공, 현재 구직중",6,6e-06,0.998702,unemployed,??/?????,kept:contains:구직중,high,no,unemployed,contains:구직중,employment-status bucket is immutable
"전직 구두 미화원, 현재 구직중",6,6e-06,0.998708,unemployed,??/?????,kept:contains:구직중,high,no,unemployed,contains:구직중,employment-status bucket is immutable
모델,6,6e-06,0.998714,2,??? ? ?? ???,v3fix:arts/media/education professional,medium,yes,other,no_rule,manual cleanup of low-confidence fallback
"전직 비행기 조종사, 현재 구직중",6,6e-06,0.99872,unemployed,??/?????,kept:contains:구직중,high,no,unemployed,contains:구직중,employment-status bucket is immutable
그 외 낙농업 관련 종사원,6,6e-06,0.998726,6,????? ?? ???,kept:contains:농업,high,no,6,contains:농업,kept from draft; no stronger correction rule
그 외 사진 인화 및 현상기 조작원,6,6e-06,0.998732,8,????? ?? ? ?? ???,kept:contains:조작원,high,no,8,contains:조작원,kept from draft; no stronger correction rule
"전직 멀티미디어 디자이너, 현재 구직중",6,6e-06,0.998738,unemployed,??/?????,kept:contains:구직중,high,no,unemployed,contains:구직중,employment-status bucket is immutable
"전직 초등학교 교사, 현재 구직중",6,6e-06,0.998744,unemployed,??/?????,kept:contains:구직중,high,no,unemployed,contains:구직중,employment-status bucket is immutable
"전직 선박교통 관제사, 현재 구직중",6,6e-06,0.99875,unemployed,??/?????,kept:contains:구직중,high,no,unemployed,contains:구직중,employment-status bucket is immutable
"전직 시각장애인 특수교육 교사, 현재 구직중",6,6e-06,0.998756,unemployed,??/?????,kept:contains:구직중,high,no,unemployed,contains:구직중,employment-status bucket is immutable
"전직 가스 및 에너지 시험원, 현재 구직중",6,6e-06,0.998762,unemployed,??/?????,kept:contains:구직중,high,no,unemployed,contains:구직중,employment-status bucket is immutable
"전직 그 외 유리 제조 및 가공기 조작원, 현재 구직중",6,6e-06,0.998768,unemployed,??/?????,kept:contains:구직중,high,no,unemployed,contains:구직중,employment-status bucket is immutable
"전직 펄프 제조 장치 조작원, 현재 구직중",6,6e-06,0.998774,unemployed,??/?????,kept:contains:구직중,high,no,unemployed,contains:구직중,employment-status bucket is immutable
주차 단속원,6,6e-06,0.99878,4,??? ???,v3fix:service/enforcement work,medium,yes,other,no_rule,manual cleanup of low-confidence fallback
스크립터,6,6e-06,0.998786,2,??? ? ?? ???,v3fix:arts/media/education professional,medium,yes,other,no_rule,manual cleanup of low-confidence fallback
"전직 수날염원, 현재 구직중",6,6e-06,0.998792,unemployed,??/?????,kept:contains:구직중,high,no,unemployed,contains:구직중,employment-status bucket is immutable
"전직 가스·에너지 기술자 및 연구원, 현재 구직중",6,6e-06,0.998798,unemployed,??/?????,kept:contains:구직중,high,no,unemployed,contains:구직중,employment-status bucket is immutable
"전직 통신장비 기술자 및 연구원, 현재 구직중",5,5e-06,0.998803,unemployed,??/?????,kept:contains:구직중,high,no,unemployed,contains:구직중,employment-status bucket is immutable
안무가,5,5e-06,0.998808,2,??? ? ?? ???,v3fix:final low cleanup,medium,yes,other,no_rule,manual cleanup of remaining tiny-tail fallback
"전직 송배전설비 기술자 및 연구원, 현재 구직중",5,5e-06,0.998813,unemployed,??/?????,kept:contains:구직중,high,no,unemployed,contains:구직중,employment-status bucket is immutable
"전직 그 외 식품가공 관련 기계 조작원, 현재 구직중",5,5e-06,0.998818,unemployed,??/?????,kept:contains:구직중,high,no,unemployed,contains:구직중,employment-status bucket is immutable
아나운서,5,5e-06,0.998823,2,??? ? ?? ???,v3fix:arts/media/education professional,medium,yes,other,no_rule,manual cleanup of low-confidence fallback
"전직 그 외 목재가공 관련 기계 조작원, 현재 구직중",5,5e-06,0.998828,unemployed,??/?????,kept:contains:구직중,high,no,unemployed,contains:구직중,employment-status bucket is immutable
"전직 반려동물 미용사, 현재 구직중",5,5e-06,0.998833,unemployed,??/?????,kept:contains:구직중,high,no,unemployed,contains:구직중,employment-status bucket is immutable
"전직 인쇄 필름 출력원, 현재 구직중",5,5e-06,0.998838,unemployed,??/?????,kept:contains:구직중,high,no,unemployed,contains:구직중,employment-status bucket is immutable
"전직 공군 병사, 현재 구직중",5,5e-06,0.998843,unemployed,??/?????,kept:contains:구직중,high,no,unemployed,contains:구직중,employment-status bucket is immutable
"전직 그 외 중·고등학교 교사, 현재 구직중",5,5e-06,0.998848,unemployed,??/?????,kept:contains:구직중,high,no,unemployed,contains:구직중,employment-status bucket is immutable
해녀,5,5e-06,0.998853,6,????? ?? ???,v3fix:final low cleanup,medium,yes,other,no_rule,manual cleanup of remaining tiny-tail fallback
"전직 그 외 조경 관련 기술자, 현재 구직중",5,5e-06,0.998858,unemployed,??/?????,kept:contains:구직중,high,no,unemployed,contains:구직중,employment-status bucket is immutable
선박 객실 승무원,5,5e-06,0.998863,4,??? ???,kept:contains:승무원,high,no,4,contains:승무원,kept from draft; no stronger correction rule
성우,5,5e-06,0.998868,2,??? ? ?? ???,v3fix:final low cleanup,medium,yes,other,no_rule,manual cleanup of remaining tiny-tail fallback
공연·전시 예술 관련 관리자,5,5e-06,0.998873,1,???,kept:contains:관리자,high,no,1,contains:관리자,kept from draft; no stronger correction rule
"전직 토목감리 기술자, 현재 구직중",5,5e-06,0.998878,unemployed,??/?????,kept:contains:구직중,high,no,unemployed,contains:구직중,employment-status bucket is immutable
신발 재봉사,5,5e-06,0.998883,7,??? ? ?? ?? ???,v3:재봉사,medium,yes,other,no_rule,craft/construction/manufacturing skilled
"전직 드라이클리닝기 조작원, 현재 구직중",5,5e-06,0.998888,unemployed,??/?????,kept:contains:구직중,high,no,unemployed,contains:구직중,employment-status bucket is immutable
"전직 입장권 판매원, 현재 구직중",5,5e-06,0.998893,unemployed,??/?????,kept:contains:구직중,high,no,unemployed,contains:구직중,employment-status bucket is immutable
"전직 헤드헌터, 현재 구직중",5,5e-06,0.998898,unemployed,??/?????,kept:contains:구직중,high,no,unemployed,contains:구직중,employment-status bucket is immutable
"전직 사회 교사, 현재 구직중",5,5e-06,0.998903,unemployed,??/?????,kept:contains:구직중,high,no,unemployed,contains:구직중,employment-status bucket is immutable
"전직 스포츠 매니저, 현재 구직중",5,5e-06,0.998908,unemployed,??/?????,kept:contains:구직중,high,no,unemployed,contains:구직중,employment-status bucket is immutable
"전직 거리 미화원, 현재 구직중",5,5e-06,0.998913,unemployed,??/?????,kept:contains:구직중,high,no,unemployed,contains:구직중,employment-status bucket is immutable
"전직 교육 분야 시간강사, 현재 구직중",5,5e-06,0.998918,unemployed,??/?????,kept:contains:구직중,high,no,unemployed,contains:구직중,employment-status bucket is immutable
"전직 주조기 조작원, 현재 구직중",5,5e-06,0.998923,unemployed,??/?????,kept:contains:구직중,high,no,unemployed,contains:구직중,employment-status bucket is immutable
"전직 발전터빈 조작원, 현재 구직중",5,5e-06,0.998928,unemployed,??/?????,kept:contains:구직중,high,no,unemployed,contains:구직중,employment-status bucket is immutable
"전직 전기 도금기 조작원, 현재 구직중",5,5e-06,0.998933,unemployed,??/?????,kept:contains:구직중,high,no,unemployed,contains:구직중,employment-status bucket is immutable
"전직 전기 부품 제조 기계 조작원, 현재 구직중",5,5e-06,0.998938,unemployed,??/?????,kept:contains:구직중,high,no,unemployed,contains:구직중,employment-status bucket is immutable
"전직 그 외 피부 및 체형 관리 종사원, 현재 구직중",5,5e-06,0.998943,unemployed,??/?????,kept:contains:구직중,high,no,unemployed,contains:구직중,employment-status bucket is immutable
"전직 건물 해체원, 현재 구직중",5,5e-06,0.998948,unemployed,??/?????,kept:contains:구직중,high,no,unemployed,contains:구직중,employment-status bucket is immutable
"전직 서적·문구 및 음반 판매원, 현재 구직중",5,5e-06,0.998953,unemployed,??/?????,kept:contains:구직중,high,no,unemployed,contains:구직중,employment-status bucket is immutable
"전직 전기기기 설치 및 정비원, 현재 구직중",5,5e-06,0.998958,unemployed,??/?????,kept:contains:구직중,high,no,unemployed,contains:구직중,employment-status bucket is immutable
"전직 금속 분무기 조작원, 현재 구직중",5,5e-06,0.998963,unemployed,??/?????,kept:contains:구직중,high,no,unemployed,contains:구직중,employment-status bucket is immutable
"전직 철도차량 조립원, 현재 구직중",5,5e-06,0.998968,unemployed,??/?????,kept:contains:구직중,high,no,unemployed,contains:구직중,employment-status bucket is immutable
"전직 주형원, 현재 구직중",5,5e-06,0.998973,unemployed,??/?????,kept:contains:구직중,high,no,unemployed,contains:구직중,employment-status bucket is immutable
"전직 건물용 보일러 설치 및 정비원, 현재 구직중",5,5e-06,0.998978,unemployed,??/?????,kept:contains:구직중,high,no,unemployed,contains:구직중,employment-status bucket is immutable
"전직 만화영화 작가, 현재 구직중",5,5e-06,0.998983,unemployed,??/?????,kept:contains:구직중,high,no,unemployed,contains:구직중,employment-status bucket is immutable
"전직 시멘트공학 시험원, 현재 구직중",5,5e-06,0.998988,unemployed,??/?????,kept:contains:구직중,high,no,unemployed,contains:구직중,employment-status bucket is immutable
"전직 도배공, 현재 구직중",5,5e-06,0.998993,unemployed,??/?????,kept:contains:구직중,high,no,unemployed,contains:구직중,employment-status bucket is immutable
"전직 분양 및 임대 사무원, 현재 구직중",5,5e-06,0.998998,unemployed,??/?????,kept:contains:구직중,high,no,unemployed,contains:구직중,employment-status bucket is immutable
"전직 냉동 및 냉장기 설비 조작원, 현재 구직중",5,5e-06,0.999003,unemployed,??/?????,kept:contains:구직중,high,no,unemployed,contains:구직중,employment-status bucket is immutable
"전직 콘크리트패널 조립원, 현재 구직중",5,5e-06,0.999008,unemployed,??/?????,kept:contains:구직중,high,no,unemployed,contains:구직중,employment-status bucket is immutable
"전직 금속제품 생산 관리자, 현재 구직중",5,5e-06,0.999013,unemployed,??/?????,kept:contains:구직중,high,no,unemployed,contains:구직중,employment-status bucket is immutable
"전직 자동차 차체 부품 조립원, 현재 구직중",5,5e-06,0.999018,unemployed,??/?????,kept:contains:구직중,high,no,unemployed,contains:구직중,employment-status bucket is immutable
"전직 이동전화기 수리원, 현재 구직중",5,5e-06,0.999023,unemployed,??/?????,kept:contains:구직중,high,no,unemployed,contains:구직중,employment-status bucket is immutable
"전직 밑반찬 제조 종사원, 현재 구직중",5,5e-06,0.999028,unemployed,??/?????,kept:contains:구직중,high,no,unemployed,contains:구직중,employment-status bucket is immutable
"전직 석재 부설원, 현재 구직중",4,4e-06,0.999032,unemployed,??/?????,kept:contains:구직중,high,no,unemployed,contains:구직중,employment-status bucket is immutable
"전직 항공기 배관공, 현재 구직중",4,4e-06,0.999036,unemployed,??/?????,kept:contains:구직중,high,no,unemployed,contains:구직중,employment-status bucket is immutable
"전직 염색 조색 및 배합기 조작원, 현재 구직중",4,4e-06,0.99904,unemployed,??/?????,kept:contains:구직중,high,no,unemployed,contains:구직중,employment-status bucket is immutable
"전직 그 외 교육 관련 관리자, 현재 구직중",4,4e-06,0.999044,unemployed,??/?????,kept:contains:구직중,high,no,unemployed,contains:구직중,employment-status bucket is immutable
산부인과 전문 의사,4,4e-06,0.999048,2,??? ? ?? ???,kept:suffix:의사,high,no,2,suffix:의사,kept from draft; no stronger correction rule
"전직 보험 관리자, 현재 구직중",4,4e-06,0.999052,unemployed,??/?????,kept:contains:구직중,high,no,unemployed,contains:구직중,employment-status bucket is immutable
모피 및 가죽 의복 제조원,4,4e-06,0.999056,7,??? ? ?? ?? ???,v2:제조원,high,yes,other,no_rule,craft/construction/manufacturing skilled
"전직 농림·수산업 및 수의학 교수, 현재 구직중",4,4e-06,0.99906,unemployed,??/?????,kept:contains:구직중,high,no,unemployed,contains:구직중,employment-status bucket is immutable
"전직 사회과학·경영 및 법학 교수, 현재 구직중",4,4e-06,0.999064,unemployed,??/?????,kept:contains:구직중,high,no,unemployed,contains:구직중,employment-status bucket is immutable
"전직 그 외 자동차 부품 조립원, 현재 구직중",4,4e-06,0.999068,unemployed,??/?????,kept:contains:구직중,high,no,unemployed,contains:구직중,employment-status bucket is immutable
"전직 인터넷케이블 설치 및 수리원, 현재 구직중",4,4e-06,0.999072,unemployed,??/?????,kept:contains:구직중,high,no,unemployed,contains:구직중,employment-status bucket is immutable
"전직 치과기공사, 현재 구직중",4,4e-06,0.999076,unemployed,??/?????,kept:contains:구직중,high,no,unemployed,contains:구직중,employment-status bucket is immutable
"전직 광고 및 홍보 관리자, 현재 구직중",4,4e-06,0.99908,unemployed,??/?????,kept:contains:구직중,high,no,unemployed,contains:구직중,employment-status bucket is immutable
"전직 항공기 조립원, 현재 구직중",4,4e-06,0.999084,unemployed,??/?????,kept:contains:구직중,high,no,unemployed,contains:구직중,employment-status bucket is immutable
그 외 배관 세정원 및 방역원,4,4e-06,0.999088,7,??? ? ?? ?? ???,kept:contains:배관,high,no,7,contains:배관,kept from draft; no stronger correction rule
"전직 일반 의사, 현재 구직중",4,4e-06,0.999092,unemployed,??/?????,kept:contains:구직중,high,no,unemployed,contains:구직중,employment-status bucket is immutable
"전직 유치원 원장, 현재 구직중",4,4e-06,0.999096,unemployed,??/?????,kept:contains:구직중,high,no,unemployed,contains:구직중,employment-status bucket is immutable
"전직 제관기 조작원, 현재 구직중",4,4e-06,0.9991,unemployed,??/?????,kept:contains:구직중,high,no,unemployed,contains:구직중,employment-status bucket is immutable
"전직 고무제품 생산기 조작원, 현재 구직중",4,4e-06,0.999104,unemployed,??/?????,kept:contains:구직중,high,no,unemployed,contains:구직중,employment-status bucket is immutable
"전직 그 외 물품 이동 장비 설치 및 정비원, 현재 구직중",4,4e-06,0.999108,unemployed,??/?????,kept:contains:구직중,high,no,unemployed,contains:구직중,employment-status bucket is immutable
"전직 그 외 특수교육 교사, 현재 구직중",4,4e-06,0.999112,unemployed,??/?????,kept:contains:구직중,high,no,unemployed,contains:구직중,employment-status bucket is immutable
"전직 조적공, 현재 구직중",4,4e-06,0.999116,unemployed,??/?????,kept:contains:구직중,high,no,unemployed,contains:구직중,employment-status bucket is immutable
"전직 목사, 현재 구직중",4,4e-06,0.99912,unemployed,??/?????,kept:contains:구직중,high,no,unemployed,contains:구직중,employment-status bucket is immutable
"전직 직업상담사, 현재 구직중",4,4e-06,0.999124,unemployed,??/?????,kept:contains:구직중,high,no,unemployed,contains:구직중,employment-status bucket is immutable
"전직 날염기 조작원, 현재 구직중",4,4e-06,0.999128,unemployed,??/?????,kept:contains:구직중,high,no,unemployed,contains:구직중,employment-status bucket is immutable
"전직 해군 병사, 현재 구직중",4,4e-06,0.999132,unemployed,??/?????,kept:contains:구직중,high,no,unemployed,contains:구직중,employment-status bucket is immutable
"전직 섬유공학 시험원, 현재 구직중",4,4e-06,0.999136,unemployed,??/?????,kept:contains:구직중,high,no,unemployed,contains:구직중,employment-status bucket is immutable
"전직 전기공학 시험원, 현재 구직중",4,4e-06,0.99914,unemployed,??/?????,kept:contains:구직중,high,no,unemployed,contains:구직중,employment-status bucket is immutable
"전직 수질 환경 기술자 및 연구원, 현재 구직중",4,4e-06,0.999144,unemployed,??/?????,kept:contains:구직중,high,no,unemployed,contains:구직중,employment-status bucket is immutable
"전직 전자 의료기기 개발 기술자 및 연구원, 현재 구직중",4,4e-06,0.999148,unemployed,??/?????,kept:contains:구직중,high,no,unemployed,contains:구직중,employment-status bucket is immutable
"전직 방송 및 시나리오 작가, 현재 구직중",4,4e-06,0.999152,unemployed,??/?????,kept:contains:구직중,high,no,unemployed,contains:구직중,employment-status bucket is immutable
"전직 치과 일반 의사, 현재 구직중",4,4e-06,0.999156,unemployed,??/?????,kept:contains:구직중,high,no,unemployed,contains:구직중,employment-status bucket is immutable
"전직 출판물 기획자, 현재 구직중",4,4e-06,0.99916,unemployed,??/?????,kept:contains:구직중,high,no,unemployed,contains:구직중,employment-status bucket is immutable
"전직 대학교 총장 및 대학 학장, 현재 구직중",4,4e-06,0.999164,unemployed,??/?????,kept:contains:구직중,high,no,unemployed,contains:구직중,employment-status bucket is immutable
"전직 금융 관리자, 현재 구직중",4,4e-06,0.999168,unemployed,??/?????,kept:contains:구직중,high,no,unemployed,contains:구직중,employment-status bucket is immutable
"전직 공구 조립원, 현재 구직중",4,4e-06,0.999172,unemployed,??/?????,kept:contains:구직중,high,no,unemployed,contains:구직중,employment-status bucket is immutable
"전직 외장 목공, 현재 구직중",4,4e-06,0.999176,unemployed,??/?????,kept:contains:구직중,high,no,unemployed,contains:구직중,employment-status bucket is immutable
"전직 장례 상담원, 현재 구직중",4,4e-06,0.99918,unemployed,??/?????,kept:contains:구직중,high,no,unemployed,contains:구직중,employment-status bucket is immutable
"전직 광원, 현재 구직중",4,4e-06,0.999184,unemployed,??/?????,kept:contains:구직중,high,no,unemployed,contains:구직중,employment-status bucket is immutable
"전직 공작기계 설치 및 정비원, 현재 구직중",4,4e-06,0.999188,unemployed,??/?????,kept:contains:구직중,high,no,unemployed,contains:구직중,employment-status bucket is immutable
"전직 고속철 기관차 정비원, 현재 구직중",4,4e-06,0.999192,unemployed,??/?????,kept:contains:구직중,high,no,unemployed,contains:구직중,employment-status bucket is immutable
"전직 비행기 정비원, 현재 구직중",4,4e-06,0.999196,unemployed,??/?????,kept:contains:구직중,high,no,unemployed,contains:구직중,employment-status bucket is immutable
"전직 전통 건물 건축원, 현재 구직중",4,4e-06,0.9992,unemployed,??/?????,kept:contains:구직중,high,no,unemployed,contains:구직중,employment-status bucket is immutable
"전직 전기 및 전자 장비 제도사, 현재 구직중",4,4e-06,0.999204,unemployed,??/?????,kept:contains:구직중,high,no,unemployed,contains:구직중,employment-status bucket is immutable
"전직 합판생산기 조작원, 현재 구직중",4,4e-06,0.999208,unemployed,??/?????,kept:contains:구직중,high,no,unemployed,contains:구직중,employment-status bucket is immutable
"전직 철로 보수원, 현재 구직중",4,4e-06,0.999212,unemployed,??/?????,kept:contains:구직중,high,no,unemployed,contains:구직중,employment-status bucket is immutable
"전직 그 외 사회복지 관련 종사원, 현재 구직중",4,4e-06,0.999216,unemployed,??/?????,kept:contains:구직중,high,no,unemployed,contains:구직중,employment-status bucket is immutable
"전직 항공기·철도 차량 공학 기술자 및 연구원, 현재 구직중",4,4e-06,0.99922,unemployed,??/?????,kept:contains:구직중,high,no,unemployed,contains:구직중,employment-status bucket is immutable
"전직 광학기구 수리원, 현재 구직중",4,4e-06,0.999224,unemployed,??/?????,kept:contains:구직중,high,no,unemployed,contains:구직중,employment-status bucket is immutable
"전직 카지노 딜러, 현재 구직중",4,4e-06,0.999228,unemployed,??/?????,kept:contains:구직중,high,no,unemployed,contains:구직중,employment-status bucket is immutable
"전직 손톱 관리사, 현재 구직중",4,4e-06,0.999232,unemployed,??/?????,kept:contains:구직중,high,no,unemployed,contains:구직중,employment-status bucket is immutable
"전직 축산 및 수의학 연구원, 현재 구직중",4,4e-06,0.999236,unemployed,??/?????,kept:contains:구직중,high,no,unemployed,contains:구직중,employment-status bucket is immutable
관세사,4,4e-06,0.99924,2,??? ? ?? ???,v3fix:final low cleanup,medium,yes,other,no_rule,manual cleanup of remaining tiny-tail fallback
"전직 보건 위생 검사원, 현재 구직중",4,4e-06,0.999244,unemployed,??/?????,kept:contains:구직중,high,no,unemployed,contains:구직중,employment-status bucket is immutable
"전직 자동차 도장 정비원, 현재 구직중",4,4e-06,0.999248,unemployed,??/?????,kept:contains:구직중,high,no,unemployed,contains:구직중,employment-status bucket is immutable
"전직 육상운송 관련 관리자, 현재 구직중",4,4e-06,0.999252,unemployed,??/?????,kept:contains:구직중,high,no,unemployed,contains:구직중,employment-status bucket is immutable
"전직 음식 서비스 관련 관리자, 현재 구직중",4,4e-06,0.999256,unemployed,??/?????,kept:contains:구직중,high,no,unemployed,contains:구직중,employment-status bucket is immutable
"전직 방역원, 현재 구직중",4,4e-06,0.99926,unemployed,??/?????,kept:contains:구직중,high,no,unemployed,contains:구직중,employment-status bucket is immutable
"전직 가정용 전기 및 전자제품 조립원, 현재 구직중",4,4e-06,0.999264,unemployed,??/?????,kept:contains:구직중,high,no,unemployed,contains:구직중,employment-status bucket is immutable
"전직 헬리콥터 정비원, 현재 구직중",4,4e-06,0.999268,unemployed,??/?????,kept:contains:구직중,high,no,unemployed,contains:구직중,employment-status bucket is immutable
"전직 그 외 경영 및 진단 전문가, 현재 구직중",4,4e-06,0.999272,unemployed,??/?????,kept:contains:구직중,high,no,unemployed,contains:구직중,employment-status bucket is immutable
"전직 해병대 장교, 현재 구직중",4,4e-06,0.999276,unemployed,??/?????,kept:contains:구직중,high,no,unemployed,contains:구직중,employment-status bucket is immutable
"전직 대학 교육 조교, 현재 구직중",4,4e-06,0.99928,unemployed,??/?????,kept:contains:구직중,high,no,unemployed,contains:구직중,employment-status bucket is immutable
"전직 그라비어인쇄기 조작원, 현재 구직중",4,4e-06,0.999284,unemployed,??/?????,kept:contains:구직중,high,no,unemployed,contains:구직중,employment-status bucket is immutable
"전직 요업·세라믹공학 기술자 및 연구원, 현재 구직중",4,4e-06,0.999288,unemployed,??/?????,kept:contains:구직중,high,no,unemployed,contains:구직중,employment-status bucket is immutable
"전직 출납 창구 사무원, 현재 구직중",3,3e-06,0.999291,unemployed,??/?????,kept:contains:구직중,high,no,unemployed,contains:구직중,employment-status bucket is immutable
"전직 책 디자이너, 현재 구직중",3,3e-06,0.999294,unemployed,??/?????,kept:contains:구직중,high,no,unemployed,contains:구직중,employment-status bucket is immutable
"전직 수동 상표 부착원, 현재 구직중",3,3e-06,0.999297,unemployed,??/?????,kept:contains:구직중,high,no,unemployed,contains:구직중,employment-status bucket is immutable
"전직 자연과학·수학 및 통계학 시간강사, 현재 구직중",3,3e-06,0.9993,unemployed,??/?????,kept:contains:구직중,high,no,unemployed,contains:구직중,employment-status bucket is immutable
"전직 콘크리트제품 제조 관련 조작원, 현재 구직중",3,3e-06,0.999303,unemployed,??/?????,kept:contains:구직중,high,no,unemployed,contains:구직중,employment-status bucket is immutable
"전직 한약사, 현재 구직중",3,3e-06,0.999306,unemployed,??/?????,kept:contains:구직중,high,no,unemployed,contains:구직중,employment-status bucket is immutable
"전직 노무사, 현재 구직중",3,3e-06,0.999309,unemployed,??/?????,kept:contains:구직중,high,no,unemployed,contains:구직중,employment-status bucket is immutable
"전직 위성방송 안테나 설치 및 수리원, 현재 구직중",3,3e-06,0.999312,unemployed,??/?????,kept:contains:구직중,high,no,unemployed,contains:구직중,employment-status bucket is immutable
"전직 선박 조립원, 현재 구직중",3,3e-06,0.999315,unemployed,??/?????,kept:contains:구직중,high,no,unemployed,contains:구직중,employment-status bucket is immutable
"전직 신부, 현재 구직중",3,3e-06,0.999318,unemployed,??/?????,kept:contains:구직중,high,no,unemployed,contains:구직중,employment-status bucket is immutable
"전직 비상 발전기 설치 및 정비원, 현재 구직중",3,3e-06,0.999321,unemployed,??/?????,kept:contains:구직중,high,no,unemployed,contains:구직중,employment-status bucket is immutable
"전직 예술 및 인문학 시간강사, 현재 구직중",3,3e-06,0.999324,unemployed,??/?????,kept:contains:구직중,high,no,unemployed,contains:구직중,employment-status bucket is immutable
"전직 세제 생산기 조작원, 현재 구직중",3,3e-06,0.999327,unemployed,??/?????,kept:contains:구직중,high,no,unemployed,contains:구직중,employment-status bucket is immutable
"전직 그 외 금속가공 관련 제어 장치 조작원, 현재 구직중",3,3e-06,0.99933,unemployed,??/?????,kept:contains:구직중,high,no,unemployed,contains:구직중,employment-status bucket is immutable
"전직 액세서리 디자이너, 현재 구직중",3,3e-06,0.999333,unemployed,??/?????,kept:contains:구직중,high,no,unemployed,contains:구직중,employment-status bucket is immutable
"전직 비료 생산기 조작원, 현재 구직중",3,3e-06,0.999336,unemployed,??/?????,kept:contains:구직중,high,no,unemployed,contains:구직중,employment-status bucket is immutable
"전직 도축원, 현재 구직중",3,3e-06,0.999339,unemployed,??/?????,kept:contains:구직중,high,no,unemployed,contains:구직중,employment-status bucket is immutable
모자 제조원,3,3e-06,0.999342,7,??? ? ?? ?? ???,v2:제조원,high,yes,other,no_rule,craft/construction/manufacturing skilled
"전직 신발 및 구두 재단사, 현재 구직중",3,3e-06,0.999345,unemployed,??/?????,kept:contains:구직중,high,no,unemployed,contains:구직중,employment-status bucket is immutable
"전직 공조기설비 조작원, 현재 구직중",3,3e-06,0.999348,unemployed,??/?????,kept:contains:구직중,high,no,unemployed,contains:구직중,employment-status bucket is immutable
"전직 공동주택 관리자, 현재 구직중",3,3e-06,0.999351,unemployed,??/?????,kept:contains:구직중,high,no,unemployed,contains:구직중,employment-status bucket is immutable
"전직 여객차 및 화차 정비원, 현재 구직중",3,3e-06,0.999354,unemployed,??/?????,kept:contains:구직중,high,no,unemployed,contains:구직중,employment-status bucket is immutable
"전직 공학·제조 및 건설 분야 시간강사, 현재 구직중",3,3e-06,0.999357,unemployed,??/?????,kept:contains:구직중,high,no,unemployed,contains:구직중,employment-status bucket is immutable
"전직 그 외 종이제품 생산기 조작원, 현재 구직중",3,3e-06,0.99936,unemployed,??/?????,kept:contains:구직중,high,no,unemployed,contains:구직중,employment-status bucket is immutable
"전직 그 외 금속 및 재료 공학 시험원, 현재 구직중",3,3e-06,0.999363,unemployed,??/?????,kept:contains:구직중,high,no,unemployed,contains:구직중,employment-status bucket is immutable
"전직 청각장애인 특수교육 교사, 현재 구직중",3,3e-06,0.999366,unemployed,??/?????,kept:contains:구직중,high,no,unemployed,contains:구직중,employment-status bucket is immutable
"전직 그 외 종교 관련 종사원, 현재 구직중",3,3e-06,0.999369,unemployed,??/?????,kept:contains:구직중,high,no,unemployed,contains:구직중,employment-status bucket is immutable
사회과학 연구 관리자,3,3e-06,0.999372,1,???,kept:contains:관리자,high,no,1,contains:관리자,kept from draft; no stronger correction rule
"전직 증권 중개인, 현재 구직중",3,3e-06,0.999375,unemployed,??/?????,kept:contains:구직중,high,no,unemployed,contains:구직중,employment-status bucket is immutable
"전직 토목안전 기술자, 현재 구직중",3,3e-06,0.999378,unemployed,??/?????,kept:contains:구직중,high,no,unemployed,contains:구직중,employment-status bucket is immutable
"전직 의료 서비스 상담 종사원, 현재 구직중",3,3e-06,0.999381,unemployed,??/?????,kept:contains:구직중,high,no,unemployed,contains:구직중,employment-status bucket is immutable
"전직 도로정지기 운전원, 현재 구직중",3,3e-06,0.999384,unemployed,??/?????,kept:contains:구직중,high,no,unemployed,contains:구직중,employment-status bucket is immutable
"전직 손해 사정사, 현재 구직중",3,3e-06,0.999387,unemployed,??/?????,kept:contains:구직중,high,no,unemployed,contains:구직중,employment-status bucket is immutable
"전직 화장품·비누제품 기술자 및 연구원, 현재 구직중",3,3e-06,0.99939,unemployed,??/?????,kept:contains:구직중,high,no,unemployed,contains:구직중,employment-status bucket is immutable
"전직 보험 인수 심사원, 현재 구직중",3,3e-06,0.999393,unemployed,??/?????,kept:contains:구직중,high,no,unemployed,contains:구직중,employment-status bucket is immutable
"전직 과학 교사, 현재 구직중",3,3e-06,0.999396,unemployed,??/?????,kept:contains:구직중,high,no,unemployed,contains:구직중,employment-status bucket is immutable
"전직 사진 인화 및 현상기 조작원, 현재 구직중",3,3e-06,0.999399,unemployed,??/?????,kept:contains:구직중,high,no,unemployed,contains:구직중,employment-status bucket is immutable
"전직 그 외 목제품 제조 관련 종사원, 현재 구직중",3,3e-06,0.999402,unemployed,??/?????,kept:contains:구직중,high,no,unemployed,contains:구직중,employment-status bucket is immutable
"전직 수상운송 사무원, 현재 구직중",3,3e-06,0.999405,unemployed,??/?????,kept:contains:구직중,high,no,unemployed,contains:구직중,employment-status bucket is immutable
"전직 식품기계 설치 및 정비원, 현재 구직중",3,3e-06,0.999408,unemployed,??/?????,kept:contains:구직중,high,no,unemployed,contains:구직중,employment-status bucket is immutable
"전직 신용 추심원, 현재 구직중",3,3e-06,0.999411,unemployed,??/?????,kept:contains:구직중,high,no,unemployed,contains:구직중,employment-status bucket is immutable
"전직 그 외 자연과학 시험원, 현재 구직중",3,3e-06,0.999414,unemployed,??/?????,kept:contains:구직중,high,no,unemployed,contains:구직중,employment-status bucket is immutable
"전직 예술 및 인문학 교수, 현재 구직중",3,3e-06,0.999417,unemployed,??/?????,kept:contains:구직중,high,no,unemployed,contains:구직중,employment-status bucket is immutable
"전직 대기 환경 기술자 및 연구원, 현재 구직중",3,3e-06,0.99942,unemployed,??/?????,kept:contains:구직중,high,no,unemployed,contains:구직중,employment-status bucket is immutable
"전직 그 외 점토제품 생산기 조작원, 현재 구직중",3,3e-06,0.999423,unemployed,??/?????,kept:contains:구직중,high,no,unemployed,contains:구직중,employment-status bucket is immutable
"전직 위생용 종이제품 제조기 조작원, 현재 구직중",3,3e-06,0.999426,unemployed,??/?????,kept:contains:구직중,high,no,unemployed,contains:구직중,employment-status bucket is immutable
"전직 카펫 및 가발 제조원, 현재 구직중",3,3e-06,0.999429,unemployed,??/?????,kept:contains:구직중,high,no,unemployed,contains:구직중,employment-status bucket is immutable
"전직 그 외 표백 및 염색 관련 기계 조작원, 현재 구직중",3,3e-06,0.999432,unemployed,??/?????,kept:contains:구직중,high,no,unemployed,contains:구직중,employment-status bucket is immutable
"전직 과실 및 채소 가공 관련 기계 조작원, 현재 구직중",3,3e-06,0.999435,unemployed,??/?????,kept:contains:구직중,high,no,unemployed,contains:구직중,employment-status bucket is immutable
"전직 인화지 제조기 조작원, 현재 구직중",3,3e-06,0.999438,unemployed,??/?????,kept:contains:구직중,high,no,unemployed,contains:구직중,employment-status bucket is immutable
"전직 환경 감시원, 현재 구직중",3,3e-06,0.999441,unemployed,??/?????,kept:contains:구직중,high,no,unemployed,contains:구직중,employment-status bucket is immutable
"전직 농업용 기계 설치 및 정비원, 현재 구직중",3,3e-06,0.999444,unemployed,??/?????,kept:contains:구직중,high,no,unemployed,contains:구직중,employment-status bucket is immutable
"전직 제재기 조작원, 현재 구직중",3,3e-06,0.999447,unemployed,??/?????,kept:contains:구직중,high,no,unemployed,contains:구직중,employment-status bucket is immutable
"전직 그 외 시멘트 및 광물제품 제조기 조작원, 현재 구직중",3,3e-06,0.99945,unemployed,??/?????,kept:contains:구직중,high,no,unemployed,contains:구직중,employment-status bucket is immutable
국악 연주가,3,3e-06,0.999453,2,??? ? ?? ???,v3fix:arts/media/education professional,medium,yes,other,no_rule,manual cleanup of low-confidence fallback
"전직 보험 심사원, 현재 구직중",3,3e-06,0.999456,unemployed,??/?????,kept:contains:구직중,high,no,unemployed,contains:구직중,employment-status bucket is immutable
"전직 그 외 언론 관련 전문가, 현재 구직중",3,3e-06,0.999459,unemployed,??/?????,kept:contains:구직중,high,no,unemployed,contains:구직중,employment-status bucket is immutable
"전직 개인 생활 서비스 종사원, 현재 구직중",3,3e-06,0.999462,unemployed,??/?????,kept:contains:구직중,high,no,unemployed,contains:구직중,employment-status bucket is immutable
"전직 문학작가, 현재 구직중",3,3e-06,0.999465,unemployed,??/?????,kept:contains:구직중,high,no,unemployed,contains:구직중,employment-status bucket is immutable
"전직 수의사 보조원, 현재 구직중",3,3e-06,0.999468,unemployed,??/?????,kept:contains:구직중,high,no,unemployed,contains:구직중,employment-status bucket is immutable
"전직 웹 디자이너, 현재 구직중",3,3e-06,0.999471,unemployed,??/?????,kept:contains:구직중,high,no,unemployed,contains:구직중,employment-status bucket is immutable
"전직 문화재 보존원, 현재 구직중",3,3e-06,0.999474,unemployed,??/?????,kept:contains:구직중,high,no,unemployed,contains:구직중,employment-status bucket is immutable
"전직 재활용 처리 기계 조작원, 현재 구직중",3,3e-06,0.999477,unemployed,??/?????,kept:contains:구직중,high,no,unemployed,contains:구직중,employment-status bucket is immutable
"전직 시계 및 카메라 수리원, 현재 구직중",3,3e-06,0.99948,unemployed,??/?????,kept:contains:구직중,high,no,unemployed,contains:구직중,employment-status bucket is immutable
"전직 보험 상품 개발자, 현재 구직중",3,3e-06,0.999483,unemployed,??/?????,kept:contains:구직중,high,no,unemployed,contains:구직중,employment-status bucket is immutable
"전직 그 외 수제 식품 제조 종사원, 현재 구직중",3,3e-06,0.999486,unemployed,??/?????,kept:contains:구직중,high,no,unemployed,contains:구직중,employment-status bucket is immutable
"전직 소음 진동 시험원, 현재 구직중",3,3e-06,0.999489,unemployed,??/?????,kept:contains:구직중,high,no,unemployed,contains:구직중,employment-status bucket is immutable
농림·수산업 및 수의학 시간강사,3,3e-06,0.999492,2,??? ? ?? ???,kept:suffix:강사,high,no,2,suffix:강사,kept from draft; no stronger correction rule
그 외 사육 관련 종사원,3,3e-06,0.999495,6,????? ?? ???,v3fix:final low cleanup,medium,yes,other,no_rule,manual cleanup of remaining tiny-tail fallback
"전직 구두 수선원, 현재 구직중",3,3e-06,0.999498,unemployed,??/?????,kept:contains:구직중,high,no,unemployed,contains:구직중,employment-status bucket is immutable
"전직 생물학 시험원, 현재 구직중",3,3e-06,0.999501,unemployed,??/?????,kept:contains:구직중,high,no,unemployed,contains:구직중,employment-status bucket is immutable
"전직 귀금속 세공원, 현재 구직중",3,3e-06,0.999504,unemployed,??/?????,kept:contains:구직중,high,no,unemployed,contains:구직중,employment-status bucket is immutable
그 외 자연과학 연구원,3,3e-06,0.999507,2,??? ? ?? ???,kept:suffix:연구원,high,no,2,suffix:연구원,kept from draft; no stronger correction rule
"전직 유지 제조기 조작원, 현재 구직중",3,3e-06,0.99951,unemployed,??/?????,kept:contains:구직중,high,no,unemployed,contains:구직중,employment-status bucket is immutable
"전직 콘크리트 타설원, 현재 구직중",3,3e-06,0.999513,unemployed,??/?????,kept:contains:구직중,high,no,unemployed,contains:구직중,employment-status bucket is immutable
"전직 그 외 직조기 및 편직기 조작원, 현재 구직중",3,3e-06,0.999516,unemployed,??/?????,kept:contains:구직중,high,no,unemployed,contains:구직중,employment-status bucket is immutable
"전직 플라스틱 압출기 조작원, 현재 구직중",3,3e-06,0.999519,unemployed,??/?????,kept:contains:구직중,high,no,unemployed,contains:구직중,employment-status bucket is immutable
도선사,3,3e-06,0.999522,8,????? ?? ? ?? ???,v3fix:final low cleanup,medium,yes,other,no_rule,manual cleanup of remaining tiny-tail fallback
"전직 그 외 전문 서비스 관리자, 현재 구직중",3,3e-06,0.999525,unemployed,??/?????,kept:contains:구직중,high,no,unemployed,contains:구직중,employment-status bucket is immutable
"전직 정보 통신기술 분야 교수, 현재 구직중",3,3e-06,0.999528,unemployed,??/?????,kept:contains:구직중,high,no,unemployed,contains:구직중,employment-status bucket is immutable
"전직 그 외 채굴 및 토목 관련 종사원, 현재 구직중",3,3e-06,0.999531,unemployed,??/?????,kept:contains:구직중,high,no,unemployed,contains:구직중,employment-status bucket is immutable
"전직 소음 진동 기술자 및 연구원, 현재 구직중",3,3e-06,0.999534,unemployed,??/?????,kept:contains:구직중,high,no,unemployed,contains:구직중,employment-status bucket is immutable
"전직 임업 단순 종사원, 현재 구직중",3,3e-06,0.999537,unemployed,??/?????,kept:contains:구직중,high,no,unemployed,contains:구직중,employment-status bucket is immutable
"전직 그 외 스포츠 및 레크리에이션 관련 전문가, 현재 구직중",3,3e-06,0.99954,unemployed,??/?????,kept:contains:구직중,high,no,unemployed,contains:구직중,employment-status bucket is immutable
"전직 영상·녹화 및 편집 기사, 현재 구직중",3,3e-06,0.999543,unemployed,??/?????,kept:contains:구직중,high,no,unemployed,contains:구직중,employment-status bucket is immutable
"전직 승려, 현재 구직중",3,3e-06,0.999546,unemployed,??/?????,kept:contains:구직중,high,no,unemployed,contains:구직중,employment-status bucket is immutable
"전직 임학 연구원, 현재 구직중",3,3e-06,0.999549,unemployed,??/?????,kept:contains:구직중,high,no,unemployed,contains:구직중,employment-status bucket is immutable
"전직 방사선사, 현재 구직중",3,3e-06,0.999552,unemployed,??/?????,kept:contains:구직중,high,no,unemployed,contains:구직중,employment-status bucket is immutable
"전직 가죽 및 모피 수선원, 현재 구직중",3,3e-06,0.999555,unemployed,??/?????,kept:contains:구직중,high,no,unemployed,contains:구직중,employment-status bucket is immutable
"전직 채석원, 현재 구직중",3,3e-06,0.999558,unemployed,??/?????,kept:contains:구직중,high,no,unemployed,contains:구직중,employment-status bucket is immutable
"전직 타이어 생산기 조작원, 현재 구직중",3,3e-06,0.999561,unemployed,??/?????,kept:contains:구직중,high,no,unemployed,contains:구직중,employment-status bucket is immutable
"전직 그 외 곡물가공 제품 기계 조작원, 현재 구직중",3,3e-06,0.999564,unemployed,??/?????,kept:contains:구직중,high,no,unemployed,contains:구직중,employment-status bucket is immutable
"전직 석 공예원, 현재 구직중",3,3e-06,0.999567,unemployed,??/?????,kept:contains:구직중,high,no,unemployed,contains:구직중,employment-status bucket is immutable
"전직 국수 및 면류 제품 기계 조작원, 현재 구직중",3,3e-06,0.99957,unemployed,??/?????,kept:contains:구직중,high,no,unemployed,contains:구직중,employment-status bucket is immutable
"전직 압연기 조작원, 현재 구직중",3,3e-06,0.999573,unemployed,??/?????,kept:contains:구직중,high,no,unemployed,contains:구직중,employment-status bucket is immutable
"전직 그 외 금융 사무원, 현재 구직중",3,3e-06,0.999576,unemployed,??/?????,kept:contains:구직중,high,no,unemployed,contains:구직중,employment-status bucket is immutable
"전직 유리 제조 및 제품 가공기 조작원, 현재 구직중",3,3e-06,0.999579,unemployed,??/?????,kept:contains:구직중,high,no,unemployed,contains:구직중,employment-status bucket is immutable
"전직 돼지 사육자, 현재 구직중",3,3e-06,0.999582,unemployed,??/?????,kept:contains:구직중,high,no,unemployed,contains:구직중,employment-status bucket is immutable
"전직 소방 공사 감리 기술자 및 연구원, 현재 구직중",3,3e-06,0.999585,unemployed,??/?????,kept:contains:구직중,high,no,unemployed,contains:구직중,employment-status bucket is immutable
"전직 압출기 조작원, 현재 구직중",3,3e-06,0.999588,unemployed,??/?????,kept:contains:구직중,high,no,unemployed,contains:구직중,employment-status bucket is immutable
"전직 방송 및 영화연출 보조원, 현재 구직중",3,3e-06,0.999591,unemployed,??/?????,kept:contains:구직중,high,no,unemployed,contains:구직중,employment-status bucket is immutable
사무용품 대여원,3,3e-06,0.999594,4,??? ???,v3:대여원,medium,yes,other,no_rule,service/care/monitoring/rental
"전직 항해사, 현재 구직중",3,3e-06,0.999597,unemployed,??/?????,kept:contains:구직중,high,no,unemployed,contains:구직중,employment-status bucket is immutable
"전직 정당 및 특수 단체 임원, 현재 구직중",3,3e-06,0.9996,unemployed,??/?????,kept:contains:구직중,high,no,unemployed,contains:구직중,employment-status bucket is immutable
"전직 그 외 선박 관련 승무원, 현재 구직중",3,3e-06,0.999603,unemployed,??/?????,kept:contains:구직중,high,no,unemployed,contains:구직중,employment-status bucket is immutable
"전직 수질 환경 시험원, 현재 구직중",3,3e-06,0.999606,unemployed,??/?????,kept:contains:구직중,high,no,unemployed,contains:구직중,employment-status bucket is immutable
"전직 그 외 음료 제조 관련 기계 조작원, 현재 구직중",3,3e-06,0.999609,unemployed,??/?????,kept:contains:구직중,high,no,unemployed,contains:구직중,employment-status bucket is immutable
"전직 지구 및 기상 과학 연구원, 현재 구직중",3,3e-06,0.999612,unemployed,??/?????,kept:contains:구직중,high,no,unemployed,contains:구직중,employment-status bucket is immutable
"전직 송배전설비 전기원, 현재 구직중",3,3e-06,0.999615,unemployed,??/?????,kept:contains:구직중,high,no,unemployed,contains:구직중,employment-status bucket is immutable
"전직 섬유 및 펠트 관련 선별원, 현재 구직중",3,3e-06,0.999618,unemployed,??/?????,kept:contains:구직중,high,no,unemployed,contains:구직중,employment-status bucket is immutable
"전직 디지털인쇄기 조작원, 현재 구직중",3,3e-06,0.999621,unemployed,??/?????,kept:contains:구직중,high,no,unemployed,contains:구직중,employment-status bucket is immutable
"전직 필름 생산기 조작원, 현재 구직중",2,2e-06,0.999623,unemployed,??/?????,kept:contains:구직중,high,no,unemployed,contains:구직중,employment-status bucket is immutable
"전직 전통차 조리사, 현재 구직중",2,2e-06,0.999625,unemployed,??/?????,kept:contains:구직중,high,no,unemployed,contains:구직중,employment-status bucket is immutable
"전직 조미 식품 생산기 조작원, 현재 구직중",2,2e-06,0.999627,unemployed,??/?????,kept:contains:구직중,high,no,unemployed,contains:구직중,employment-status bucket is immutable
"전직 마루 설치원, 현재 구직중",2,2e-06,0.999629,unemployed,??/?????,kept:contains:구직중,high,no,unemployed,contains:구직중,employment-status bucket is immutable
"전직 금속 주입원, 현재 구직중",2,2e-06,0.999631,unemployed,??/?????,kept:contains:구직중,high,no,unemployed,contains:구직중,employment-status bucket is immutable
"전직 그 외 토목 관련 기술자, 현재 구직중",2,2e-06,0.999633,unemployed,??/?????,kept:contains:구직중,high,no,unemployed,contains:구직중,employment-status bucket is immutable
"전직 건강식품 가공기 조작원, 현재 구직중",2,2e-06,0.999635,unemployed,??/?????,kept:contains:구직중,high,no,unemployed,contains:구직중,employment-status bucket is immutable
원근해 어부,2,2e-06,0.999637,6,????? ?? ???,v3fix:final low cleanup,medium,yes,other,no_rule,manual cleanup of remaining tiny-tail fallback
"전직 선박 기관사, 현재 구직중",2,2e-06,0.999639,unemployed,??/?????,kept:contains:구직중,high,no,unemployed,contains:구직중,employment-status bucket is immutable
"전직 식품 생산 관리자, 현재 구직중",2,2e-06,0.999641,unemployed,??/?????,kept:contains:구직중,high,no,unemployed,contains:구직중,employment-status bucket is immutable
"전직 그 외 비금속제품 관련 생산기 조작원, 현재 구직중",2,2e-06,0.999643,unemployed,??/?????,kept:contains:구직중,high,no,unemployed,contains:구직중,employment-status bucket is immutable
"전직 지휘자, 현재 구직중",2,2e-06,0.999645,unemployed,??/?????,kept:contains:구직중,high,no,unemployed,contains:구직중,employment-status bucket is immutable
"전직 그 외 아나운서 및 리포터, 현재 구직중",2,2e-06,0.999647,unemployed,??/?????,kept:contains:구직중,high,no,unemployed,contains:구직중,employment-status bucket is immutable
"전직 점술가, 현재 구직중",2,2e-06,0.999649,unemployed,??/?????,kept:contains:구직중,high,no,unemployed,contains:구직중,employment-status bucket is immutable
"전직 조경 계획 및 설계 기술자, 현재 구직중",2,2e-06,0.999651,unemployed,??/?????,kept:contains:구직중,high,no,unemployed,contains:구직중,employment-status bucket is immutable
"전직 그 외 사진 인화 및 현상기 조작원, 현재 구직중",2,2e-06,0.999653,unemployed,??/?????,kept:contains:구직중,high,no,unemployed,contains:구직중,employment-status bucket is immutable
"전직 이벤트 전문가, 현재 구직중",2,2e-06,0.999655,unemployed,??/?????,kept:contains:구직중,high,no,unemployed,contains:구직중,employment-status bucket is immutable
"전직 그 외 조적공 및 석재 부설원, 현재 구직중",2,2e-06,0.999657,unemployed,??/?????,kept:contains:구직중,high,no,unemployed,contains:구직중,employment-status bucket is immutable
"전직 천문 및 우주 과학 시험원, 현재 구직중",2,2e-06,0.999659,unemployed,??/?????,kept:contains:구직중,high,no,unemployed,contains:구직중,employment-status bucket is immutable
"전직 그 외 제품 생산 관련 관리자, 현재 구직중",2,2e-06,0.999661,unemployed,??/?????,kept:contains:구직중,high,no,unemployed,contains:구직중,employment-status bucket is immutable
"전직 그 외 작가, 현재 구직중",2,2e-06,0.999663,unemployed,??/?????,kept:contains:구직중,high,no,unemployed,contains:구직중,employment-status bucket is immutable
"전직 컴퓨터 운영 관리자, 현재 구직중",2,2e-06,0.999665,unemployed,??/?????,kept:contains:구직중,high,no,unemployed,contains:구직중,employment-status bucket is immutable
"전직 그 외 환경공학 관련 시험원, 현재 구직중",2,2e-06,0.999667,unemployed,??/?????,kept:contains:구직중,high,no,unemployed,contains:구직중,employment-status bucket is immutable
"전직 항공기 객실 승무원, 현재 구직중",2,2e-06,0.999669,unemployed,??/?????,kept:contains:구직중,high,no,unemployed,contains:구직중,employment-status bucket is immutable
"전직 민속신앙 관련 종사원, 현재 구직중",2,2e-06,0.999671,unemployed,??/?????,kept:contains:구직중,high,no,unemployed,contains:구직중,employment-status bucket is immutable
"전직 건설기계 조립원, 현재 구직중",2,2e-06,0.999673,unemployed,??/?????,kept:contains:구직중,high,no,unemployed,contains:구직중,employment-status bucket is immutable
"전직 펌프 장치 조작원, 현재 구직중",2,2e-06,0.999675,unemployed,??/?????,kept:contains:구직중,high,no,unemployed,contains:구직중,employment-status bucket is immutable
"전직 그 외 자산 운용가, 현재 구직중",2,2e-06,0.999677,unemployed,??/?????,kept:contains:구직중,high,no,unemployed,contains:구직중,employment-status bucket is immutable
"전직 하수 처리 장치 조작원, 현재 구직중",2,2e-06,0.999679,unemployed,??/?????,kept:contains:구직중,high,no,unemployed,contains:구직중,employment-status bucket is immutable
"전직 폐기물 처리 시험원, 현재 구직중",2,2e-06,0.999681,unemployed,??/?????,kept:contains:구직중,high,no,unemployed,contains:구직중,employment-status bucket is immutable
"전직 자동차 섀시 정비원, 현재 구직중",2,2e-06,0.999683,unemployed,??/?????,kept:contains:구직중,high,no,unemployed,contains:구직중,employment-status bucket is immutable
항공권 판매원,2,2e-06,0.999685,5,?? ???,kept:contains:판매,high,no,5,contains:판매,kept from draft; no stronger correction rule
"전직 기술 감독, 현재 구직중",2,2e-06,0.999687,unemployed,??/?????,kept:contains:구직중,high,no,unemployed,contains:구직중,employment-status bucket is immutable
"전직 심리학 연구원, 현재 구직중",2,2e-06,0.999689,unemployed,??/?????,kept:contains:구직중,high,no,unemployed,contains:구직중,employment-status bucket is immutable
"전직 수산학 연구원, 현재 구직중",2,2e-06,0.999691,unemployed,??/?????,kept:contains:구직중,high,no,unemployed,contains:구직중,employment-status bucket is immutable
"전직 건물 수리원, 현재 구직중",2,2e-06,0.999693,unemployed,??/?????,kept:contains:구직중,high,no,unemployed,contains:구직중,employment-status bucket is immutable
"전직 피부 관리사, 현재 구직중",2,2e-06,0.999695,unemployed,??/?????,kept:contains:구직중,high,no,unemployed,contains:구직중,employment-status bucket is immutable
"전직 사용자 경험 및 인터페이스 디자이너, 현재 구직중",2,2e-06,0.999697,unemployed,??/?????,kept:contains:구직중,high,no,unemployed,contains:구직중,employment-status bucket is immutable
"전직 경인쇄기 조작원, 현재 구직중",2,2e-06,0.999699,unemployed,??/?????,kept:contains:구직중,high,no,unemployed,contains:구직중,employment-status bucket is immutable
"전직 어업 시험원, 현재 구직중",2,2e-06,0.999701,unemployed,??/?????,kept:contains:구직중,high,no,unemployed,contains:구직중,employment-status bucket is immutable
"전직 색채 전문가, 현재 구직중",2,2e-06,0.999703,unemployed,??/?????,kept:contains:구직중,high,no,unemployed,contains:구직중,employment-status bucket is immutable
"전직 그 외 식문화 관련 전문가, 현재 구직중",2,2e-06,0.999705,unemployed,??/?????,kept:contains:구직중,high,no,unemployed,contains:구직중,employment-status bucket is immutable
"전직 크레인 설치 및 정비원, 현재 구직중",2,2e-06,0.999707,unemployed,??/?????,kept:contains:구직중,high,no,unemployed,contains:구직중,employment-status bucket is immutable
"전직 행사 전시 기획자, 현재 구직중",2,2e-06,0.999709,unemployed,??/?????,kept:contains:구직중,high,no,unemployed,contains:구직중,employment-status bucket is immutable
"전직 가구 수리원, 현재 구직중",2,2e-06,0.999711,unemployed,??/?????,kept:contains:구직중,high,no,unemployed,contains:구직중,employment-status bucket is immutable
"전직 정치학 연구원, 현재 구직중",2,2e-06,0.999713,unemployed,??/?????,kept:contains:구직중,high,no,unemployed,contains:구직중,employment-status bucket is immutable
"전직 무역 관련 관리자, 현재 구직중",2,2e-06,0.999715,unemployed,??/?????,kept:contains:구직중,high,no,unemployed,contains:구직중,employment-status bucket is immutable
"전직 주방장, 현재 구직중",2,2e-06,0.999717,unemployed,??/?????,kept:contains:구직중,high,no,unemployed,contains:구직중,employment-status bucket is immutable
"전직 철도 기관차 정비원, 현재 구직중",2,2e-06,0.999719,unemployed,??/?????,kept:contains:구직중,high,no,unemployed,contains:구직중,employment-status bucket is immutable
"전직 기업 인수 및 합병 전문가, 현재 구직중",2,2e-06,0.999721,unemployed,??/?????,kept:contains:구직중,high,no,unemployed,contains:구직중,employment-status bucket is immutable
"전직 목 공예원, 현재 구직중",2,2e-06,0.999723,unemployed,??/?????,kept:contains:구직중,high,no,unemployed,contains:구직중,employment-status bucket is immutable
육우 사육자,2,2e-06,0.999725,6,????? ?? ???,v3:사육자,medium,yes,other,no_rule,agriculture/livestock skilled
"전직 보석 세공원, 현재 구직중",2,2e-06,0.999727,unemployed,??/?????,kept:contains:구직중,high,no,unemployed,contains:구직중,employment-status bucket is immutable
"전직 중앙정부 고위 공무원, 현재 구직중",2,2e-06,0.999729,unemployed,??/?????,kept:contains:구직중,high,no,unemployed,contains:구직중,employment-status bucket is immutable
"전직 그 외 연극·영화 및 영상 관련 종사원, 현재 구직중",2,2e-06,0.999731,unemployed,??/?????,kept:contains:구직중,high,no,unemployed,contains:구직중,employment-status bucket is immutable
"전직 젖소 사육자, 현재 구직중",2,2e-06,0.999733,unemployed,??/?????,kept:contains:구직중,high,no,unemployed,contains:구직중,employment-status bucket is immutable
"전직 수력발전장치 운전원, 현재 구직중",2,2e-06,0.999735,unemployed,??/?????,kept:contains:구직중,high,no,unemployed,contains:구직중,employment-status bucket is immutable
"전직 내과 전문 의사, 현재 구직중",2,2e-06,0.999737,unemployed,??/?????,kept:contains:구직중,high,no,unemployed,contains:구직중,employment-status bucket is immutable
"전직 그 외 금융 및 보험 관련 전문가, 현재 구직중",2,2e-06,0.999739,unemployed,??/?????,kept:contains:구직중,high,no,unemployed,contains:구직중,employment-status bucket is immutable
"전직 조경원, 현재 구직중",2,2e-06,0.999741,unemployed,??/?????,kept:contains:구직중,high,no,unemployed,contains:구직중,employment-status bucket is immutable
"전직 노래방 서비스원, 현재 구직중",2,2e-06,0.999743,unemployed,??/?????,kept:contains:구직중,high,no,unemployed,contains:구직중,employment-status bucket is immutable
"전직 그 외 공예원, 현재 구직중",2,2e-06,0.999745,unemployed,??/?????,kept:contains:구직중,high,no,unemployed,contains:구직중,employment-status bucket is immutable
"전직 항공기 전기 설치원, 현재 구직중",2,2e-06,0.999747,unemployed,??/?????,kept:contains:구직중,high,no,unemployed,contains:구직중,employment-status bucket is immutable
"전직 도자기제품 생산기 조작원, 현재 구직중",2,2e-06,0.999749,unemployed,??/?????,kept:contains:구직중,high,no,unemployed,contains:구직중,employment-status bucket is immutable
"전직 종이상자 및 봉투 제조기 조작원, 현재 구직중",2,2e-06,0.999751,unemployed,??/?????,kept:contains:구직중,high,no,unemployed,contains:구직중,employment-status bucket is immutable
"전직 개그맨 및 코미디언, 현재 구직중",2,2e-06,0.999753,unemployed,??/?????,kept:contains:구직중,high,no,unemployed,contains:구직중,employment-status bucket is immutable
"전직 촬영기사, 현재 구직중",2,2e-06,0.999755,unemployed,??/?????,kept:contains:구직중,high,no,unemployed,contains:구직중,employment-status bucket is immutable
"전직 그 외 감독 및 연출가, 현재 구직중",2,2e-06,0.999757,unemployed,??/?????,kept:contains:구직중,high,no,unemployed,contains:구직중,employment-status bucket is immutable
"전직 디자인 관련 관리자, 현재 구직중",2,2e-06,0.999759,unemployed,??/?????,kept:contains:구직중,high,no,unemployed,contains:구직중,employment-status bucket is immutable
"전직 식품공학 시험원, 현재 구직중",2,2e-06,0.999761,unemployed,??/?????,kept:contains:구직중,high,no,unemployed,contains:구직중,employment-status bucket is immutable
"전직 피부과 및 비뇨기과 전문 의사, 현재 구직중",2,2e-06,0.999763,unemployed,??/?????,kept:contains:구직중,high,no,unemployed,contains:구직중,employment-status bucket is immutable
"전직 체육 및 그 외 분야 시간강사, 현재 구직중",2,2e-06,0.999765,unemployed,??/?????,kept:contains:구직중,high,no,unemployed,contains:구직중,employment-status bucket is immutable
"전직 의료기기 설치 및 수리원, 현재 구직중",2,2e-06,0.999767,unemployed,??/?????,kept:contains:구직중,high,no,unemployed,contains:구직중,employment-status bucket is immutable
"전직 오락 및 스포츠용품 대여원, 현재 구직중",2,2e-06,0.999769,unemployed,??/?????,kept:contains:구직중,high,no,unemployed,contains:구직중,employment-status bucket is immutable
"전직 그 외 석유 및 화학물 가공 장치 조작원, 현재 구직중",2,2e-06,0.999771,unemployed,??/?????,kept:contains:구직중,high,no,unemployed,contains:구직중,employment-status bucket is immutable
"전직 체형 관리사, 현재 구직중",2,2e-06,0.999773,unemployed,??/?????,kept:contains:구직중,high,no,unemployed,contains:구직중,employment-status bucket is immutable
"전직 그 외 인문과학 연구원, 현재 구직중",2,2e-06,0.999775,unemployed,??/?????,kept:contains:구직중,high,no,unemployed,contains:구직중,employment-status bucket is immutable
그 외 가축 사육 종사원,2,2e-06,0.999777,6,????? ?? ???,v3fix:final low cleanup,medium,yes,other,no_rule,manual cleanup of remaining tiny-tail fallback
"전직 그 외 생명과학 연구원, 현재 구직중",2,2e-06,0.999779,unemployed,??/?????,kept:contains:구직중,high,no,unemployed,contains:구직중,employment-status bucket is immutable
"전직 그 외 화학공학 시험원, 현재 구직중",2,2e-06,0.999781,unemployed,??/?????,kept:contains:구직중,high,no,unemployed,contains:구직중,employment-status bucket is immutable
"전직 렌터카 운전원, 현재 구직중",2,2e-06,0.999783,unemployed,??/?????,kept:contains:구직중,high,no,unemployed,contains:구직중,employment-status bucket is immutable
"전직 통신 관리자, 현재 구직중",2,2e-06,0.999785,unemployed,??/?????,kept:contains:구직중,high,no,unemployed,contains:구직중,employment-status bucket is immutable
"전직 호이스트 설치 및 정비원, 현재 구직중",2,2e-06,0.999787,unemployed,??/?????,kept:contains:구직중,high,no,unemployed,contains:구직중,employment-status bucket is immutable
"전직 스포츠 코치, 현재 구직중",2,2e-06,0.999789,unemployed,??/?????,kept:contains:구직중,high,no,unemployed,contains:구직중,employment-status bucket is immutable
"전직 체육 및 그 외 분야 교수, 현재 구직중",2,2e-06,0.999791,unemployed,??/?????,kept:contains:구직중,high,no,unemployed,contains:구직중,employment-status bucket is immutable
"전직 음향 및 녹음 기사, 현재 구직중",2,2e-06,0.999793,unemployed,??/?????,kept:contains:구직중,high,no,unemployed,contains:구직중,employment-status bucket is immutable
"전직 호이스트 운전원, 현재 구직중",2,2e-06,0.999795,unemployed,??/?????,kept:contains:구직중,high,no,unemployed,contains:구직중,employment-status bucket is immutable
"전직 화장품 및 비누제품 시험원, 현재 구직중",2,2e-06,0.999797,unemployed,??/?????,kept:contains:구직중,high,no,unemployed,contains:구직중,employment-status bucket is immutable
"전직 보건 및 복지 교수, 현재 구직중",2,2e-06,0.999799,unemployed,??/?????,kept:contains:구직중,high,no,unemployed,contains:구직중,employment-status bucket is immutable
"전직 인발기 조작원, 현재 구직중",2,2e-06,0.999801,unemployed,??/?????,kept:contains:구직중,high,no,unemployed,contains:구직중,employment-status bucket is immutable
"전직 석제품 가공기 조작원, 현재 구직중",2,2e-06,0.999803,unemployed,??/?????,kept:contains:구직중,high,no,unemployed,contains:구직중,employment-status bucket is immutable
"전직 소각로 조작원, 현재 구직중",2,2e-06,0.999805,unemployed,??/?????,kept:contains:구직중,high,no,unemployed,contains:구직중,employment-status bucket is immutable
"전직 가구 디자이너, 현재 구직중",2,2e-06,0.999807,unemployed,??/?????,kept:contains:구직중,high,no,unemployed,contains:구직중,employment-status bucket is immutable
"전직 제책 및 재단용 기계 조작원, 현재 구직중",2,2e-06,0.999809,unemployed,??/?????,kept:contains:구직중,high,no,unemployed,contains:구직중,employment-status bucket is immutable
"전직 플라스틱제품 조립원, 현재 구직중",2,2e-06,0.999811,unemployed,??/?????,kept:contains:구직중,high,no,unemployed,contains:구직중,employment-status bucket is immutable
"전직 항공교통 관제사, 현재 구직중",2,2e-06,0.999813,unemployed,??/?????,kept:contains:구직중,high,no,unemployed,contains:구직중,employment-status bucket is immutable
"전직 그 외 귀금속 및 보석 세공원, 현재 구직중",2,2e-06,0.999815,unemployed,??/?????,kept:contains:구직중,high,no,unemployed,contains:구직중,employment-status bucket is immutable
내수면 어부,2,2e-06,0.999817,6,????? ?? ???,v3fix:final low cleanup,medium,yes,other,no_rule,manual cleanup of remaining tiny-tail fallback
"전직 인력 공급 및 알선 서비스 관리자, 현재 구직중",2,2e-06,0.999819,unemployed,??/?????,kept:contains:구직중,high,no,unemployed,contains:구직중,employment-status bucket is immutable
"전직 사회과학·경영 및 법학 시간강사, 현재 구직중",2,2e-06,0.999821,unemployed,??/?????,kept:contains:구직중,high,no,unemployed,contains:구직중,employment-status bucket is immutable
"전직 가구 판매원, 현재 구직중",2,2e-06,0.999823,unemployed,??/?????,kept:contains:구직중,high,no,unemployed,contains:구직중,employment-status bucket is immutable
"전직 그 외 전기 및 전자설비 조작원, 현재 구직중",2,2e-06,0.999825,unemployed,??/?????,kept:contains:구직중,high,no,unemployed,contains:구직중,employment-status bucket is immutable
"전직 전자 및 정밀 기구 조립원, 현재 구직중",2,2e-06,0.999827,unemployed,??/?????,kept:contains:구직중,high,no,unemployed,contains:구직중,employment-status bucket is immutable
"전직 가스 관련 관리자, 현재 구직중",2,2e-06,0.999829,unemployed,??/?????,kept:contains:구직중,high,no,unemployed,contains:구직중,employment-status bucket is immutable
"전직 외환 딜러, 현재 구직중",2,2e-06,0.999831,unemployed,??/?????,kept:contains:구직중,high,no,unemployed,contains:구직중,employment-status bucket is immutable
"전직 악기 제조 및 수리원, 현재 구직중",2,2e-06,0.999833,unemployed,??/?????,kept:contains:구직중,high,no,unemployed,contains:구직중,employment-status bucket is immutable
"전직 수리 및 정비 관련 관리자, 현재 구직중",2,2e-06,0.999835,unemployed,??/?????,kept:contains:구직중,high,no,unemployed,contains:구직중,employment-status bucket is immutable
"전직 자동차 전기 및 전자 정비원, 현재 구직중",2,2e-06,0.999837,unemployed,??/?????,kept:contains:구직중,high,no,unemployed,contains:구직중,employment-status bucket is immutable
국회의원,2,2e-06,0.999839,1,???,v3fix:institution/political manager,medium,yes,other,no_rule,manual cleanup of low-confidence fallback
어패류 양식원,2,2e-06,0.999841,6,????? ?? ???,v3fix:aquaculture skilled,medium,yes,other,no_rule,manual cleanup of low-confidence fallback
"전직 소년원 학교 교사, 현재 구직중",2,2e-06,0.999843,unemployed,??/?????,kept:contains:구직중,high,no,unemployed,contains:구직중,employment-status bucket is immutable
"전직 자동차 조립원, 현재 구직중",2,2e-06,0.999845,unemployed,??/?????,kept:contains:구직중,high,no,unemployed,contains:구직중,employment-status bucket is immutable
"전직 항타기 운전원, 현재 구직중",2,2e-06,0.999847,unemployed,??/?????,kept:contains:구직중,high,no,unemployed,contains:구직중,employment-status bucket is immutable
"전직 대학 행정조교, 현재 구직중",2,2e-06,0.999849,unemployed,??/?????,kept:contains:구직중,high,no,unemployed,contains:구직중,employment-status bucket is immutable
"전직 디스플레이 디자이너, 현재 구직중",2,2e-06,0.999851,unemployed,??/?????,kept:contains:구직중,high,no,unemployed,contains:구직중,employment-status bucket is immutable
"전직 방문 판매원, 현재 구직중",2,2e-06,0.999853,unemployed,??/?????,kept:contains:구직중,high,no,unemployed,contains:구직중,employment-status bucket is immutable
숙박 관련 관리자,2,2e-06,0.999855,1,???,kept:contains:관리자,high,no,1,contains:관리자,kept from draft; no stronger correction rule
"전직 치과 전문 의사, 현재 구직중",2,2e-06,0.999857,unemployed,??/?????,kept:contains:구직중,high,no,unemployed,contains:구직중,employment-status bucket is immutable
"전직 메이크업 아티스트, 현재 구직중",2,2e-06,0.999859,unemployed,??/?????,kept:contains:구직중,high,no,unemployed,contains:구직중,employment-status bucket is immutable
"전직 컴퓨터 하드웨어 개발 관리자, 현재 구직중",2,2e-06,0.999861,unemployed,??/?????,kept:contains:구직중,high,no,unemployed,contains:구직중,employment-status bucket is immutable
"전직 법률 관리자, 현재 구직중",2,2e-06,0.999863,unemployed,??/?????,kept:contains:구직중,high,no,unemployed,contains:구직중,employment-status bucket is immutable
"전직 생물학 연구원, 현재 구직중",2,2e-06,0.999865,unemployed,??/?????,kept:contains:구직중,high,no,unemployed,contains:구직중,employment-status bucket is immutable
"전직 요업 및 세라믹 공학 시험원, 현재 구직중",2,2e-06,0.999867,unemployed,??/?????,kept:contains:구직중,high,no,unemployed,contains:구직중,employment-status bucket is immutable
"전직 단조기 조작원, 현재 구직중",2,2e-06,0.999869,unemployed,??/?????,kept:contains:구직중,high,no,unemployed,contains:구직중,employment-status bucket is immutable
"전직 편직기 조작원, 현재 구직중",2,2e-06,0.999871,unemployed,??/?????,kept:contains:구직중,high,no,unemployed,contains:구직중,employment-status bucket is immutable
"전직 주차 단속원, 현재 구직중",1,1e-06,0.999872,unemployed,??/?????,kept:contains:구직중,high,no,unemployed,contains:구직중,employment-status bucket is immutable
"전직 건설기계공학 기술자 및 연구원, 현재 구직중",1,1e-06,0.999873,unemployed,??/?????,kept:contains:구직중,high,no,unemployed,contains:구직중,employment-status bucket is immutable
"전직 방재 기술자 및 연구원, 현재 구직중",1,1e-06,0.999874,unemployed,??/?????,kept:contains:구직중,high,no,unemployed,contains:구직중,employment-status bucket is immutable
"전직 신용 분석가, 현재 구직중",1,1e-06,0.999875,unemployed,??/?????,kept:contains:구직중,high,no,unemployed,contains:구직중,employment-status bucket is immutable
"전직 교통영향 평가원, 현재 구직중",1,1e-06,0.999876,unemployed,??/?????,kept:contains:구직중,high,no,unemployed,contains:구직중,employment-status bucket is immutable
"전직 천일염 생산 종사원, 현재 구직중",1,1e-06,0.999877,unemployed,??/?????,kept:contains:구직중,high,no,unemployed,contains:구직중,employment-status bucket is immutable
젖소 사육자,1,1e-06,0.999878,6,????? ?? ???,v3:사육자,medium,yes,other,no_rule,agriculture/livestock skilled
"전직 전자공학 시험원, 현재 구직중",1,1e-06,0.999879,unemployed,??/?????,kept:contains:구직중,high,no,unemployed,contains:구직중,employment-status bucket is immutable
"전직 토양 환경 시험원, 현재 구직중",1,1e-06,0.99988,unemployed,??/?????,kept:contains:구직중,high,no,unemployed,contains:구직중,employment-status bucket is immutable
"전직 임상심리사, 현재 구직중",1,1e-06,0.999881,unemployed,??/?????,kept:contains:구직중,high,no,unemployed,contains:구직중,employment-status bucket is immutable
"전직 공학 연구 관리자, 현재 구직중",1,1e-06,0.999882,unemployed,??/?????,kept:contains:구직중,high,no,unemployed,contains:구직중,employment-status bucket is immutable
"전직 동물 부화원, 현재 구직중",1,1e-06,0.999883,unemployed,??/?????,kept:contains:구직중,high,no,unemployed,contains:구직중,employment-status bucket is immutable
"전직 결혼상담원, 현재 구직중",1,1e-06,0.999884,unemployed,??/?????,kept:contains:구직중,high,no,unemployed,contains:구직중,employment-status bucket is immutable
"전직 원자력발전장치 운전원, 현재 구직중",1,1e-06,0.999885,unemployed,??/?????,kept:contains:구직중,high,no,unemployed,contains:구직중,employment-status bucket is immutable
"전직 경찰 관리자, 현재 구직중",1,1e-06,0.999886,unemployed,??/?????,kept:contains:구직중,high,no,unemployed,contains:구직중,employment-status bucket is immutable
"전직 그 외 시각 및 공연 예술가, 현재 구직중",1,1e-06,0.999887,unemployed,??/?????,kept:contains:구직중,high,no,unemployed,contains:구직중,employment-status bucket is immutable
"전직 배우, 현재 구직중",1,1e-06,0.999888,unemployed,??/?????,kept:contains:구직중,high,no,unemployed,contains:구직중,employment-status bucket is immutable
"전직 외과 전문 의사, 현재 구직중",1,1e-06,0.999889,unemployed,??/?????,kept:contains:구직중,high,no,unemployed,contains:구직중,employment-status bucket is immutable
"전직 광석 및 석재 가공장치 조작원, 현재 구직중",1,1e-06,0.99989,unemployed,??/?????,kept:contains:구직중,high,no,unemployed,contains:구직중,employment-status bucket is immutable
해조류 양식원,1,1e-06,0.999891,6,????? ?? ???,v3fix:aquaculture skilled,medium,yes,other,no_rule,manual cleanup of low-confidence fallback
"전직 포장 디자이너, 현재 구직중",1,1e-06,0.999892,unemployed,??/?????,kept:contains:구직중,high,no,unemployed,contains:구직중,employment-status bucket is immutable
"전직 소아청소년과 전문 의사, 현재 구직중",1,1e-06,0.999893,unemployed,??/?????,kept:contains:구직중,high,no,unemployed,contains:구직중,employment-status bucket is immutable
"전직 조명 기구 설치 및 수리원, 현재 구직중",1,1e-06,0.999894,unemployed,??/?????,kept:contains:구직중,high,no,unemployed,contains:구직중,employment-status bucket is immutable
"전직 인류학 연구원, 현재 구직중",1,1e-06,0.999895,unemployed,??/?????,kept:contains:구직중,high,no,unemployed,contains:구직중,employment-status bucket is immutable
"전직 방송·출판 및 영상 관련 관리자, 현재 구직중",1,1e-06,0.999896,unemployed,??/?????,kept:contains:구직중,high,no,unemployed,contains:구직중,employment-status bucket is immutable
"전직 소방 관리자, 현재 구직중",1,1e-06,0.999897,unemployed,??/?????,kept:contains:구직중,high,no,unemployed,contains:구직중,employment-status bucket is immutable
복권 및 마권 판매원,1,1e-06,0.999898,5,?? ???,kept:contains:판매,high,no,5,contains:판매,kept from draft; no stronger correction rule
"전직 사무용품 대여원, 현재 구직중",1,1e-06,0.999899,unemployed,??/?????,kept:contains:구직중,high,no,unemployed,contains:구직중,employment-status bucket is immutable
"전직 방송케이블 설치 및 수리원, 현재 구직중",1,1e-06,0.9999,unemployed,??/?????,kept:contains:구직중,high,no,unemployed,contains:구직중,employment-status bucket is immutable
"전직 지리 정보 시스템 전문가, 현재 구직중",1,1e-06,0.999901,unemployed,??/?????,kept:contains:구직중,high,no,unemployed,contains:구직중,employment-status bucket is immutable
"전직 그 외 도장기 조작원, 현재 구직중",1,1e-06,0.999902,unemployed,??/?????,kept:contains:구직중,high,no,unemployed,contains:구직중,employment-status bucket is immutable
"전직 양장 제조원, 현재 구직중",1,1e-06,0.999903,unemployed,??/?????,kept:contains:구직중,high,no,unemployed,contains:구직중,employment-status bucket is immutable
"전직 고무 및 플라스틱 시험원, 현재 구직중",1,1e-06,0.999904,unemployed,??/?????,kept:contains:구직중,high,no,unemployed,contains:구직중,employment-status bucket is immutable
"전직 판사, 현재 구직중",1,1e-06,0.999905,unemployed,??/?????,kept:contains:구직중,high,no,unemployed,contains:구직중,employment-status bucket is immutable
"전직 도시 계획 및 설계가, 현재 구직중",1,1e-06,0.999906,unemployed,??/?????,kept:contains:구직중,high,no,unemployed,contains:구직중,employment-status bucket is immutable
"전직 그 외 오락시설 서비스원, 현재 구직중",1,1e-06,0.999907,unemployed,??/?????,kept:contains:구직중,high,no,unemployed,contains:구직중,employment-status bucket is immutable
"전직 지중 전력설비 전기원, 현재 구직중",1,1e-06,0.999908,unemployed,??/?????,kept:contains:구직중,high,no,unemployed,contains:구직중,employment-status bucket is immutable
"전직 오프셋인쇄기 조작원, 현재 구직중",1,1e-06,0.999909,unemployed,??/?????,kept:contains:구직중,high,no,unemployed,contains:구직중,employment-status bucket is immutable
"전직 공공 기관 임원, 현재 구직중",1,1e-06,0.99991,unemployed,??/?????,kept:contains:구직중,high,no,unemployed,contains:구직중,employment-status bucket is immutable
리포터,1,1e-06,0.999911,2,??? ? ?? ???,v3fix:arts/media/education professional,medium,yes,other,no_rule,manual cleanup of low-confidence fallback
"전직 주차 안내원, 현재 구직중",1,1e-06,0.999912,unemployed,??/?????,kept:contains:구직중,high,no,unemployed,contains:구직중,employment-status bucket is immutable
"전직 고무제품 조립원, 현재 구직중",1,1e-06,0.999913,unemployed,??/?????,kept:contains:구직중,high,no,unemployed,contains:구직중,employment-status bucket is immutable
"전직 보도블록 설치원, 현재 구직중",1,1e-06,0.999914,unemployed,??/?????,kept:contains:구직중,high,no,unemployed,contains:구직중,employment-status bucket is immutable
"전직 반려동물 훈련사, 현재 구직중",1,1e-06,0.999915,unemployed,??/?????,kept:contains:구직중,high,no,unemployed,contains:구직중,employment-status bucket is immutable
"전직 가죽 패턴사, 현재 구직중",1,1e-06,0.999916,unemployed,??/?????,kept:contains:구직중,high,no,unemployed,contains:구직중,employment-status bucket is immutable
"전직 토목구조 설계 기술자, 현재 구직중",1,1e-06,0.999917,unemployed,??/?????,kept:contains:구직중,high,no,unemployed,contains:구직중,employment-status bucket is immutable
"전직 중·고등학교 교장 및 교감, 현재 구직중",1,1e-06,0.999918,unemployed,??/?????,kept:contains:구직중,high,no,unemployed,contains:구직중,employment-status bucket is immutable
"전직 여행 상품 개발자, 현재 구직중",1,1e-06,0.999919,unemployed,??/?????,kept:contains:구직중,high,no,unemployed,contains:구직중,employment-status bucket is immutable
"전직 해상운송 관련 관리자, 현재 구직중",1,1e-06,0.99992,unemployed,??/?????,kept:contains:구직중,high,no,unemployed,contains:구직중,employment-status bucket is immutable
"전직 활자 디자이너, 현재 구직중",1,1e-06,0.999921,unemployed,??/?????,kept:contains:구직중,high,no,unemployed,contains:구직중,employment-status bucket is immutable
"전직 의학 연구원, 현재 구직중",1,1e-06,0.999922,unemployed,??/?????,kept:contains:구직중,high,no,unemployed,contains:구직중,employment-status bucket is immutable
"전직 로봇공학 시험원, 현재 구직중",1,1e-06,0.999923,unemployed,??/?????,kept:contains:구직중,high,no,unemployed,contains:구직중,employment-status bucket is immutable
"전직 화력발전장치 운전원, 현재 구직중",1,1e-06,0.999924,unemployed,??/?????,kept:contains:구직중,high,no,unemployed,contains:구직중,employment-status bucket is immutable
판촉원,1,1e-06,0.999925,5,?? ???,v3fix:final low cleanup,medium,yes,other,no_rule,manual cleanup of remaining tiny-tail fallback
"전직 농업기계 조립원, 현재 구직중",1,1e-06,0.999926,unemployed,??/?????,kept:contains:구직중,high,no,unemployed,contains:구직중,employment-status bucket is immutable
"전직 직물 디자이너, 현재 구직중",1,1e-06,0.999927,unemployed,??/?????,kept:contains:구직중,high,no,unemployed,contains:구직중,employment-status bucket is immutable
"전직 광업용 기계 설치 및 정비원, 현재 구직중",1,1e-06,0.999928,unemployed,??/?????,kept:contains:구직중,high,no,unemployed,contains:구직중,employment-status bucket is immutable
"전직 산부인과 전문 의사, 현재 구직중",1,1e-06,0.999929,unemployed,??/?????,kept:contains:구직중,high,no,unemployed,contains:구직중,employment-status bucket is immutable
"전직 무대의상 관리원, 현재 구직중",1,1e-06,0.99993,unemployed,??/?????,kept:contains:구직중,high,no,unemployed,contains:구직중,employment-status bucket is immutable
"전직 토양 환경 기술자 및 연구원, 현재 구직중",1,1e-06,0.999931,unemployed,??/?????,kept:contains:구직중,high,no,unemployed,contains:구직중,employment-status bucket is immutable
"전직 한복 제조원, 현재 구직중",1,1e-06,0.999932,unemployed,??/?????,kept:contains:구직중,high,no,unemployed,contains:구직중,employment-status bucket is immutable
"전직 삽화가, 현재 구직중",1,1e-06,0.999933,unemployed,??/?????,kept:contains:구직중,high,no,unemployed,contains:구직중,employment-status bucket is immutable
"전직 사회복지 관련 관리자, 현재 구직중",1,1e-06,0.999934,unemployed,??/?????,kept:contains:구직중,high,no,unemployed,contains:구직중,employment-status bucket is immutable
"전직 그 외 수선원, 현재 구직중",1,1e-06,0.999935,unemployed,??/?????,kept:contains:구직중,high,no,unemployed,contains:구직중,employment-status bucket is immutable
"전직 낙농품가공 기계 조작원, 현재 구직중",1,1e-06,0.999936,unemployed,??/?????,kept:contains:구직중,high,no,unemployed,contains:구직중,employment-status bucket is immutable
"전직 조경 관련 관리자, 현재 구직중",1,1e-06,0.999937,unemployed,??/?????,kept:contains:구직중,high,no,unemployed,contains:구직중,employment-status bucket is immutable
"전직 공장 전기 및 전자설비 조작원, 현재 구직중",1,1e-06,0.999938,unemployed,??/?????,kept:contains:구직중,high,no,unemployed,contains:구직중,employment-status bucket is immutable
"전직 신발 제조기 조작원 및 조립원, 현재 구직중",1,1e-06,0.999939,unemployed,??/?????,kept:contains:구직중,high,no,unemployed,contains:구직중,employment-status bucket is immutable
"전직 콘크리트 믹서 트럭 운전원, 현재 구직중",1,1e-06,0.99994,unemployed,??/?????,kept:contains:구직중,high,no,unemployed,contains:구직중,employment-status bucket is immutable
"전직 자동차 판금 정비원, 현재 구직중",1,1e-06,0.999941,unemployed,??/?????,kept:contains:구직중,high,no,unemployed,contains:구직중,employment-status bucket is immutable
"전직 집행관, 현재 구직중",1,1e-06,0.999942,unemployed,??/?????,kept:contains:구직중,high,no,unemployed,contains:구직중,employment-status bucket is immutable
"전직 선박 배관공, 현재 구직중",1,1e-06,0.999943,unemployed,??/?????,kept:contains:구직중,high,no,unemployed,contains:구직중,employment-status bucket is immutable
"전직 건설자재 시험원, 현재 구직중",1,1e-06,0.999944,unemployed,??/?????,kept:contains:구직중,high,no,unemployed,contains:구직중,employment-status bucket is immutable
"전직 판지 라이닝기 조작원, 현재 구직중",1,1e-06,0.999945,unemployed,??/?????,kept:contains:구직중,high,no,unemployed,contains:구직중,employment-status bucket is immutable
"전직 목형원, 현재 구직중",1,1e-06,0.999946,unemployed,??/?????,kept:contains:구직중,high,no,unemployed,contains:구직중,employment-status bucket is immutable
"전직 그 외 숙박시설 서비스원, 현재 구직중",1,1e-06,0.999947,unemployed,??/?????,kept:contains:구직중,high,no,unemployed,contains:구직중,employment-status bucket is immutable
"전직 그 외 재단사, 현재 구직중",1,1e-06,0.999948,unemployed,??/?????,kept:contains:구직중,high,no,unemployed,contains:구직중,employment-status bucket is immutable
"전직 화훼작물 재배원, 현재 구직중",1,1e-06,0.999949,unemployed,??/?????,kept:contains:구직중,high,no,unemployed,contains:구직중,employment-status bucket is immutable
"전직 섬유기계 설치 및 정비원, 현재 구직중",1,1e-06,0.99995,unemployed,??/?????,kept:contains:구직중,high,no,unemployed,contains:구직중,employment-status bucket is immutable
"전직 그 외 정보 통신 관련 관리자, 현재 구직중",1,1e-06,0.999951,unemployed,??/?????,kept:contains:구직중,high,no,unemployed,contains:구직중,employment-status bucket is immutable
"전직 선장, 현재 구직중",1,1e-06,0.999952,unemployed,??/?????,kept:contains:구직중,high,no,unemployed,contains:구직중,employment-status bucket is immutable
"전직 비알코올성 음료 제조기 조작원, 현재 구직중",1,1e-06,0.999953,unemployed,??/?????,kept:contains:구직중,high,no,unemployed,contains:구직중,employment-status bucket is immutable
"전직 건축가, 현재 구직중",1,1e-06,0.999954,unemployed,??/?????,kept:contains:구직중,high,no,unemployed,contains:구직중,employment-status bucket is immutable
"전직 학예사, 현재 구직중",1,1e-06,0.999955,unemployed,??/?????,kept:contains:구직중,high,no,unemployed,contains:구직중,employment-status bucket is immutable
"전직 정수 처리 장치 조작원, 현재 구직중",1,1e-06,0.999956,unemployed,??/?????,kept:contains:구직중,high,no,unemployed,contains:구직중,employment-status bucket is immutable
"전직 지게차 정비원, 현재 구직중",1,1e-06,0.999957,unemployed,??/?????,kept:contains:구직중,high,no,unemployed,contains:구직중,employment-status bucket is immutable
"전직 수도 관련 관리자, 현재 구직중",1,1e-06,0.999958,unemployed,??/?????,kept:contains:구직중,high,no,unemployed,contains:구직중,employment-status bucket is immutable
"전직 자재 및 구매 관리자, 현재 구직중",1,1e-06,0.999959,unemployed,??/?????,kept:contains:구직중,high,no,unemployed,contains:구직중,employment-status bucket is immutable
"전직 일반 한의사, 현재 구직중",1,1e-06,0.99996,unemployed,??/?????,kept:contains:구직중,high,no,unemployed,contains:구직중,employment-status bucket is immutable
"전직 혼례 종사원, 현재 구직중",1,1e-06,0.999961,unemployed,??/?????,kept:contains:구직중,high,no,unemployed,contains:구직중,employment-status bucket is immutable
"전직 내수면 어부, 현재 구직중",1,1e-06,0.999962,unemployed,??/?????,kept:contains:구직중,high,no,unemployed,contains:구직중,employment-status bucket is immutable
"전직 언론학 연구원, 현재 구직중",1,1e-06,0.999963,unemployed,??/?????,kept:contains:구직중,high,no,unemployed,contains:구직중,employment-status bucket is immutable
"전직 그 외 배관공, 현재 구직중",1,1e-06,0.999964,unemployed,??/?????,kept:contains:구직중,high,no,unemployed,contains:구직중,employment-status bucket is immutable
동물 부화원,1,1e-06,0.999965,6,????? ?? ???,v3fix:final low cleanup,medium,yes,other,no_rule,manual cleanup of remaining tiny-tail fallback
"전직 점화·발파 및 화약 관리원, 현재 구직중",1,1e-06,0.999966,unemployed,??/?????,kept:contains:구직중,high,no,unemployed,contains:구직중,employment-status bucket is immutable
"전직 벽돌 및 타일 생산기 조작원, 현재 구직중",1,1e-06,0.999967,unemployed,??/?????,kept:contains:구직중,high,no,unemployed,contains:구직중,employment-status bucket is immutable
"전직 기계제품 생산 관리자, 현재 구직중",1,1e-06,0.999968,unemployed,??/?????,kept:contains:구직중,high,no,unemployed,contains:구직중,employment-status bucket is immutable
"전직 전동차 정비원, 현재 구직중",1,1e-06,0.999969,unemployed,??/?????,kept:contains:구직중,high,no,unemployed,contains:구직중,employment-status bucket is immutable
"전직 섬유 제조 기계 조작원, 현재 구직중",1,1e-06,0.99997,unemployed,??/?????,kept:contains:구직중,high,no,unemployed,contains:구직중,employment-status bucket is immutable
"전직 목재처리기 조작원, 현재 구직중",1,1e-06,0.999971,unemployed,??/?????,kept:contains:구직중,high,no,unemployed,contains:구직중,employment-status bucket is immutable
"전직 비파괴 검사원, 현재 구직중",1,1e-06,0.999972,unemployed,??/?????,kept:contains:구직중,high,no,unemployed,contains:구직중,employment-status bucket is immutable
"전직 전문 한의사, 현재 구직중",1,1e-06,0.999973,unemployed,??/?????,kept:contains:구직중,high,no,unemployed,contains:구직중,employment-status bucket is immutable
"전직 종이 제조 장치 조작원, 현재 구직중",1,1e-06,0.999974,unemployed,??/?????,kept:contains:구직중,high,no,unemployed,contains:구직중,employment-status bucket is immutable
"전직 광석 및 금속용광로 조작원, 현재 구직중",1,1e-06,0.999975,unemployed,??/?????,kept:contains:구직중,high,no,unemployed,contains:구직중,employment-status bucket is immutable
"전직 물리학 연구원, 현재 구직중",1,1e-06,0.999976,unemployed,??/?????,kept:contains:구직중,high,no,unemployed,contains:구직중,employment-status bucket is immutable
"전직 임상병리사, 현재 구직중",1,1e-06,0.999977,unemployed,??/?????,kept:contains:구직중,high,no,unemployed,contains:구직중,employment-status bucket is immutable
"전직 건축구조 기술자, 현재 구직중",1,1e-06,0.999978,unemployed,??/?????,kept:contains:구직중,high,no,unemployed,contains:구직중,employment-status bucket is immutable
"전직 교육학 연구원, 현재 구직중",1,1e-06,0.999979,unemployed,??/?????,kept:contains:구직중,high,no,unemployed,contains:구직중,employment-status bucket is immutable
"전직 영상의학과 및 병리과 전문 의사, 현재 구직중",1,1e-06,0.99998,unemployed,??/?????,kept:contains:구직중,high,no,unemployed,contains:구직중,employment-status bucket is immutable
"전직 자동차 튜닝원, 현재 구직중",1,1e-06,0.999981,unemployed,??/?????,kept:contains:구직중,high,no,unemployed,contains:구직중,employment-status bucket is immutable
"전직 조선공학 기술자 및 연구원, 현재 구직중",1,1e-06,0.999982,unemployed,??/?????,kept:contains:구직중,high,no,unemployed,contains:구직중,employment-status bucket is immutable
"전직 환경 영향 평가원, 현재 구직중",1,1e-06,0.999983,unemployed,??/?????,kept:contains:구직중,high,no,unemployed,contains:구직중,employment-status bucket is immutable
"전직 지도 제작 기술자, 현재 구직중",1,1e-06,0.999984,unemployed,??/?????,kept:contains:구직중,high,no,unemployed,contains:구직중,employment-status bucket is immutable
"전직 선박 객실 승무원, 현재 구직중",1,1e-06,0.999985,unemployed,??/?????,kept:contains:구직중,high,no,unemployed,contains:구직중,employment-status bucket is immutable
"전직 지구 및 기상 과학 시험원, 현재 구직중",1,1e-06,0.999986,unemployed,??/?????,kept:contains:구직중,high,no,unemployed,contains:구직중,employment-status bucket is immutable
"전직 여행 관련 관리자, 현재 구직중",1,1e-06,0.999987,unemployed,??/?????,kept:contains:구직중,high,no,unemployed,contains:구직중,employment-status bucket is immutable
"전직 원유 처리 장치 조작원, 현재 구직중",1,1e-06,0.999988,unemployed,??/?????,kept:contains:구직중,high,no,unemployed,contains:구직중,employment-status bucket is immutable
"전직 수학 교사, 현재 구직중",1,1e-06,0.999989,unemployed,??/?????,kept:contains:구직중,high,no,unemployed,contains:구직중,employment-status bucket is immutable
"전직 자연과학·수학 및 통계학 교수, 현재 구직중",1,1e-06,0.99999,unemployed,??/?????,kept:contains:구직중,high,no,unemployed,contains:구직중,employment-status bucket is immutable
"전직 정부행정 전문가, 현재 구직중",1,1e-06,0.999991,unemployed,??/?????,kept:contains:구직중,high,no,unemployed,contains:구직중,employment-status bucket is immutable
"전직 전도사, 현재 구직중",1,1e-06,0.999992,unemployed,??/?????,kept:contains:구직중,high,no,unemployed,contains:구직중,employment-status bucket is immutable
"전직 그 외 매표원 및 복권 판매원, 현재 구직중",1,1e-06,0.999993,unemployed,??/?????,kept:contains:구직중,high,no,unemployed,contains:구직중,employment-status bucket is immutable
"전직 만화가, 현재 구직중",1,1e-06,0.999994,unemployed,??/?????,kept:contains:구직중,high,no,unemployed,contains:구직중,employment-status bucket is immutable
"전직 그 외 연구 관리자, 현재 구직중",1,1e-06,0.999995,unemployed,??/?????,kept:contains:구직중,high,no,unemployed,contains:구직중,employment-status bucket is immutable
"전직 국악 연주가, 현재 구직중",1,1e-06,0.999996,unemployed,??/?????,kept:contains:구직중,high,no,unemployed,contains:구직중,employment-status bucket is immutable
"전직 모피 및 가죽 의복 제조원, 현재 구직중",1,1e-06,0.999997,unemployed,??/?????,kept:contains:구직중,high,no,unemployed,contains:구직중,employment-status bucket is immutable
"전직 기록물 관리사, 현재 구직중",1,1e-06,0.999998,unemployed,??/?????,kept:contains:구직중,high,no,unemployed,contains:구직중,employment-status bucket is immutable
"전직 공업기계 조립원, 현재 구직중",1,1e-06,0.999999,unemployed,??/?????,kept:contains:구직중,high,no,unemployed,contains:구직중,employment-status bucket is immutable
"전직 부동산 및 임대업 관리자, 현재 구직중",1,1e-06,1.0,unemployed,??/?????,kept:contains:구직중,high,no,unemployed,contains:구직중,employment-status bucket is immutable
